[   87811ms] [ERROR] ./Desktop/I-Product/skillhub/src/app/[locale]/page.tsx:5:1
Module not found: Can't resolve '@/components/RetroTerminal'
  3 | import SkillGrid from "@/components/SkillGrid";
  4 | import RetroComputer from "@/components/RetroComputer";
> 5 | import RetroTerminal from "@/components/RetroTerminal";
    | ^^^^^^^^^^^^^^^^^^^^^^^^^^^^^^^^^^^^^^^^^^^^^^^^^^^^^^^
  6 | import { getAllSkills } from "@/lib/skills";
  7 | import { isValidLocale, type Locale } from "@/i18n/config";
  8 | import { getDictionary } from "@/i18n/get-dictionary";

Import map: aliased to relative './src/components/RetroTerminal' inside of [project]/Desktop/I-Product/skillhub

https://nextjs.org/docs/messages/module-not-found @ http://localhost:3000/_next/static/chunks/c2fc1_next_dist_03d21e83._.js:3127
[   87970ms] [ERROR] ./Desktop/I-Product/skillhub/src/app/[locale]/page.tsx:5:1
Module not found: Can't resolve '@/components/RetroTerminal'
  3 | import SkillGrid from "@/components/SkillGrid";
  4 | import RetroComputer from "@/components/RetroComputer";
> 5 | import RetroTerminal from "@/components/RetroTerminal";
    | ^^^^^^^^^^^^^^^^^^^^^^^^^^^^^^^^^^^^^^^^^^^^^^^^^^^^^^^
  6 | import { getAllSkills } from "@/lib/skills";
  7 | import { isValidLocale, type Locale } from "@/i18n/config";
  8 | import { getDictionary } from "@/i18n/get-dictionary";

Import map: aliased to relative './src/components/RetroTerminal' inside of [project]/Desktop/I-Product/skillhub

https://nextjs.org/docs/messages/module-not-found @ http://localhost:3000/_next/static/chunks/c2fc1_next_dist_03d21e83._.js:3127
[   88097ms] [ERROR] ./Desktop/I-Product/skillhub/src/app/[locale]/page.tsx:5:1
Module not found: Can't resolve '@/components/RetroTerminal'
  3 | import SkillGrid from "@/components/SkillGrid";
  4 | import RetroComputer from "@/components/RetroComputer";
> 5 | import RetroTerminal from "@/components/RetroTerminal";
    | ^^^^^^^^^^^^^^^^^^^^^^^^^^^^^^^^^^^^^^^^^^^^^^^^^^^^^^^
  6 | import { getAllSkills } from "@/lib/skills";
  7 | import { isValidLocale, type Locale } from "@/i18n/config";
  8 | import { getDictionary } from "@/i18n/get-dictionary";

Import map: aliased to relative './src/components/RetroTerminal' inside of [project]/Desktop/I-Product/skillhub

https://nextjs.org/docs/messages/module-not-found @ http://localhost:3000/_next/static/chunks/c2fc1_next_dist_03d21e83._.js:3127
[   88148ms] [ERROR] ./Desktop/I-Product/skillhub/src/app/[locale]/page.tsx:5:1
Module not found: Can't resolve '@/components/RetroTerminal'
  3 | import SkillGrid from "@/components/SkillGrid";
  4 | import RetroComputer from "@/components/RetroComputer";
> 5 | import RetroTerminal from "@/components/RetroTerminal";
    | ^^^^^^^^^^^^^^^^^^^^^^^^^^^^^^^^^^^^^^^^^^^^^^^^^^^^^^^
  6 | import { getAllSkills } from "@/lib/skills";
  7 | import { isValidLocale, type Locale } from "@/i18n/config";
  8 | import { getDictionary } from "@/i18n/get-dictionary";

Import map: aliased to relative './src/components/RetroTerminal' inside of [project]/Desktop/I-Product/skillhub

https://nextjs.org/docs/messages/module-not-found @ http://localhost:3000/_next/static/chunks/c2fc1_next_dist_03d21e83._.js:3127
[   88200ms] [ERROR] ./Desktop/I-Product/skillhub/src/app/[locale]/page.tsx:5:1
Module not found: Can't resolve '@/components/RetroTerminal'
  3 | import SkillGrid from "@/components/SkillGrid";
  4 | import RetroComputer from "@/components/RetroComputer";
> 5 | import RetroTerminal from "@/components/RetroTerminal";
    | ^^^^^^^^^^^^^^^^^^^^^^^^^^^^^^^^^^^^^^^^^^^^^^^^^^^^^^^
  6 | import { getAllSkills } from "@/lib/skills";
  7 | import { isValidLocale, type Locale } from "@/i18n/config";
  8 | import { getDictionary } from "@/i18n/get-dictionary";

Import map: aliased to relative './src/components/RetroTerminal' inside of [project]/Desktop/I-Product/skillhub

https://nextjs.org/docs/messages/module-not-found @ http://localhost:3000/_next/static/chunks/c2fc1_next_dist_03d21e83._.js:3127
[   88252ms] [ERROR] ./Desktop/I-Product/skillhub/src/app/[locale]/page.tsx:5:1
Module not found: Can't resolve '@/components/RetroTerminal'
  3 | import SkillGrid from "@/components/SkillGrid";
  4 | import RetroComputer from "@/components/RetroComputer";
> 5 | import RetroTerminal from "@/components/RetroTerminal";
    | ^^^^^^^^^^^^^^^^^^^^^^^^^^^^^^^^^^^^^^^^^^^^^^^^^^^^^^^
  6 | import { getAllSkills } from "@/lib/skills";
  7 | import { isValidLocale, type Locale } from "@/i18n/config";
  8 | import { getDictionary } from "@/i18n/get-dictionary";

Import map: aliased to relative './src/components/RetroTerminal' inside of [project]/Desktop/I-Product/skillhub

https://nextjs.org/docs/messages/module-not-found @ http://localhost:3000/_next/static/chunks/c2fc1_next_dist_03d21e83._.js:3127
[   88306ms] [ERROR] ./Desktop/I-Product/skillhub/src/app/[locale]/page.tsx:5:1
Module not found: Can't resolve '@/components/RetroTerminal'
  3 | import SkillGrid from "@/components/SkillGrid";
  4 | import RetroComputer from "@/components/RetroComputer";
> 5 | import RetroTerminal from "@/components/RetroTerminal";
    | ^^^^^^^^^^^^^^^^^^^^^^^^^^^^^^^^^^^^^^^^^^^^^^^^^^^^^^^
  6 | import { getAllSkills } from "@/lib/skills";
  7 | import { isValidLocale, type Locale } from "@/i18n/config";
  8 | import { getDictionary } from "@/i18n/get-dictionary";

Import map: aliased to relative './src/components/RetroTerminal' inside of [project]/Desktop/I-Product/skillhub

https://nextjs.org/docs/messages/module-not-found @ http://localhost:3000/_next/static/chunks/c2fc1_next_dist_03d21e83._.js:3127
[   88354ms] [ERROR] ./Desktop/I-Product/skillhub/src/app/[locale]/page.tsx:5:1
Module not found: Can't resolve '@/components/RetroTerminal'
  3 | import SkillGrid from "@/components/SkillGrid";
  4 | import RetroComputer from "@/components/RetroComputer";
> 5 | import RetroTerminal from "@/components/RetroTerminal";
    | ^^^^^^^^^^^^^^^^^^^^^^^^^^^^^^^^^^^^^^^^^^^^^^^^^^^^^^^
  6 | import { getAllSkills } from "@/lib/skills";
  7 | import { isValidLocale, type Locale } from "@/i18n/config";
  8 | import { getDictionary } from "@/i18n/get-dictionary";

Import map: aliased to relative './src/components/RetroTerminal' inside of [project]/Desktop/I-Product/skillhub

https://nextjs.org/docs/messages/module-not-found @ http://localhost:3000/_next/static/chunks/c2fc1_next_dist_03d21e83._.js:3127
[   88406ms] [ERROR] ./Desktop/I-Product/skillhub/src/app/[locale]/page.tsx:5:1
Module not found: Can't resolve '@/components/RetroTerminal'
  3 | import SkillGrid from "@/components/SkillGrid";
  4 | import RetroComputer from "@/components/RetroComputer";
> 5 | import RetroTerminal from "@/components/RetroTerminal";
    | ^^^^^^^^^^^^^^^^^^^^^^^^^^^^^^^^^^^^^^^^^^^^^^^^^^^^^^^
  6 | import { getAllSkills } from "@/lib/skills";
  7 | import { isValidLocale, type Locale } from "@/i18n/config";
  8 | import { getDictionary } from "@/i18n/get-dictionary";

Import map: aliased to relative './src/components/RetroTerminal' inside of [project]/Desktop/I-Product/skillhub

https://nextjs.org/docs/messages/module-not-found @ http://localhost:3000/_next/static/chunks/c2fc1_next_dist_03d21e83._.js:3127
[   88455ms] [ERROR] ./Desktop/I-Product/skillhub/src/app/[locale]/page.tsx:5:1
Module not found: Can't resolve '@/components/RetroTerminal'
  3 | import SkillGrid from "@/components/SkillGrid";
  4 | import RetroComputer from "@/components/RetroComputer";
> 5 | import RetroTerminal from "@/components/RetroTerminal";
    | ^^^^^^^^^^^^^^^^^^^^^^^^^^^^^^^^^^^^^^^^^^^^^^^^^^^^^^^
  6 | import { getAllSkills } from "@/lib/skills";
  7 | import { isValidLocale, type Locale } from "@/i18n/config";
  8 | import { getDictionary } from "@/i18n/get-dictionary";

Import map: aliased to relative './src/components/RetroTerminal' inside of [project]/Desktop/I-Product/skillhub

https://nextjs.org/docs/messages/module-not-found @ http://localhost:3000/_next/static/chunks/c2fc1_next_dist_03d21e83._.js:3127
[   88505ms] [ERROR] ./Desktop/I-Product/skillhub/src/app/[locale]/page.tsx:5:1
Module not found: Can't resolve '@/components/RetroTerminal'
  3 | import SkillGrid from "@/components/SkillGrid";
  4 | import RetroComputer from "@/components/RetroComputer";
> 5 | import RetroTerminal from "@/components/RetroTerminal";
    | ^^^^^^^^^^^^^^^^^^^^^^^^^^^^^^^^^^^^^^^^^^^^^^^^^^^^^^^
  6 | import { getAllSkills } from "@/lib/skills";
  7 | import { isValidLocale, type Locale } from "@/i18n/config";
  8 | import { getDictionary } from "@/i18n/get-dictionary";

Import map: aliased to relative './src/components/RetroTerminal' inside of [project]/Desktop/I-Product/skillhub

https://nextjs.org/docs/messages/module-not-found @ http://localhost:3000/_next/static/chunks/c2fc1_next_dist_03d21e83._.js:3127
[   88554ms] [ERROR] ./Desktop/I-Product/skillhub/src/app/[locale]/page.tsx:5:1
Module not found: Can't resolve '@/components/RetroTerminal'
  3 | import SkillGrid from "@/components/SkillGrid";
  4 | import RetroComputer from "@/components/RetroComputer";
> 5 | import RetroTerminal from "@/components/RetroTerminal";
    | ^^^^^^^^^^^^^^^^^^^^^^^^^^^^^^^^^^^^^^^^^^^^^^^^^^^^^^^
  6 | import { getAllSkills } from "@/lib/skills";
  7 | import { isValidLocale, type Locale } from "@/i18n/config";
  8 | import { getDictionary } from "@/i18n/get-dictionary";

Import map: aliased to relative './src/components/RetroTerminal' inside of [project]/Desktop/I-Product/skillhub

https://nextjs.org/docs/messages/module-not-found @ http://localhost:3000/_next/static/chunks/c2fc1_next_dist_03d21e83._.js:3127
[   88603ms] [ERROR] ./Desktop/I-Product/skillhub/src/app/[locale]/page.tsx:5:1
Module not found: Can't resolve '@/components/RetroTerminal'
  3 | import SkillGrid from "@/components/SkillGrid";
  4 | import RetroComputer from "@/components/RetroComputer";
> 5 | import RetroTerminal from "@/components/RetroTerminal";
    | ^^^^^^^^^^^^^^^^^^^^^^^^^^^^^^^^^^^^^^^^^^^^^^^^^^^^^^^
  6 | import { getAllSkills } from "@/lib/skills";
  7 | import { isValidLocale, type Locale } from "@/i18n/config";
  8 | import { getDictionary } from "@/i18n/get-dictionary";

Import map: aliased to relative './src/components/RetroTerminal' inside of [project]/Desktop/I-Product/skillhub

https://nextjs.org/docs/messages/module-not-found @ http://localhost:3000/_next/static/chunks/c2fc1_next_dist_03d21e83._.js:3127
[   88654ms] [ERROR] ./Desktop/I-Product/skillhub/src/app/[locale]/page.tsx:5:1
Module not found: Can't resolve '@/components/RetroTerminal'
  3 | import SkillGrid from "@/components/SkillGrid";
  4 | import RetroComputer from "@/components/RetroComputer";
> 5 | import RetroTerminal from "@/components/RetroTerminal";
    | ^^^^^^^^^^^^^^^^^^^^^^^^^^^^^^^^^^^^^^^^^^^^^^^^^^^^^^^
  6 | import { getAllSkills } from "@/lib/skills";
  7 | import { isValidLocale, type Locale } from "@/i18n/config";
  8 | import { getDictionary } from "@/i18n/get-dictionary";

Import map: aliased to relative './src/components/RetroTerminal' inside of [project]/Desktop/I-Product/skillhub

https://nextjs.org/docs/messages/module-not-found @ http://localhost:3000/_next/static/chunks/c2fc1_next_dist_03d21e83._.js:3127
[   88704ms] [ERROR] ./Desktop/I-Product/skillhub/src/app/[locale]/page.tsx:5:1
Module not found: Can't resolve '@/components/RetroTerminal'
  3 | import SkillGrid from "@/components/SkillGrid";
  4 | import RetroComputer from "@/components/RetroComputer";
> 5 | import RetroTerminal from "@/components/RetroTerminal";
    | ^^^^^^^^^^^^^^^^^^^^^^^^^^^^^^^^^^^^^^^^^^^^^^^^^^^^^^^
  6 | import { getAllSkills } from "@/lib/skills";
  7 | import { isValidLocale, type Locale } from "@/i18n/config";
  8 | import { getDictionary } from "@/i18n/get-dictionary";

Import map: aliased to relative './src/components/RetroTerminal' inside of [project]/Desktop/I-Product/skillhub

https://nextjs.org/docs/messages/module-not-found @ http://localhost:3000/_next/static/chunks/c2fc1_next_dist_03d21e83._.js:3127
[   88754ms] [ERROR] ./Desktop/I-Product/skillhub/src/app/[locale]/page.tsx:5:1
Module not found: Can't resolve '@/components/RetroTerminal'
  3 | import SkillGrid from "@/components/SkillGrid";
  4 | import RetroComputer from "@/components/RetroComputer";
> 5 | import RetroTerminal from "@/components/RetroTerminal";
    | ^^^^^^^^^^^^^^^^^^^^^^^^^^^^^^^^^^^^^^^^^^^^^^^^^^^^^^^
  6 | import { getAllSkills } from "@/lib/skills";
  7 | import { isValidLocale, type Locale } from "@/i18n/config";
  8 | import { getDictionary } from "@/i18n/get-dictionary";

Import map: aliased to relative './src/components/RetroTerminal' inside of [project]/Desktop/I-Product/skillhub

https://nextjs.org/docs/messages/module-not-found @ http://localhost:3000/_next/static/chunks/c2fc1_next_dist_03d21e83._.js:3127
[   88804ms] [ERROR] ./Desktop/I-Product/skillhub/src/app/[locale]/page.tsx:5:1
Module not found: Can't resolve '@/components/RetroTerminal'
  3 | import SkillGrid from "@/components/SkillGrid";
  4 | import RetroComputer from "@/components/RetroComputer";
> 5 | import RetroTerminal from "@/components/RetroTerminal";
    | ^^^^^^^^^^^^^^^^^^^^^^^^^^^^^^^^^^^^^^^^^^^^^^^^^^^^^^^
  6 | import { getAllSkills } from "@/lib/skills";
  7 | import { isValidLocale, type Locale } from "@/i18n/config";
  8 | import { getDictionary } from "@/i18n/get-dictionary";

Import map: aliased to relative './src/components/RetroTerminal' inside of [project]/Desktop/I-Product/skillhub

https://nextjs.org/docs/messages/module-not-found @ http://localhost:3000/_next/static/chunks/c2fc1_next_dist_03d21e83._.js:3127
[   88863ms] [ERROR] ./Desktop/I-Product/skillhub/src/app/[locale]/page.tsx:5:1
Module not found: Can't resolve '@/components/RetroTerminal'
  3 | import SkillGrid from "@/components/SkillGrid";
  4 | import RetroComputer from "@/components/RetroComputer";
> 5 | import RetroTerminal from "@/components/RetroTerminal";
    | ^^^^^^^^^^^^^^^^^^^^^^^^^^^^^^^^^^^^^^^^^^^^^^^^^^^^^^^
  6 | import { getAllSkills } from "@/lib/skills";
  7 | import { isValidLocale, type Locale } from "@/i18n/config";
  8 | import { getDictionary } from "@/i18n/get-dictionary";

Import map: aliased to relative './src/components/RetroTerminal' inside of [project]/Desktop/I-Product/skillhub

https://nextjs.org/docs/messages/module-not-found @ http://localhost:3000/_next/static/chunks/c2fc1_next_dist_03d21e83._.js:3127
[   88916ms] [ERROR] ./Desktop/I-Product/skillhub/src/app/[locale]/page.tsx:5:1
Module not found: Can't resolve '@/components/RetroTerminal'
  3 | import SkillGrid from "@/components/SkillGrid";
  4 | import RetroComputer from "@/components/RetroComputer";
> 5 | import RetroTerminal from "@/components/RetroTerminal";
    | ^^^^^^^^^^^^^^^^^^^^^^^^^^^^^^^^^^^^^^^^^^^^^^^^^^^^^^^
  6 | import { getAllSkills } from "@/lib/skills";
  7 | import { isValidLocale, type Locale } from "@/i18n/config";
  8 | import { getDictionary } from "@/i18n/get-dictionary";

Import map: aliased to relative './src/components/RetroTerminal' inside of [project]/Desktop/I-Product/skillhub

https://nextjs.org/docs/messages/module-not-found @ http://localhost:3000/_next/static/chunks/c2fc1_next_dist_03d21e83._.js:3127
[   88970ms] [ERROR] ./Desktop/I-Product/skillhub/src/app/[locale]/page.tsx:5:1
Module not found: Can't resolve '@/components/RetroTerminal'
  3 | import SkillGrid from "@/components/SkillGrid";
  4 | import RetroComputer from "@/components/RetroComputer";
> 5 | import RetroTerminal from "@/components/RetroTerminal";
    | ^^^^^^^^^^^^^^^^^^^^^^^^^^^^^^^^^^^^^^^^^^^^^^^^^^^^^^^
  6 | import { getAllSkills } from "@/lib/skills";
  7 | import { isValidLocale, type Locale } from "@/i18n/config";
  8 | import { getDictionary } from "@/i18n/get-dictionary";

Import map: aliased to relative './src/components/RetroTerminal' inside of [project]/Desktop/I-Product/skillhub

https://nextjs.org/docs/messages/module-not-found @ http://localhost:3000/_next/static/chunks/c2fc1_next_dist_03d21e83._.js:3127
[   89019ms] [ERROR] ./Desktop/I-Product/skillhub/src/app/[locale]/page.tsx:5:1
Module not found: Can't resolve '@/components/RetroTerminal'
  3 | import SkillGrid from "@/components/SkillGrid";
  4 | import RetroComputer from "@/components/RetroComputer";
> 5 | import RetroTerminal from "@/components/RetroTerminal";
    | ^^^^^^^^^^^^^^^^^^^^^^^^^^^^^^^^^^^^^^^^^^^^^^^^^^^^^^^
  6 | import { getAllSkills } from "@/lib/skills";
  7 | import { isValidLocale, type Locale } from "@/i18n/config";
  8 | import { getDictionary } from "@/i18n/get-dictionary";

Import map: aliased to relative './src/components/RetroTerminal' inside of [project]/Desktop/I-Product/skillhub

https://nextjs.org/docs/messages/module-not-found @ http://localhost:3000/_next/static/chunks/c2fc1_next_dist_03d21e83._.js:3127
[   89072ms] [ERROR] ./Desktop/I-Product/skillhub/src/app/[locale]/page.tsx:5:1
Module not found: Can't resolve '@/components/RetroTerminal'
  3 | import SkillGrid from "@/components/SkillGrid";
  4 | import RetroComputer from "@/components/RetroComputer";
> 5 | import RetroTerminal from "@/components/RetroTerminal";
    | ^^^^^^^^^^^^^^^^^^^^^^^^^^^^^^^^^^^^^^^^^^^^^^^^^^^^^^^
  6 | import { getAllSkills } from "@/lib/skills";
  7 | import { isValidLocale, type Locale } from "@/i18n/config";
  8 | import { getDictionary } from "@/i18n/get-dictionary";

Import map: aliased to relative './src/components/RetroTerminal' inside of [project]/Desktop/I-Product/skillhub

https://nextjs.org/docs/messages/module-not-found @ http://localhost:3000/_next/static/chunks/c2fc1_next_dist_03d21e83._.js:3127
[   89120ms] [ERROR] ./Desktop/I-Product/skillhub/src/app/[locale]/page.tsx:5:1
Module not found: Can't resolve '@/components/RetroTerminal'
  3 | import SkillGrid from "@/components/SkillGrid";
  4 | import RetroComputer from "@/components/RetroComputer";
> 5 | import RetroTerminal from "@/components/RetroTerminal";
    | ^^^^^^^^^^^^^^^^^^^^^^^^^^^^^^^^^^^^^^^^^^^^^^^^^^^^^^^
  6 | import { getAllSkills } from "@/lib/skills";
  7 | import { isValidLocale, type Locale } from "@/i18n/config";
  8 | import { getDictionary } from "@/i18n/get-dictionary";

Import map: aliased to relative './src/components/RetroTerminal' inside of [project]/Desktop/I-Product/skillhub

https://nextjs.org/docs/messages/module-not-found @ http://localhost:3000/_next/static/chunks/c2fc1_next_dist_03d21e83._.js:3127
[   89172ms] [ERROR] ./Desktop/I-Product/skillhub/src/app/[locale]/page.tsx:5:1
Module not found: Can't resolve '@/components/RetroTerminal'
  3 | import SkillGrid from "@/components/SkillGrid";
  4 | import RetroComputer from "@/components/RetroComputer";
> 5 | import RetroTerminal from "@/components/RetroTerminal";
    | ^^^^^^^^^^^^^^^^^^^^^^^^^^^^^^^^^^^^^^^^^^^^^^^^^^^^^^^
  6 | import { getAllSkills } from "@/lib/skills";
  7 | import { isValidLocale, type Locale } from "@/i18n/config";
  8 | import { getDictionary } from "@/i18n/get-dictionary";

Import map: aliased to relative './src/components/RetroTerminal' inside of [project]/Desktop/I-Product/skillhub

https://nextjs.org/docs/messages/module-not-found @ http://localhost:3000/_next/static/chunks/c2fc1_next_dist_03d21e83._.js:3127
[   89223ms] [ERROR] ./Desktop/I-Product/skillhub/src/app/[locale]/page.tsx:5:1
Module not found: Can't resolve '@/components/RetroTerminal'
  3 | import SkillGrid from "@/components/SkillGrid";
  4 | import RetroComputer from "@/components/RetroComputer";
> 5 | import RetroTerminal from "@/components/RetroTerminal";
    | ^^^^^^^^^^^^^^^^^^^^^^^^^^^^^^^^^^^^^^^^^^^^^^^^^^^^^^^
  6 | import { getAllSkills } from "@/lib/skills";
  7 | import { isValidLocale, type Locale } from "@/i18n/config";
  8 | import { getDictionary } from "@/i18n/get-dictionary";

Import map: aliased to relative './src/components/RetroTerminal' inside of [project]/Desktop/I-Product/skillhub

https://nextjs.org/docs/messages/module-not-found @ http://localhost:3000/_next/static/chunks/c2fc1_next_dist_03d21e83._.js:3127
[   89273ms] [ERROR] ./Desktop/I-Product/skillhub/src/app/[locale]/page.tsx:5:1
Module not found: Can't resolve '@/components/RetroTerminal'
  3 | import SkillGrid from "@/components/SkillGrid";
  4 | import RetroComputer from "@/components/RetroComputer";
> 5 | import RetroTerminal from "@/components/RetroTerminal";
    | ^^^^^^^^^^^^^^^^^^^^^^^^^^^^^^^^^^^^^^^^^^^^^^^^^^^^^^^
  6 | import { getAllSkills } from "@/lib/skills";
  7 | import { isValidLocale, type Locale } from "@/i18n/config";
  8 | import { getDictionary } from "@/i18n/get-dictionary";

Import map: aliased to relative './src/components/RetroTerminal' inside of [project]/Desktop/I-Product/skillhub

https://nextjs.org/docs/messages/module-not-found @ http://localhost:3000/_next/static/chunks/c2fc1_next_dist_03d21e83._.js:3127
[   89450ms] [ERROR] ./Desktop/I-Product/skillhub/src/app/[locale]/page.tsx:5:1
Module not found: Can't resolve '@/components/RetroTerminal'
  3 | import SkillGrid from "@/components/SkillGrid";
  4 | import RetroComputer from "@/components/RetroComputer";
> 5 | import RetroTerminal from "@/components/RetroTerminal";
    | ^^^^^^^^^^^^^^^^^^^^^^^^^^^^^^^^^^^^^^^^^^^^^^^^^^^^^^^
  6 | import { getAllSkills } from "@/lib/skills";
  7 | import { isValidLocale, type Locale } from "@/i18n/config";
  8 | import { getDictionary } from "@/i18n/get-dictionary";

Import map: aliased to relative './src/components/RetroTerminal' inside of [project]/Desktop/I-Product/skillhub

https://nextjs.org/docs/messages/module-not-found @ http://localhost:3000/_next/static/chunks/c2fc1_next_dist_03d21e83._.js:3127
[   89531ms] [ERROR] ./Desktop/I-Product/skillhub/src/app/[locale]/page.tsx:5:1
Module not found: Can't resolve '@/components/RetroTerminal'
  3 | import SkillGrid from "@/components/SkillGrid";
  4 | import RetroComputer from "@/components/RetroComputer";
> 5 | import RetroTerminal from "@/components/RetroTerminal";
    | ^^^^^^^^^^^^^^^^^^^^^^^^^^^^^^^^^^^^^^^^^^^^^^^^^^^^^^^
  6 | import { getAllSkills } from "@/lib/skills";
  7 | import { isValidLocale, type Locale } from "@/i18n/config";
  8 | import { getDictionary } from "@/i18n/get-dictionary";

Import map: aliased to relative './src/components/RetroTerminal' inside of [project]/Desktop/I-Product/skillhub

https://nextjs.org/docs/messages/module-not-found @ http://localhost:3000/_next/static/chunks/c2fc1_next_dist_03d21e83._.js:3127
[   89582ms] [ERROR] ./Desktop/I-Product/skillhub/src/app/[locale]/page.tsx:5:1
Module not found: Can't resolve '@/components/RetroTerminal'
  3 | import SkillGrid from "@/components/SkillGrid";
  4 | import RetroComputer from "@/components/RetroComputer";
> 5 | import RetroTerminal from "@/components/RetroTerminal";
    | ^^^^^^^^^^^^^^^^^^^^^^^^^^^^^^^^^^^^^^^^^^^^^^^^^^^^^^^
  6 | import { getAllSkills } from "@/lib/skills";
  7 | import { isValidLocale, type Locale } from "@/i18n/config";
  8 | import { getDictionary } from "@/i18n/get-dictionary";

Import map: aliased to relative './src/components/RetroTerminal' inside of [project]/Desktop/I-Product/skillhub

https://nextjs.org/docs/messages/module-not-found @ http://localhost:3000/_next/static/chunks/c2fc1_next_dist_03d21e83._.js:3127
[   89632ms] [ERROR] ./Desktop/I-Product/skillhub/src/app/[locale]/page.tsx:5:1
Module not found: Can't resolve '@/components/RetroTerminal'
  3 | import SkillGrid from "@/components/SkillGrid";
  4 | import RetroComputer from "@/components/RetroComputer";
> 5 | import RetroTerminal from "@/components/RetroTerminal";
    | ^^^^^^^^^^^^^^^^^^^^^^^^^^^^^^^^^^^^^^^^^^^^^^^^^^^^^^^
  6 | import { getAllSkills } from "@/lib/skills";
  7 | import { isValidLocale, type Locale } from "@/i18n/config";
  8 | import { getDictionary } from "@/i18n/get-dictionary";

Import map: aliased to relative './src/components/RetroTerminal' inside of [project]/Desktop/I-Product/skillhub

https://nextjs.org/docs/messages/module-not-found @ http://localhost:3000/_next/static/chunks/c2fc1_next_dist_03d21e83._.js:3127
[   89681ms] [ERROR] ./Desktop/I-Product/skillhub/src/app/[locale]/page.tsx:5:1
Module not found: Can't resolve '@/components/RetroTerminal'
  3 | import SkillGrid from "@/components/SkillGrid";
  4 | import RetroComputer from "@/components/RetroComputer";
> 5 | import RetroTerminal from "@/components/RetroTerminal";
    | ^^^^^^^^^^^^^^^^^^^^^^^^^^^^^^^^^^^^^^^^^^^^^^^^^^^^^^^
  6 | import { getAllSkills } from "@/lib/skills";
  7 | import { isValidLocale, type Locale } from "@/i18n/config";
  8 | import { getDictionary } from "@/i18n/get-dictionary";

Import map: aliased to relative './src/components/RetroTerminal' inside of [project]/Desktop/I-Product/skillhub

https://nextjs.org/docs/messages/module-not-found @ http://localhost:3000/_next/static/chunks/c2fc1_next_dist_03d21e83._.js:3127
[   89732ms] [ERROR] ./Desktop/I-Product/skillhub/src/app/[locale]/page.tsx:5:1
Module not found: Can't resolve '@/components/RetroTerminal'
  3 | import SkillGrid from "@/components/SkillGrid";
  4 | import RetroComputer from "@/components/RetroComputer";
> 5 | import RetroTerminal from "@/components/RetroTerminal";
    | ^^^^^^^^^^^^^^^^^^^^^^^^^^^^^^^^^^^^^^^^^^^^^^^^^^^^^^^
  6 | import { getAllSkills } from "@/lib/skills";
  7 | import { isValidLocale, type Locale } from "@/i18n/config";
  8 | import { getDictionary } from "@/i18n/get-dictionary";

Import map: aliased to relative './src/components/RetroTerminal' inside of [project]/Desktop/I-Product/skillhub

https://nextjs.org/docs/messages/module-not-found @ http://localhost:3000/_next/static/chunks/c2fc1_next_dist_03d21e83._.js:3127
[   89781ms] [ERROR] ./Desktop/I-Product/skillhub/src/app/[locale]/page.tsx:5:1
Module not found: Can't resolve '@/components/RetroTerminal'
  3 | import SkillGrid from "@/components/SkillGrid";
  4 | import RetroComputer from "@/components/RetroComputer";
> 5 | import RetroTerminal from "@/components/RetroTerminal";
    | ^^^^^^^^^^^^^^^^^^^^^^^^^^^^^^^^^^^^^^^^^^^^^^^^^^^^^^^
  6 | import { getAllSkills } from "@/lib/skills";
  7 | import { isValidLocale, type Locale } from "@/i18n/config";
  8 | import { getDictionary } from "@/i18n/get-dictionary";

Import map: aliased to relative './src/components/RetroTerminal' inside of [project]/Desktop/I-Product/skillhub

https://nextjs.org/docs/messages/module-not-found @ http://localhost:3000/_next/static/chunks/c2fc1_next_dist_03d21e83._.js:3127
[   89832ms] [ERROR] ./Desktop/I-Product/skillhub/src/app/[locale]/page.tsx:5:1
Module not found: Can't resolve '@/components/RetroTerminal'
  3 | import SkillGrid from "@/components/SkillGrid";
  4 | import RetroComputer from "@/components/RetroComputer";
> 5 | import RetroTerminal from "@/components/RetroTerminal";
    | ^^^^^^^^^^^^^^^^^^^^^^^^^^^^^^^^^^^^^^^^^^^^^^^^^^^^^^^
  6 | import { getAllSkills } from "@/lib/skills";
  7 | import { isValidLocale, type Locale } from "@/i18n/config";
  8 | import { getDictionary } from "@/i18n/get-dictionary";

Import map: aliased to relative './src/components/RetroTerminal' inside of [project]/Desktop/I-Product/skillhub

https://nextjs.org/docs/messages/module-not-found @ http://localhost:3000/_next/static/chunks/c2fc1_next_dist_03d21e83._.js:3127
[   89877ms] [ERROR] ./Desktop/I-Product/skillhub/src/app/[locale]/page.tsx:5:1
Module not found: Can't resolve '@/components/RetroTerminal'
  3 | import SkillGrid from "@/components/SkillGrid";
  4 | import RetroComputer from "@/components/RetroComputer";
> 5 | import RetroTerminal from "@/components/RetroTerminal";
    | ^^^^^^^^^^^^^^^^^^^^^^^^^^^^^^^^^^^^^^^^^^^^^^^^^^^^^^^
  6 | import { getAllSkills } from "@/lib/skills";
  7 | import { isValidLocale, type Locale } from "@/i18n/config";
  8 | import { getDictionary } from "@/i18n/get-dictionary";

Import map: aliased to relative './src/components/RetroTerminal' inside of [project]/Desktop/I-Product/skillhub

https://nextjs.org/docs/messages/module-not-found @ http://localhost:3000/_next/static/chunks/c2fc1_next_dist_03d21e83._.js:3127
[   89931ms] [ERROR] ./Desktop/I-Product/skillhub/src/app/[locale]/page.tsx:5:1
Module not found: Can't resolve '@/components/RetroTerminal'
  3 | import SkillGrid from "@/components/SkillGrid";
  4 | import RetroComputer from "@/components/RetroComputer";
> 5 | import RetroTerminal from "@/components/RetroTerminal";
    | ^^^^^^^^^^^^^^^^^^^^^^^^^^^^^^^^^^^^^^^^^^^^^^^^^^^^^^^
  6 | import { getAllSkills } from "@/lib/skills";
  7 | import { isValidLocale, type Locale } from "@/i18n/config";
  8 | import { getDictionary } from "@/i18n/get-dictionary";

Import map: aliased to relative './src/components/RetroTerminal' inside of [project]/Desktop/I-Product/skillhub

https://nextjs.org/docs/messages/module-not-found @ http://localhost:3000/_next/static/chunks/c2fc1_next_dist_03d21e83._.js:3127
[   89981ms] [ERROR] ./Desktop/I-Product/skillhub/src/app/[locale]/page.tsx:5:1
Module not found: Can't resolve '@/components/RetroTerminal'
  3 | import SkillGrid from "@/components/SkillGrid";
  4 | import RetroComputer from "@/components/RetroComputer";
> 5 | import RetroTerminal from "@/components/RetroTerminal";
    | ^^^^^^^^^^^^^^^^^^^^^^^^^^^^^^^^^^^^^^^^^^^^^^^^^^^^^^^
  6 | import { getAllSkills } from "@/lib/skills";
  7 | import { isValidLocale, type Locale } from "@/i18n/config";
  8 | import { getDictionary } from "@/i18n/get-dictionary";

Import map: aliased to relative './src/components/RetroTerminal' inside of [project]/Desktop/I-Product/skillhub

https://nextjs.org/docs/messages/module-not-found @ http://localhost:3000/_next/static/chunks/c2fc1_next_dist_03d21e83._.js:3127
[   90020ms] [ERROR] ./Desktop/I-Product/skillhub/src/app/[locale]/page.tsx:5:1
Module not found: Can't resolve '@/components/RetroTerminal'
  3 | import SkillGrid from "@/components/SkillGrid";
  4 | import RetroComputer from "@/components/RetroComputer";
> 5 | import RetroTerminal from "@/components/RetroTerminal";
    | ^^^^^^^^^^^^^^^^^^^^^^^^^^^^^^^^^^^^^^^^^^^^^^^^^^^^^^^
  6 | import { getAllSkills } from "@/lib/skills";
  7 | import { isValidLocale, type Locale } from "@/i18n/config";
  8 | import { getDictionary } from "@/i18n/get-dictionary";

Import map: aliased to relative './src/components/RetroTerminal' inside of [project]/Desktop/I-Product/skillhub

https://nextjs.org/docs/messages/module-not-found @ http://localhost:3000/_next/static/chunks/c2fc1_next_dist_03d21e83._.js:3127
[   90071ms] [ERROR] ./Desktop/I-Product/skillhub/src/app/[locale]/page.tsx:5:1
Module not found: Can't resolve '@/components/RetroTerminal'
  3 | import SkillGrid from "@/components/SkillGrid";
  4 | import RetroComputer from "@/components/RetroComputer";
> 5 | import RetroTerminal from "@/components/RetroTerminal";
    | ^^^^^^^^^^^^^^^^^^^^^^^^^^^^^^^^^^^^^^^^^^^^^^^^^^^^^^^
  6 | import { getAllSkills } from "@/lib/skills";
  7 | import { isValidLocale, type Locale } from "@/i18n/config";
  8 | import { getDictionary } from "@/i18n/get-dictionary";

Import map: aliased to relative './src/components/RetroTerminal' inside of [project]/Desktop/I-Product/skillhub

https://nextjs.org/docs/messages/module-not-found @ http://localhost:3000/_next/static/chunks/c2fc1_next_dist_03d21e83._.js:3127
[   90119ms] [ERROR] ./Desktop/I-Product/skillhub/src/app/[locale]/page.tsx:5:1
Module not found: Can't resolve '@/components/RetroTerminal'
  3 | import SkillGrid from "@/components/SkillGrid";
  4 | import RetroComputer from "@/components/RetroComputer";
> 5 | import RetroTerminal from "@/components/RetroTerminal";
    | ^^^^^^^^^^^^^^^^^^^^^^^^^^^^^^^^^^^^^^^^^^^^^^^^^^^^^^^
  6 | import { getAllSkills } from "@/lib/skills";
  7 | import { isValidLocale, type Locale } from "@/i18n/config";
  8 | import { getDictionary } from "@/i18n/get-dictionary";

Import map: aliased to relative './src/components/RetroTerminal' inside of [project]/Desktop/I-Product/skillhub

https://nextjs.org/docs/messages/module-not-found @ http://localhost:3000/_next/static/chunks/c2fc1_next_dist_03d21e83._.js:3127
[   90167ms] [ERROR] ./Desktop/I-Product/skillhub/src/app/[locale]/page.tsx:5:1
Module not found: Can't resolve '@/components/RetroTerminal'
  3 | import SkillGrid from "@/components/SkillGrid";
  4 | import RetroComputer from "@/components/RetroComputer";
> 5 | import RetroTerminal from "@/components/RetroTerminal";
    | ^^^^^^^^^^^^^^^^^^^^^^^^^^^^^^^^^^^^^^^^^^^^^^^^^^^^^^^
  6 | import { getAllSkills } from "@/lib/skills";
  7 | import { isValidLocale, type Locale } from "@/i18n/config";
  8 | import { getDictionary } from "@/i18n/get-dictionary";

Import map: aliased to relative './src/components/RetroTerminal' inside of [project]/Desktop/I-Product/skillhub

https://nextjs.org/docs/messages/module-not-found @ http://localhost:3000/_next/static/chunks/c2fc1_next_dist_03d21e83._.js:3127
[   90216ms] [ERROR] ./Desktop/I-Product/skillhub/src/app/[locale]/page.tsx:5:1
Module not found: Can't resolve '@/components/RetroTerminal'
  3 | import SkillGrid from "@/components/SkillGrid";
  4 | import RetroComputer from "@/components/RetroComputer";
> 5 | import RetroTerminal from "@/components/RetroTerminal";
    | ^^^^^^^^^^^^^^^^^^^^^^^^^^^^^^^^^^^^^^^^^^^^^^^^^^^^^^^
  6 | import { getAllSkills } from "@/lib/skills";
  7 | import { isValidLocale, type Locale } from "@/i18n/config";
  8 | import { getDictionary } from "@/i18n/get-dictionary";

Import map: aliased to relative './src/components/RetroTerminal' inside of [project]/Desktop/I-Product/skillhub

https://nextjs.org/docs/messages/module-not-found @ http://localhost:3000/_next/static/chunks/c2fc1_next_dist_03d21e83._.js:3127
[   90265ms] [ERROR] ./Desktop/I-Product/skillhub/src/app/[locale]/page.tsx:5:1
Module not found: Can't resolve '@/components/RetroTerminal'
  3 | import SkillGrid from "@/components/SkillGrid";
  4 | import RetroComputer from "@/components/RetroComputer";
> 5 | import RetroTerminal from "@/components/RetroTerminal";
    | ^^^^^^^^^^^^^^^^^^^^^^^^^^^^^^^^^^^^^^^^^^^^^^^^^^^^^^^
  6 | import { getAllSkills } from "@/lib/skills";
  7 | import { isValidLocale, type Locale } from "@/i18n/config";
  8 | import { getDictionary } from "@/i18n/get-dictionary";

Import map: aliased to relative './src/components/RetroTerminal' inside of [project]/Desktop/I-Product/skillhub

https://nextjs.org/docs/messages/module-not-found @ http://localhost:3000/_next/static/chunks/c2fc1_next_dist_03d21e83._.js:3127
[   90315ms] [ERROR] ./Desktop/I-Product/skillhub/src/app/[locale]/page.tsx:5:1
Module not found: Can't resolve '@/components/RetroTerminal'
  3 | import SkillGrid from "@/components/SkillGrid";
  4 | import RetroComputer from "@/components/RetroComputer";
> 5 | import RetroTerminal from "@/components/RetroTerminal";
    | ^^^^^^^^^^^^^^^^^^^^^^^^^^^^^^^^^^^^^^^^^^^^^^^^^^^^^^^
  6 | import { getAllSkills } from "@/lib/skills";
  7 | import { isValidLocale, type Locale } from "@/i18n/config";
  8 | import { getDictionary } from "@/i18n/get-dictionary";

Import map: aliased to relative './src/components/RetroTerminal' inside of [project]/Desktop/I-Product/skillhub

https://nextjs.org/docs/messages/module-not-found @ http://localhost:3000/_next/static/chunks/c2fc1_next_dist_03d21e83._.js:3127
[   90365ms] [ERROR] ./Desktop/I-Product/skillhub/src/app/[locale]/page.tsx:5:1
Module not found: Can't resolve '@/components/RetroTerminal'
  3 | import SkillGrid from "@/components/SkillGrid";
  4 | import RetroComputer from "@/components/RetroComputer";
> 5 | import RetroTerminal from "@/components/RetroTerminal";
    | ^^^^^^^^^^^^^^^^^^^^^^^^^^^^^^^^^^^^^^^^^^^^^^^^^^^^^^^
  6 | import { getAllSkills } from "@/lib/skills";
  7 | import { isValidLocale, type Locale } from "@/i18n/config";
  8 | import { getDictionary } from "@/i18n/get-dictionary";

Import map: aliased to relative './src/components/RetroTerminal' inside of [project]/Desktop/I-Product/skillhub

https://nextjs.org/docs/messages/module-not-found @ http://localhost:3000/_next/static/chunks/c2fc1_next_dist_03d21e83._.js:3127
[   90415ms] [ERROR] ./Desktop/I-Product/skillhub/src/app/[locale]/page.tsx:5:1
Module not found: Can't resolve '@/components/RetroTerminal'
  3 | import SkillGrid from "@/components/SkillGrid";
  4 | import RetroComputer from "@/components/RetroComputer";
> 5 | import RetroTerminal from "@/components/RetroTerminal";
    | ^^^^^^^^^^^^^^^^^^^^^^^^^^^^^^^^^^^^^^^^^^^^^^^^^^^^^^^
  6 | import { getAllSkills } from "@/lib/skills";
  7 | import { isValidLocale, type Locale } from "@/i18n/config";
  8 | import { getDictionary } from "@/i18n/get-dictionary";

Import map: aliased to relative './src/components/RetroTerminal' inside of [project]/Desktop/I-Product/skillhub

https://nextjs.org/docs/messages/module-not-found @ http://localhost:3000/_next/static/chunks/c2fc1_next_dist_03d21e83._.js:3127
[   90463ms] [ERROR] ./Desktop/I-Product/skillhub/src/app/[locale]/page.tsx:5:1
Module not found: Can't resolve '@/components/RetroTerminal'
  3 | import SkillGrid from "@/components/SkillGrid";
  4 | import RetroComputer from "@/components/RetroComputer";
> 5 | import RetroTerminal from "@/components/RetroTerminal";
    | ^^^^^^^^^^^^^^^^^^^^^^^^^^^^^^^^^^^^^^^^^^^^^^^^^^^^^^^
  6 | import { getAllSkills } from "@/lib/skills";
  7 | import { isValidLocale, type Locale } from "@/i18n/config";
  8 | import { getDictionary } from "@/i18n/get-dictionary";

Import map: aliased to relative './src/components/RetroTerminal' inside of [project]/Desktop/I-Product/skillhub

https://nextjs.org/docs/messages/module-not-found @ http://localhost:3000/_next/static/chunks/c2fc1_next_dist_03d21e83._.js:3127
[   90513ms] [ERROR] ./Desktop/I-Product/skillhub/src/app/[locale]/page.tsx:5:1
Module not found: Can't resolve '@/components/RetroTerminal'
  3 | import SkillGrid from "@/components/SkillGrid";
  4 | import RetroComputer from "@/components/RetroComputer";
> 5 | import RetroTerminal from "@/components/RetroTerminal";
    | ^^^^^^^^^^^^^^^^^^^^^^^^^^^^^^^^^^^^^^^^^^^^^^^^^^^^^^^
  6 | import { getAllSkills } from "@/lib/skills";
  7 | import { isValidLocale, type Locale } from "@/i18n/config";
  8 | import { getDictionary } from "@/i18n/get-dictionary";

Import map: aliased to relative './src/components/RetroTerminal' inside of [project]/Desktop/I-Product/skillhub

https://nextjs.org/docs/messages/module-not-found @ http://localhost:3000/_next/static/chunks/c2fc1_next_dist_03d21e83._.js:3127
[   90564ms] [ERROR] ./Desktop/I-Product/skillhub/src/app/[locale]/page.tsx:5:1
Module not found: Can't resolve '@/components/RetroTerminal'
  3 | import SkillGrid from "@/components/SkillGrid";
  4 | import RetroComputer from "@/components/RetroComputer";
> 5 | import RetroTerminal from "@/components/RetroTerminal";
    | ^^^^^^^^^^^^^^^^^^^^^^^^^^^^^^^^^^^^^^^^^^^^^^^^^^^^^^^
  6 | import { getAllSkills } from "@/lib/skills";
  7 | import { isValidLocale, type Locale } from "@/i18n/config";
  8 | import { getDictionary } from "@/i18n/get-dictionary";

Import map: aliased to relative './src/components/RetroTerminal' inside of [project]/Desktop/I-Product/skillhub

https://nextjs.org/docs/messages/module-not-found @ http://localhost:3000/_next/static/chunks/c2fc1_next_dist_03d21e83._.js:3127
[   90616ms] [ERROR] ./Desktop/I-Product/skillhub/src/app/[locale]/page.tsx:5:1
Module not found: Can't resolve '@/components/RetroTerminal'
  3 | import SkillGrid from "@/components/SkillGrid";
  4 | import RetroComputer from "@/components/RetroComputer";
> 5 | import RetroTerminal from "@/components/RetroTerminal";
    | ^^^^^^^^^^^^^^^^^^^^^^^^^^^^^^^^^^^^^^^^^^^^^^^^^^^^^^^
  6 | import { getAllSkills } from "@/lib/skills";
  7 | import { isValidLocale, type Locale } from "@/i18n/config";
  8 | import { getDictionary } from "@/i18n/get-dictionary";

Import map: aliased to relative './src/components/RetroTerminal' inside of [project]/Desktop/I-Product/skillhub

https://nextjs.org/docs/messages/module-not-found @ http://localhost:3000/_next/static/chunks/c2fc1_next_dist_03d21e83._.js:3127
[   90665ms] [ERROR] ./Desktop/I-Product/skillhub/src/app/[locale]/page.tsx:5:1
Module not found: Can't resolve '@/components/RetroTerminal'
  3 | import SkillGrid from "@/components/SkillGrid";
  4 | import RetroComputer from "@/components/RetroComputer";
> 5 | import RetroTerminal from "@/components/RetroTerminal";
    | ^^^^^^^^^^^^^^^^^^^^^^^^^^^^^^^^^^^^^^^^^^^^^^^^^^^^^^^
  6 | import { getAllSkills } from "@/lib/skills";
  7 | import { isValidLocale, type Locale } from "@/i18n/config";
  8 | import { getDictionary } from "@/i18n/get-dictionary";

Import map: aliased to relative './src/components/RetroTerminal' inside of [project]/Desktop/I-Product/skillhub

https://nextjs.org/docs/messages/module-not-found @ http://localhost:3000/_next/static/chunks/c2fc1_next_dist_03d21e83._.js:3127
[   90715ms] [ERROR] ./Desktop/I-Product/skillhub/src/app/[locale]/page.tsx:5:1
Module not found: Can't resolve '@/components/RetroTerminal'
  3 | import SkillGrid from "@/components/SkillGrid";
  4 | import RetroComputer from "@/components/RetroComputer";
> 5 | import RetroTerminal from "@/components/RetroTerminal";
    | ^^^^^^^^^^^^^^^^^^^^^^^^^^^^^^^^^^^^^^^^^^^^^^^^^^^^^^^
  6 | import { getAllSkills } from "@/lib/skills";
  7 | import { isValidLocale, type Locale } from "@/i18n/config";
  8 | import { getDictionary } from "@/i18n/get-dictionary";

Import map: aliased to relative './src/components/RetroTerminal' inside of [project]/Desktop/I-Product/skillhub

https://nextjs.org/docs/messages/module-not-found @ http://localhost:3000/_next/static/chunks/c2fc1_next_dist_03d21e83._.js:3127
[   90766ms] [ERROR] ./Desktop/I-Product/skillhub/src/app/[locale]/page.tsx:5:1
Module not found: Can't resolve '@/components/RetroTerminal'
  3 | import SkillGrid from "@/components/SkillGrid";
  4 | import RetroComputer from "@/components/RetroComputer";
> 5 | import RetroTerminal from "@/components/RetroTerminal";
    | ^^^^^^^^^^^^^^^^^^^^^^^^^^^^^^^^^^^^^^^^^^^^^^^^^^^^^^^
  6 | import { getAllSkills } from "@/lib/skills";
  7 | import { isValidLocale, type Locale } from "@/i18n/config";
  8 | import { getDictionary } from "@/i18n/get-dictionary";

Import map: aliased to relative './src/components/RetroTerminal' inside of [project]/Desktop/I-Product/skillhub

https://nextjs.org/docs/messages/module-not-found @ http://localhost:3000/_next/static/chunks/c2fc1_next_dist_03d21e83._.js:3127
[   90815ms] [ERROR] ./Desktop/I-Product/skillhub/src/app/[locale]/page.tsx:5:1
Module not found: Can't resolve '@/components/RetroTerminal'
  3 | import SkillGrid from "@/components/SkillGrid";
  4 | import RetroComputer from "@/components/RetroComputer";
> 5 | import RetroTerminal from "@/components/RetroTerminal";
    | ^^^^^^^^^^^^^^^^^^^^^^^^^^^^^^^^^^^^^^^^^^^^^^^^^^^^^^^
  6 | import { getAllSkills } from "@/lib/skills";
  7 | import { isValidLocale, type Locale } from "@/i18n/config";
  8 | import { getDictionary } from "@/i18n/get-dictionary";

Import map: aliased to relative './src/components/RetroTerminal' inside of [project]/Desktop/I-Product/skillhub

https://nextjs.org/docs/messages/module-not-found @ http://localhost:3000/_next/static/chunks/c2fc1_next_dist_03d21e83._.js:3127
[   90866ms] [ERROR] ./Desktop/I-Product/skillhub/src/app/[locale]/page.tsx:5:1
Module not found: Can't resolve '@/components/RetroTerminal'
  3 | import SkillGrid from "@/components/SkillGrid";
  4 | import RetroComputer from "@/components/RetroComputer";
> 5 | import RetroTerminal from "@/components/RetroTerminal";
    | ^^^^^^^^^^^^^^^^^^^^^^^^^^^^^^^^^^^^^^^^^^^^^^^^^^^^^^^
  6 | import { getAllSkills } from "@/lib/skills";
  7 | import { isValidLocale, type Locale } from "@/i18n/config";
  8 | import { getDictionary } from "@/i18n/get-dictionary";

Import map: aliased to relative './src/components/RetroTerminal' inside of [project]/Desktop/I-Product/skillhub

https://nextjs.org/docs/messages/module-not-found @ http://localhost:3000/_next/static/chunks/c2fc1_next_dist_03d21e83._.js:3127
[   90964ms] [ERROR] ./Desktop/I-Product/skillhub/src/app/[locale]/page.tsx:5:1
Module not found: Can't resolve '@/components/RetroTerminal'
  3 | import SkillGrid from "@/components/SkillGrid";
  4 | import RetroComputer from "@/components/RetroComputer";
> 5 | import RetroTerminal from "@/components/RetroTerminal";
    | ^^^^^^^^^^^^^^^^^^^^^^^^^^^^^^^^^^^^^^^^^^^^^^^^^^^^^^^
  6 | import { getAllSkills } from "@/lib/skills";
  7 | import { isValidLocale, type Locale } from "@/i18n/config";
  8 | import { getDictionary } from "@/i18n/get-dictionary";

Import map: aliased to relative './src/components/RetroTerminal' inside of [project]/Desktop/I-Product/skillhub

https://nextjs.org/docs/messages/module-not-found @ http://localhost:3000/_next/static/chunks/c2fc1_next_dist_03d21e83._.js:3127
[   91020ms] [ERROR] ./Desktop/I-Product/skillhub/src/app/[locale]/page.tsx:5:1
Module not found: Can't resolve '@/components/RetroTerminal'
  3 | import SkillGrid from "@/components/SkillGrid";
  4 | import RetroComputer from "@/components/RetroComputer";
> 5 | import RetroTerminal from "@/components/RetroTerminal";
    | ^^^^^^^^^^^^^^^^^^^^^^^^^^^^^^^^^^^^^^^^^^^^^^^^^^^^^^^
  6 | import { getAllSkills } from "@/lib/skills";
  7 | import { isValidLocale, type Locale } from "@/i18n/config";
  8 | import { getDictionary } from "@/i18n/get-dictionary";

Import map: aliased to relative './src/components/RetroTerminal' inside of [project]/Desktop/I-Product/skillhub

https://nextjs.org/docs/messages/module-not-found @ http://localhost:3000/_next/static/chunks/c2fc1_next_dist_03d21e83._.js:3127
[   91071ms] [ERROR] ./Desktop/I-Product/skillhub/src/app/[locale]/page.tsx:5:1
Module not found: Can't resolve '@/components/RetroTerminal'
  3 | import SkillGrid from "@/components/SkillGrid";
  4 | import RetroComputer from "@/components/RetroComputer";
> 5 | import RetroTerminal from "@/components/RetroTerminal";
    | ^^^^^^^^^^^^^^^^^^^^^^^^^^^^^^^^^^^^^^^^^^^^^^^^^^^^^^^
  6 | import { getAllSkills } from "@/lib/skills";
  7 | import { isValidLocale, type Locale } from "@/i18n/config";
  8 | import { getDictionary } from "@/i18n/get-dictionary";

Import map: aliased to relative './src/components/RetroTerminal' inside of [project]/Desktop/I-Product/skillhub

https://nextjs.org/docs/messages/module-not-found @ http://localhost:3000/_next/static/chunks/c2fc1_next_dist_03d21e83._.js:3127
[   91121ms] [ERROR] ./Desktop/I-Product/skillhub/src/app/[locale]/page.tsx:5:1
Module not found: Can't resolve '@/components/RetroTerminal'
  3 | import SkillGrid from "@/components/SkillGrid";
  4 | import RetroComputer from "@/components/RetroComputer";
> 5 | import RetroTerminal from "@/components/RetroTerminal";
    | ^^^^^^^^^^^^^^^^^^^^^^^^^^^^^^^^^^^^^^^^^^^^^^^^^^^^^^^
  6 | import { getAllSkills } from "@/lib/skills";
  7 | import { isValidLocale, type Locale } from "@/i18n/config";
  8 | import { getDictionary } from "@/i18n/get-dictionary";

Import map: aliased to relative './src/components/RetroTerminal' inside of [project]/Desktop/I-Product/skillhub

https://nextjs.org/docs/messages/module-not-found @ http://localhost:3000/_next/static/chunks/c2fc1_next_dist_03d21e83._.js:3127
[   91175ms] [ERROR] ./Desktop/I-Product/skillhub/src/app/[locale]/page.tsx:5:1
Module not found: Can't resolve '@/components/RetroTerminal'
  3 | import SkillGrid from "@/components/SkillGrid";
  4 | import RetroComputer from "@/components/RetroComputer";
> 5 | import RetroTerminal from "@/components/RetroTerminal";
    | ^^^^^^^^^^^^^^^^^^^^^^^^^^^^^^^^^^^^^^^^^^^^^^^^^^^^^^^
  6 | import { getAllSkills } from "@/lib/skills";
  7 | import { isValidLocale, type Locale } from "@/i18n/config";
  8 | import { getDictionary } from "@/i18n/get-dictionary";

Import map: aliased to relative './src/components/RetroTerminal' inside of [project]/Desktop/I-Product/skillhub

https://nextjs.org/docs/messages/module-not-found @ http://localhost:3000/_next/static/chunks/c2fc1_next_dist_03d21e83._.js:3127
[   91231ms] [ERROR] ./Desktop/I-Product/skillhub/src/app/[locale]/page.tsx:5:1
Module not found: Can't resolve '@/components/RetroTerminal'
  3 | import SkillGrid from "@/components/SkillGrid";
  4 | import RetroComputer from "@/components/RetroComputer";
> 5 | import RetroTerminal from "@/components/RetroTerminal";
    | ^^^^^^^^^^^^^^^^^^^^^^^^^^^^^^^^^^^^^^^^^^^^^^^^^^^^^^^
  6 | import { getAllSkills } from "@/lib/skills";
  7 | import { isValidLocale, type Locale } from "@/i18n/config";
  8 | import { getDictionary } from "@/i18n/get-dictionary";

Import map: aliased to relative './src/components/RetroTerminal' inside of [project]/Desktop/I-Product/skillhub

https://nextjs.org/docs/messages/module-not-found @ http://localhost:3000/_next/static/chunks/c2fc1_next_dist_03d21e83._.js:3127
[   91281ms] [ERROR] ./Desktop/I-Product/skillhub/src/app/[locale]/page.tsx:5:1
Module not found: Can't resolve '@/components/RetroTerminal'
  3 | import SkillGrid from "@/components/SkillGrid";
  4 | import RetroComputer from "@/components/RetroComputer";
> 5 | import RetroTerminal from "@/components/RetroTerminal";
    | ^^^^^^^^^^^^^^^^^^^^^^^^^^^^^^^^^^^^^^^^^^^^^^^^^^^^^^^
  6 | import { getAllSkills } from "@/lib/skills";
  7 | import { isValidLocale, type Locale } from "@/i18n/config";
  8 | import { getDictionary } from "@/i18n/get-dictionary";

Import map: aliased to relative './src/components/RetroTerminal' inside of [project]/Desktop/I-Product/skillhub

https://nextjs.org/docs/messages/module-not-found @ http://localhost:3000/_next/static/chunks/c2fc1_next_dist_03d21e83._.js:3127
[   91332ms] [ERROR] ./Desktop/I-Product/skillhub/src/app/[locale]/page.tsx:5:1
Module not found: Can't resolve '@/components/RetroTerminal'
  3 | import SkillGrid from "@/components/SkillGrid";
  4 | import RetroComputer from "@/components/RetroComputer";
> 5 | import RetroTerminal from "@/components/RetroTerminal";
    | ^^^^^^^^^^^^^^^^^^^^^^^^^^^^^^^^^^^^^^^^^^^^^^^^^^^^^^^
  6 | import { getAllSkills } from "@/lib/skills";
  7 | import { isValidLocale, type Locale } from "@/i18n/config";
  8 | import { getDictionary } from "@/i18n/get-dictionary";

Import map: aliased to relative './src/components/RetroTerminal' inside of [project]/Desktop/I-Product/skillhub

https://nextjs.org/docs/messages/module-not-found @ http://localhost:3000/_next/static/chunks/c2fc1_next_dist_03d21e83._.js:3127
[   91382ms] [ERROR] ./Desktop/I-Product/skillhub/src/app/[locale]/page.tsx:5:1
Module not found: Can't resolve '@/components/RetroTerminal'
  3 | import SkillGrid from "@/components/SkillGrid";
  4 | import RetroComputer from "@/components/RetroComputer";
> 5 | import RetroTerminal from "@/components/RetroTerminal";
    | ^^^^^^^^^^^^^^^^^^^^^^^^^^^^^^^^^^^^^^^^^^^^^^^^^^^^^^^
  6 | import { getAllSkills } from "@/lib/skills";
  7 | import { isValidLocale, type Locale } from "@/i18n/config";
  8 | import { getDictionary } from "@/i18n/get-dictionary";

Import map: aliased to relative './src/components/RetroTerminal' inside of [project]/Desktop/I-Product/skillhub

https://nextjs.org/docs/messages/module-not-found @ http://localhost:3000/_next/static/chunks/c2fc1_next_dist_03d21e83._.js:3127
[   91433ms] [ERROR] ./Desktop/I-Product/skillhub/src/app/[locale]/page.tsx:5:1
Module not found: Can't resolve '@/components/RetroTerminal'
  3 | import SkillGrid from "@/components/SkillGrid";
  4 | import RetroComputer from "@/components/RetroComputer";
> 5 | import RetroTerminal from "@/components/RetroTerminal";
    | ^^^^^^^^^^^^^^^^^^^^^^^^^^^^^^^^^^^^^^^^^^^^^^^^^^^^^^^
  6 | import { getAllSkills } from "@/lib/skills";
  7 | import { isValidLocale, type Locale } from "@/i18n/config";
  8 | import { getDictionary } from "@/i18n/get-dictionary";

Import map: aliased to relative './src/components/RetroTerminal' inside of [project]/Desktop/I-Product/skillhub

https://nextjs.org/docs/messages/module-not-found @ http://localhost:3000/_next/static/chunks/c2fc1_next_dist_03d21e83._.js:3127
[   91483ms] [ERROR] ./Desktop/I-Product/skillhub/src/app/[locale]/page.tsx:5:1
Module not found: Can't resolve '@/components/RetroTerminal'
  3 | import SkillGrid from "@/components/SkillGrid";
  4 | import RetroComputer from "@/components/RetroComputer";
> 5 | import RetroTerminal from "@/components/RetroTerminal";
    | ^^^^^^^^^^^^^^^^^^^^^^^^^^^^^^^^^^^^^^^^^^^^^^^^^^^^^^^
  6 | import { getAllSkills } from "@/lib/skills";
  7 | import { isValidLocale, type Locale } from "@/i18n/config";
  8 | import { getDictionary } from "@/i18n/get-dictionary";

Import map: aliased to relative './src/components/RetroTerminal' inside of [project]/Desktop/I-Product/skillhub

https://nextjs.org/docs/messages/module-not-found @ http://localhost:3000/_next/static/chunks/c2fc1_next_dist_03d21e83._.js:3127
[   91536ms] [ERROR] ./Desktop/I-Product/skillhub/src/app/[locale]/page.tsx:5:1
Module not found: Can't resolve '@/components/RetroTerminal'
  3 | import SkillGrid from "@/components/SkillGrid";
  4 | import RetroComputer from "@/components/RetroComputer";
> 5 | import RetroTerminal from "@/components/RetroTerminal";
    | ^^^^^^^^^^^^^^^^^^^^^^^^^^^^^^^^^^^^^^^^^^^^^^^^^^^^^^^
  6 | import { getAllSkills } from "@/lib/skills";
  7 | import { isValidLocale, type Locale } from "@/i18n/config";
  8 | import { getDictionary } from "@/i18n/get-dictionary";

Import map: aliased to relative './src/components/RetroTerminal' inside of [project]/Desktop/I-Product/skillhub

https://nextjs.org/docs/messages/module-not-found @ http://localhost:3000/_next/static/chunks/c2fc1_next_dist_03d21e83._.js:3127
[   91583ms] [ERROR] ./Desktop/I-Product/skillhub/src/app/[locale]/page.tsx:5:1
Module not found: Can't resolve '@/components/RetroTerminal'
  3 | import SkillGrid from "@/components/SkillGrid";
  4 | import RetroComputer from "@/components/RetroComputer";
> 5 | import RetroTerminal from "@/components/RetroTerminal";
    | ^^^^^^^^^^^^^^^^^^^^^^^^^^^^^^^^^^^^^^^^^^^^^^^^^^^^^^^
  6 | import { getAllSkills } from "@/lib/skills";
  7 | import { isValidLocale, type Locale } from "@/i18n/config";
  8 | import { getDictionary } from "@/i18n/get-dictionary";

Import map: aliased to relative './src/components/RetroTerminal' inside of [project]/Desktop/I-Product/skillhub

https://nextjs.org/docs/messages/module-not-found @ http://localhost:3000/_next/static/chunks/c2fc1_next_dist_03d21e83._.js:3127
[   91633ms] [ERROR] ./Desktop/I-Product/skillhub/src/app/[locale]/page.tsx:5:1
Module not found: Can't resolve '@/components/RetroTerminal'
  3 | import SkillGrid from "@/components/SkillGrid";
  4 | import RetroComputer from "@/components/RetroComputer";
> 5 | import RetroTerminal from "@/components/RetroTerminal";
    | ^^^^^^^^^^^^^^^^^^^^^^^^^^^^^^^^^^^^^^^^^^^^^^^^^^^^^^^
  6 | import { getAllSkills } from "@/lib/skills";
  7 | import { isValidLocale, type Locale } from "@/i18n/config";
  8 | import { getDictionary } from "@/i18n/get-dictionary";

Import map: aliased to relative './src/components/RetroTerminal' inside of [project]/Desktop/I-Product/skillhub

https://nextjs.org/docs/messages/module-not-found @ http://localhost:3000/_next/static/chunks/c2fc1_next_dist_03d21e83._.js:3127
[   91686ms] [ERROR] ./Desktop/I-Product/skillhub/src/app/[locale]/page.tsx:5:1
Module not found: Can't resolve '@/components/RetroTerminal'
  3 | import SkillGrid from "@/components/SkillGrid";
  4 | import RetroComputer from "@/components/RetroComputer";
> 5 | import RetroTerminal from "@/components/RetroTerminal";
    | ^^^^^^^^^^^^^^^^^^^^^^^^^^^^^^^^^^^^^^^^^^^^^^^^^^^^^^^
  6 | import { getAllSkills } from "@/lib/skills";
  7 | import { isValidLocale, type Locale } from "@/i18n/config";
  8 | import { getDictionary } from "@/i18n/get-dictionary";

Import map: aliased to relative './src/components/RetroTerminal' inside of [project]/Desktop/I-Product/skillhub

https://nextjs.org/docs/messages/module-not-found @ http://localhost:3000/_next/static/chunks/c2fc1_next_dist_03d21e83._.js:3127
[   91736ms] [ERROR] ./Desktop/I-Product/skillhub/src/app/[locale]/page.tsx:5:1
Module not found: Can't resolve '@/components/RetroTerminal'
  3 | import SkillGrid from "@/components/SkillGrid";
  4 | import RetroComputer from "@/components/RetroComputer";
> 5 | import RetroTerminal from "@/components/RetroTerminal";
    | ^^^^^^^^^^^^^^^^^^^^^^^^^^^^^^^^^^^^^^^^^^^^^^^^^^^^^^^
  6 | import { getAllSkills } from "@/lib/skills";
  7 | import { isValidLocale, type Locale } from "@/i18n/config";
  8 | import { getDictionary } from "@/i18n/get-dictionary";

Import map: aliased to relative './src/components/RetroTerminal' inside of [project]/Desktop/I-Product/skillhub

https://nextjs.org/docs/messages/module-not-found @ http://localhost:3000/_next/static/chunks/c2fc1_next_dist_03d21e83._.js:3127
[   91787ms] [ERROR] ./Desktop/I-Product/skillhub/src/app/[locale]/page.tsx:5:1
Module not found: Can't resolve '@/components/RetroTerminal'
  3 | import SkillGrid from "@/components/SkillGrid";
  4 | import RetroComputer from "@/components/RetroComputer";
> 5 | import RetroTerminal from "@/components/RetroTerminal";
    | ^^^^^^^^^^^^^^^^^^^^^^^^^^^^^^^^^^^^^^^^^^^^^^^^^^^^^^^
  6 | import { getAllSkills } from "@/lib/skills";
  7 | import { isValidLocale, type Locale } from "@/i18n/config";
  8 | import { getDictionary } from "@/i18n/get-dictionary";

Import map: aliased to relative './src/components/RetroTerminal' inside of [project]/Desktop/I-Product/skillhub

https://nextjs.org/docs/messages/module-not-found @ http://localhost:3000/_next/static/chunks/c2fc1_next_dist_03d21e83._.js:3127
[   91837ms] [ERROR] ./Desktop/I-Product/skillhub/src/app/[locale]/page.tsx:5:1
Module not found: Can't resolve '@/components/RetroTerminal'
  3 | import SkillGrid from "@/components/SkillGrid";
  4 | import RetroComputer from "@/components/RetroComputer";
> 5 | import RetroTerminal from "@/components/RetroTerminal";
    | ^^^^^^^^^^^^^^^^^^^^^^^^^^^^^^^^^^^^^^^^^^^^^^^^^^^^^^^
  6 | import { getAllSkills } from "@/lib/skills";
  7 | import { isValidLocale, type Locale } from "@/i18n/config";
  8 | import { getDictionary } from "@/i18n/get-dictionary";

Import map: aliased to relative './src/components/RetroTerminal' inside of [project]/Desktop/I-Product/skillhub

https://nextjs.org/docs/messages/module-not-found @ http://localhost:3000/_next/static/chunks/c2fc1_next_dist_03d21e83._.js:3127
[   91888ms] [ERROR] ./Desktop/I-Product/skillhub/src/app/[locale]/page.tsx:5:1
Module not found: Can't resolve '@/components/RetroTerminal'
  3 | import SkillGrid from "@/components/SkillGrid";
  4 | import RetroComputer from "@/components/RetroComputer";
> 5 | import RetroTerminal from "@/components/RetroTerminal";
    | ^^^^^^^^^^^^^^^^^^^^^^^^^^^^^^^^^^^^^^^^^^^^^^^^^^^^^^^
  6 | import { getAllSkills } from "@/lib/skills";
  7 | import { isValidLocale, type Locale } from "@/i18n/config";
  8 | import { getDictionary } from "@/i18n/get-dictionary";

Import map: aliased to relative './src/components/RetroTerminal' inside of [project]/Desktop/I-Product/skillhub

https://nextjs.org/docs/messages/module-not-found @ http://localhost:3000/_next/static/chunks/c2fc1_next_dist_03d21e83._.js:3127
[   91939ms] [ERROR] ./Desktop/I-Product/skillhub/src/app/[locale]/page.tsx:5:1
Module not found: Can't resolve '@/components/RetroTerminal'
  3 | import SkillGrid from "@/components/SkillGrid";
  4 | import RetroComputer from "@/components/RetroComputer";
> 5 | import RetroTerminal from "@/components/RetroTerminal";
    | ^^^^^^^^^^^^^^^^^^^^^^^^^^^^^^^^^^^^^^^^^^^^^^^^^^^^^^^
  6 | import { getAllSkills } from "@/lib/skills";
  7 | import { isValidLocale, type Locale } from "@/i18n/config";
  8 | import { getDictionary } from "@/i18n/get-dictionary";

Import map: aliased to relative './src/components/RetroTerminal' inside of [project]/Desktop/I-Product/skillhub

https://nextjs.org/docs/messages/module-not-found @ http://localhost:3000/_next/static/chunks/c2fc1_next_dist_03d21e83._.js:3127
[   91989ms] [ERROR] ./Desktop/I-Product/skillhub/src/app/[locale]/page.tsx:5:1
Module not found: Can't resolve '@/components/RetroTerminal'
  3 | import SkillGrid from "@/components/SkillGrid";
  4 | import RetroComputer from "@/components/RetroComputer";
> 5 | import RetroTerminal from "@/components/RetroTerminal";
    | ^^^^^^^^^^^^^^^^^^^^^^^^^^^^^^^^^^^^^^^^^^^^^^^^^^^^^^^
  6 | import { getAllSkills } from "@/lib/skills";
  7 | import { isValidLocale, type Locale } from "@/i18n/config";
  8 | import { getDictionary } from "@/i18n/get-dictionary";

Import map: aliased to relative './src/components/RetroTerminal' inside of [project]/Desktop/I-Product/skillhub

https://nextjs.org/docs/messages/module-not-found @ http://localhost:3000/_next/static/chunks/c2fc1_next_dist_03d21e83._.js:3127
[   92040ms] [ERROR] ./Desktop/I-Product/skillhub/src/app/[locale]/page.tsx:5:1
Module not found: Can't resolve '@/components/RetroTerminal'
  3 | import SkillGrid from "@/components/SkillGrid";
  4 | import RetroComputer from "@/components/RetroComputer";
> 5 | import RetroTerminal from "@/components/RetroTerminal";
    | ^^^^^^^^^^^^^^^^^^^^^^^^^^^^^^^^^^^^^^^^^^^^^^^^^^^^^^^
  6 | import { getAllSkills } from "@/lib/skills";
  7 | import { isValidLocale, type Locale } from "@/i18n/config";
  8 | import { getDictionary } from "@/i18n/get-dictionary";

Import map: aliased to relative './src/components/RetroTerminal' inside of [project]/Desktop/I-Product/skillhub

https://nextjs.org/docs/messages/module-not-found @ http://localhost:3000/_next/static/chunks/c2fc1_next_dist_03d21e83._.js:3127
[   92086ms] [ERROR] ./Desktop/I-Product/skillhub/src/app/[locale]/page.tsx:5:1
Module not found: Can't resolve '@/components/RetroTerminal'
  3 | import SkillGrid from "@/components/SkillGrid";
  4 | import RetroComputer from "@/components/RetroComputer";
> 5 | import RetroTerminal from "@/components/RetroTerminal";
    | ^^^^^^^^^^^^^^^^^^^^^^^^^^^^^^^^^^^^^^^^^^^^^^^^^^^^^^^
  6 | import { getAllSkills } from "@/lib/skills";
  7 | import { isValidLocale, type Locale } from "@/i18n/config";
  8 | import { getDictionary } from "@/i18n/get-dictionary";

Import map: aliased to relative './src/components/RetroTerminal' inside of [project]/Desktop/I-Product/skillhub

https://nextjs.org/docs/messages/module-not-found @ http://localhost:3000/_next/static/chunks/c2fc1_next_dist_03d21e83._.js:3127
[   92245ms] [ERROR] ./Desktop/I-Product/skillhub/src/app/[locale]/page.tsx:5:1
Module not found: Can't resolve '@/components/RetroTerminal'
  3 | import SkillGrid from "@/components/SkillGrid";
  4 | import RetroComputer from "@/components/RetroComputer";
> 5 | import RetroTerminal from "@/components/RetroTerminal";
    | ^^^^^^^^^^^^^^^^^^^^^^^^^^^^^^^^^^^^^^^^^^^^^^^^^^^^^^^
  6 | import { getAllSkills } from "@/lib/skills";
  7 | import { isValidLocale, type Locale } from "@/i18n/config";
  8 | import { getDictionary } from "@/i18n/get-dictionary";

Import map: aliased to relative './src/components/RetroTerminal' inside of [project]/Desktop/I-Product/skillhub

https://nextjs.org/docs/messages/module-not-found @ http://localhost:3000/_next/static/chunks/c2fc1_next_dist_03d21e83._.js:3127
[   92298ms] [ERROR] ./Desktop/I-Product/skillhub/src/app/[locale]/page.tsx:5:1
Module not found: Can't resolve '@/components/RetroTerminal'
  3 | import SkillGrid from "@/components/SkillGrid";
  4 | import RetroComputer from "@/components/RetroComputer";
> 5 | import RetroTerminal from "@/components/RetroTerminal";
    | ^^^^^^^^^^^^^^^^^^^^^^^^^^^^^^^^^^^^^^^^^^^^^^^^^^^^^^^
  6 | import { getAllSkills } from "@/lib/skills";
  7 | import { isValidLocale, type Locale } from "@/i18n/config";
  8 | import { getDictionary } from "@/i18n/get-dictionary";

Import map: aliased to relative './src/components/RetroTerminal' inside of [project]/Desktop/I-Product/skillhub

https://nextjs.org/docs/messages/module-not-found @ http://localhost:3000/_next/static/chunks/c2fc1_next_dist_03d21e83._.js:3127
[   92349ms] [ERROR] ./Desktop/I-Product/skillhub/src/app/[locale]/page.tsx:5:1
Module not found: Can't resolve '@/components/RetroTerminal'
  3 | import SkillGrid from "@/components/SkillGrid";
  4 | import RetroComputer from "@/components/RetroComputer";
> 5 | import RetroTerminal from "@/components/RetroTerminal";
    | ^^^^^^^^^^^^^^^^^^^^^^^^^^^^^^^^^^^^^^^^^^^^^^^^^^^^^^^
  6 | import { getAllSkills } from "@/lib/skills";
  7 | import { isValidLocale, type Locale } from "@/i18n/config";
  8 | import { getDictionary } from "@/i18n/get-dictionary";

Import map: aliased to relative './src/components/RetroTerminal' inside of [project]/Desktop/I-Product/skillhub

https://nextjs.org/docs/messages/module-not-found @ http://localhost:3000/_next/static/chunks/c2fc1_next_dist_03d21e83._.js:3127
[   92406ms] [ERROR] ./Desktop/I-Product/skillhub/src/app/[locale]/page.tsx:5:1
Module not found: Can't resolve '@/components/RetroTerminal'
  3 | import SkillGrid from "@/components/SkillGrid";
  4 | import RetroComputer from "@/components/RetroComputer";
> 5 | import RetroTerminal from "@/components/RetroTerminal";
    | ^^^^^^^^^^^^^^^^^^^^^^^^^^^^^^^^^^^^^^^^^^^^^^^^^^^^^^^
  6 | import { getAllSkills } from "@/lib/skills";
  7 | import { isValidLocale, type Locale } from "@/i18n/config";
  8 | import { getDictionary } from "@/i18n/get-dictionary";

Import map: aliased to relative './src/components/RetroTerminal' inside of [project]/Desktop/I-Product/skillhub

https://nextjs.org/docs/messages/module-not-found @ http://localhost:3000/_next/static/chunks/c2fc1_next_dist_03d21e83._.js:3127
[   92455ms] [ERROR] ./Desktop/I-Product/skillhub/src/app/[locale]/page.tsx:5:1
Module not found: Can't resolve '@/components/RetroTerminal'
  3 | import SkillGrid from "@/components/SkillGrid";
  4 | import RetroComputer from "@/components/RetroComputer";
> 5 | import RetroTerminal from "@/components/RetroTerminal";
    | ^^^^^^^^^^^^^^^^^^^^^^^^^^^^^^^^^^^^^^^^^^^^^^^^^^^^^^^
  6 | import { getAllSkills } from "@/lib/skills";
  7 | import { isValidLocale, type Locale } from "@/i18n/config";
  8 | import { getDictionary } from "@/i18n/get-dictionary";

Import map: aliased to relative './src/components/RetroTerminal' inside of [project]/Desktop/I-Product/skillhub

https://nextjs.org/docs/messages/module-not-found @ http://localhost:3000/_next/static/chunks/c2fc1_next_dist_03d21e83._.js:3127
[   92498ms] [ERROR] ./Desktop/I-Product/skillhub/src/app/[locale]/page.tsx:5:1
Module not found: Can't resolve '@/components/RetroTerminal'
  3 | import SkillGrid from "@/components/SkillGrid";
  4 | import RetroComputer from "@/components/RetroComputer";
> 5 | import RetroTerminal from "@/components/RetroTerminal";
    | ^^^^^^^^^^^^^^^^^^^^^^^^^^^^^^^^^^^^^^^^^^^^^^^^^^^^^^^
  6 | import { getAllSkills } from "@/lib/skills";
  7 | import { isValidLocale, type Locale } from "@/i18n/config";
  8 | import { getDictionary } from "@/i18n/get-dictionary";

Import map: aliased to relative './src/components/RetroTerminal' inside of [project]/Desktop/I-Product/skillhub

https://nextjs.org/docs/messages/module-not-found @ http://localhost:3000/_next/static/chunks/c2fc1_next_dist_03d21e83._.js:3127
[   92548ms] [ERROR] ./Desktop/I-Product/skillhub/src/app/[locale]/page.tsx:5:1
Module not found: Can't resolve '@/components/RetroTerminal'
  3 | import SkillGrid from "@/components/SkillGrid";
  4 | import RetroComputer from "@/components/RetroComputer";
> 5 | import RetroTerminal from "@/components/RetroTerminal";
    | ^^^^^^^^^^^^^^^^^^^^^^^^^^^^^^^^^^^^^^^^^^^^^^^^^^^^^^^
  6 | import { getAllSkills } from "@/lib/skills";
  7 | import { isValidLocale, type Locale } from "@/i18n/config";
  8 | import { getDictionary } from "@/i18n/get-dictionary";

Import map: aliased to relative './src/components/RetroTerminal' inside of [project]/Desktop/I-Product/skillhub

https://nextjs.org/docs/messages/module-not-found @ http://localhost:3000/_next/static/chunks/c2fc1_next_dist_03d21e83._.js:3127
[   92600ms] [ERROR] ./Desktop/I-Product/skillhub/src/app/[locale]/page.tsx:5:1
Module not found: Can't resolve '@/components/RetroTerminal'
  3 | import SkillGrid from "@/components/SkillGrid";
  4 | import RetroComputer from "@/components/RetroComputer";
> 5 | import RetroTerminal from "@/components/RetroTerminal";
    | ^^^^^^^^^^^^^^^^^^^^^^^^^^^^^^^^^^^^^^^^^^^^^^^^^^^^^^^
  6 | import { getAllSkills } from "@/lib/skills";
  7 | import { isValidLocale, type Locale } from "@/i18n/config";
  8 | import { getDictionary } from "@/i18n/get-dictionary";

Import map: aliased to relative './src/components/RetroTerminal' inside of [project]/Desktop/I-Product/skillhub

https://nextjs.org/docs/messages/module-not-found @ http://localhost:3000/_next/static/chunks/c2fc1_next_dist_03d21e83._.js:3127
[   92650ms] [ERROR] ./Desktop/I-Product/skillhub/src/app/[locale]/page.tsx:5:1
Module not found: Can't resolve '@/components/RetroTerminal'
  3 | import SkillGrid from "@/components/SkillGrid";
  4 | import RetroComputer from "@/components/RetroComputer";
> 5 | import RetroTerminal from "@/components/RetroTerminal";
    | ^^^^^^^^^^^^^^^^^^^^^^^^^^^^^^^^^^^^^^^^^^^^^^^^^^^^^^^
  6 | import { getAllSkills } from "@/lib/skills";
  7 | import { isValidLocale, type Locale } from "@/i18n/config";
  8 | import { getDictionary } from "@/i18n/get-dictionary";

Import map: aliased to relative './src/components/RetroTerminal' inside of [project]/Desktop/I-Product/skillhub

https://nextjs.org/docs/messages/module-not-found @ http://localhost:3000/_next/static/chunks/c2fc1_next_dist_03d21e83._.js:3127
[   92703ms] [ERROR] ./Desktop/I-Product/skillhub/src/app/[locale]/page.tsx:5:1
Module not found: Can't resolve '@/components/RetroTerminal'
  3 | import SkillGrid from "@/components/SkillGrid";
  4 | import RetroComputer from "@/components/RetroComputer";
> 5 | import RetroTerminal from "@/components/RetroTerminal";
    | ^^^^^^^^^^^^^^^^^^^^^^^^^^^^^^^^^^^^^^^^^^^^^^^^^^^^^^^
  6 | import { getAllSkills } from "@/lib/skills";
  7 | import { isValidLocale, type Locale } from "@/i18n/config";
  8 | import { getDictionary } from "@/i18n/get-dictionary";

Import map: aliased to relative './src/components/RetroTerminal' inside of [project]/Desktop/I-Product/skillhub

https://nextjs.org/docs/messages/module-not-found @ http://localhost:3000/_next/static/chunks/c2fc1_next_dist_03d21e83._.js:3127
[   92752ms] [ERROR] ./Desktop/I-Product/skillhub/src/app/[locale]/page.tsx:5:1
Module not found: Can't resolve '@/components/RetroTerminal'
  3 | import SkillGrid from "@/components/SkillGrid";
  4 | import RetroComputer from "@/components/RetroComputer";
> 5 | import RetroTerminal from "@/components/RetroTerminal";
    | ^^^^^^^^^^^^^^^^^^^^^^^^^^^^^^^^^^^^^^^^^^^^^^^^^^^^^^^
  6 | import { getAllSkills } from "@/lib/skills";
  7 | import { isValidLocale, type Locale } from "@/i18n/config";
  8 | import { getDictionary } from "@/i18n/get-dictionary";

Import map: aliased to relative './src/components/RetroTerminal' inside of [project]/Desktop/I-Product/skillhub

https://nextjs.org/docs/messages/module-not-found @ http://localhost:3000/_next/static/chunks/c2fc1_next_dist_03d21e83._.js:3127
[   92804ms] [ERROR] ./Desktop/I-Product/skillhub/src/app/[locale]/page.tsx:5:1
Module not found: Can't resolve '@/components/RetroTerminal'
  3 | import SkillGrid from "@/components/SkillGrid";
  4 | import RetroComputer from "@/components/RetroComputer";
> 5 | import RetroTerminal from "@/components/RetroTerminal";
    | ^^^^^^^^^^^^^^^^^^^^^^^^^^^^^^^^^^^^^^^^^^^^^^^^^^^^^^^
  6 | import { getAllSkills } from "@/lib/skills";
  7 | import { isValidLocale, type Locale } from "@/i18n/config";
  8 | import { getDictionary } from "@/i18n/get-dictionary";

Import map: aliased to relative './src/components/RetroTerminal' inside of [project]/Desktop/I-Product/skillhub

https://nextjs.org/docs/messages/module-not-found @ http://localhost:3000/_next/static/chunks/c2fc1_next_dist_03d21e83._.js:3127
[   92872ms] [ERROR] ./Desktop/I-Product/skillhub/src/app/[locale]/page.tsx:5:1
Module not found: Can't resolve '@/components/RetroTerminal'
  3 | import SkillGrid from "@/components/SkillGrid";
  4 | import RetroComputer from "@/components/RetroComputer";
> 5 | import RetroTerminal from "@/components/RetroTerminal";
    | ^^^^^^^^^^^^^^^^^^^^^^^^^^^^^^^^^^^^^^^^^^^^^^^^^^^^^^^
  6 | import { getAllSkills } from "@/lib/skills";
  7 | import { isValidLocale, type Locale } from "@/i18n/config";
  8 | import { getDictionary } from "@/i18n/get-dictionary";

Import map: aliased to relative './src/components/RetroTerminal' inside of [project]/Desktop/I-Product/skillhub

https://nextjs.org/docs/messages/module-not-found @ http://localhost:3000/_next/static/chunks/c2fc1_next_dist_03d21e83._.js:3127
[   92929ms] [ERROR] ./Desktop/I-Product/skillhub/src/app/[locale]/page.tsx:5:1
Module not found: Can't resolve '@/components/RetroTerminal'
  3 | import SkillGrid from "@/components/SkillGrid";
  4 | import RetroComputer from "@/components/RetroComputer";
> 5 | import RetroTerminal from "@/components/RetroTerminal";
    | ^^^^^^^^^^^^^^^^^^^^^^^^^^^^^^^^^^^^^^^^^^^^^^^^^^^^^^^
  6 | import { getAllSkills } from "@/lib/skills";
  7 | import { isValidLocale, type Locale } from "@/i18n/config";
  8 | import { getDictionary } from "@/i18n/get-dictionary";

Import map: aliased to relative './src/components/RetroTerminal' inside of [project]/Desktop/I-Product/skillhub

https://nextjs.org/docs/messages/module-not-found @ http://localhost:3000/_next/static/chunks/c2fc1_next_dist_03d21e83._.js:3127
[   92982ms] [ERROR] ./Desktop/I-Product/skillhub/src/app/[locale]/page.tsx:5:1
Module not found: Can't resolve '@/components/RetroTerminal'
  3 | import SkillGrid from "@/components/SkillGrid";
  4 | import RetroComputer from "@/components/RetroComputer";
> 5 | import RetroTerminal from "@/components/RetroTerminal";
    | ^^^^^^^^^^^^^^^^^^^^^^^^^^^^^^^^^^^^^^^^^^^^^^^^^^^^^^^
  6 | import { getAllSkills } from "@/lib/skills";
  7 | import { isValidLocale, type Locale } from "@/i18n/config";
  8 | import { getDictionary } from "@/i18n/get-dictionary";

Import map: aliased to relative './src/components/RetroTerminal' inside of [project]/Desktop/I-Product/skillhub

https://nextjs.org/docs/messages/module-not-found @ http://localhost:3000/_next/static/chunks/c2fc1_next_dist_03d21e83._.js:3127
[   93035ms] [ERROR] ./Desktop/I-Product/skillhub/src/app/[locale]/page.tsx:5:1
Module not found: Can't resolve '@/components/RetroTerminal'
  3 | import SkillGrid from "@/components/SkillGrid";
  4 | import RetroComputer from "@/components/RetroComputer";
> 5 | import RetroTerminal from "@/components/RetroTerminal";
    | ^^^^^^^^^^^^^^^^^^^^^^^^^^^^^^^^^^^^^^^^^^^^^^^^^^^^^^^
  6 | import { getAllSkills } from "@/lib/skills";
  7 | import { isValidLocale, type Locale } from "@/i18n/config";
  8 | import { getDictionary } from "@/i18n/get-dictionary";

Import map: aliased to relative './src/components/RetroTerminal' inside of [project]/Desktop/I-Product/skillhub

https://nextjs.org/docs/messages/module-not-found @ http://localhost:3000/_next/static/chunks/c2fc1_next_dist_03d21e83._.js:3127
[   93085ms] [ERROR] ./Desktop/I-Product/skillhub/src/app/[locale]/page.tsx:5:1
Module not found: Can't resolve '@/components/RetroTerminal'
  3 | import SkillGrid from "@/components/SkillGrid";
  4 | import RetroComputer from "@/components/RetroComputer";
> 5 | import RetroTerminal from "@/components/RetroTerminal";
    | ^^^^^^^^^^^^^^^^^^^^^^^^^^^^^^^^^^^^^^^^^^^^^^^^^^^^^^^
  6 | import { getAllSkills } from "@/lib/skills";
  7 | import { isValidLocale, type Locale } from "@/i18n/config";
  8 | import { getDictionary } from "@/i18n/get-dictionary";

Import map: aliased to relative './src/components/RetroTerminal' inside of [project]/Desktop/I-Product/skillhub

https://nextjs.org/docs/messages/module-not-found @ http://localhost:3000/_next/static/chunks/c2fc1_next_dist_03d21e83._.js:3127
[   93135ms] [ERROR] ./Desktop/I-Product/skillhub/src/app/[locale]/page.tsx:5:1
Module not found: Can't resolve '@/components/RetroTerminal'
  3 | import SkillGrid from "@/components/SkillGrid";
  4 | import RetroComputer from "@/components/RetroComputer";
> 5 | import RetroTerminal from "@/components/RetroTerminal";
    | ^^^^^^^^^^^^^^^^^^^^^^^^^^^^^^^^^^^^^^^^^^^^^^^^^^^^^^^
  6 | import { getAllSkills } from "@/lib/skills";
  7 | import { isValidLocale, type Locale } from "@/i18n/config";
  8 | import { getDictionary } from "@/i18n/get-dictionary";

Import map: aliased to relative './src/components/RetroTerminal' inside of [project]/Desktop/I-Product/skillhub

https://nextjs.org/docs/messages/module-not-found @ http://localhost:3000/_next/static/chunks/c2fc1_next_dist_03d21e83._.js:3127
[   93185ms] [ERROR] ./Desktop/I-Product/skillhub/src/app/[locale]/page.tsx:5:1
Module not found: Can't resolve '@/components/RetroTerminal'
  3 | import SkillGrid from "@/components/SkillGrid";
  4 | import RetroComputer from "@/components/RetroComputer";
> 5 | import RetroTerminal from "@/components/RetroTerminal";
    | ^^^^^^^^^^^^^^^^^^^^^^^^^^^^^^^^^^^^^^^^^^^^^^^^^^^^^^^
  6 | import { getAllSkills } from "@/lib/skills";
  7 | import { isValidLocale, type Locale } from "@/i18n/config";
  8 | import { getDictionary } from "@/i18n/get-dictionary";

Import map: aliased to relative './src/components/RetroTerminal' inside of [project]/Desktop/I-Product/skillhub

https://nextjs.org/docs/messages/module-not-found @ http://localhost:3000/_next/static/chunks/c2fc1_next_dist_03d21e83._.js:3127
[   93234ms] [ERROR] ./Desktop/I-Product/skillhub/src/app/[locale]/page.tsx:5:1
Module not found: Can't resolve '@/components/RetroTerminal'
  3 | import SkillGrid from "@/components/SkillGrid";
  4 | import RetroComputer from "@/components/RetroComputer";
> 5 | import RetroTerminal from "@/components/RetroTerminal";
    | ^^^^^^^^^^^^^^^^^^^^^^^^^^^^^^^^^^^^^^^^^^^^^^^^^^^^^^^
  6 | import { getAllSkills } from "@/lib/skills";
  7 | import { isValidLocale, type Locale } from "@/i18n/config";
  8 | import { getDictionary } from "@/i18n/get-dictionary";

Import map: aliased to relative './src/components/RetroTerminal' inside of [project]/Desktop/I-Product/skillhub

https://nextjs.org/docs/messages/module-not-found @ http://localhost:3000/_next/static/chunks/c2fc1_next_dist_03d21e83._.js:3127
[   93283ms] [ERROR] ./Desktop/I-Product/skillhub/src/app/[locale]/page.tsx:5:1
Module not found: Can't resolve '@/components/RetroTerminal'
  3 | import SkillGrid from "@/components/SkillGrid";
  4 | import RetroComputer from "@/components/RetroComputer";
> 5 | import RetroTerminal from "@/components/RetroTerminal";
    | ^^^^^^^^^^^^^^^^^^^^^^^^^^^^^^^^^^^^^^^^^^^^^^^^^^^^^^^
  6 | import { getAllSkills } from "@/lib/skills";
  7 | import { isValidLocale, type Locale } from "@/i18n/config";
  8 | import { getDictionary } from "@/i18n/get-dictionary";

Import map: aliased to relative './src/components/RetroTerminal' inside of [project]/Desktop/I-Product/skillhub

https://nextjs.org/docs/messages/module-not-found @ http://localhost:3000/_next/static/chunks/c2fc1_next_dist_03d21e83._.js:3127
[   93334ms] [ERROR] ./Desktop/I-Product/skillhub/src/app/[locale]/page.tsx:5:1
Module not found: Can't resolve '@/components/RetroTerminal'
  3 | import SkillGrid from "@/components/SkillGrid";
  4 | import RetroComputer from "@/components/RetroComputer";
> 5 | import RetroTerminal from "@/components/RetroTerminal";
    | ^^^^^^^^^^^^^^^^^^^^^^^^^^^^^^^^^^^^^^^^^^^^^^^^^^^^^^^
  6 | import { getAllSkills } from "@/lib/skills";
  7 | import { isValidLocale, type Locale } from "@/i18n/config";
  8 | import { getDictionary } from "@/i18n/get-dictionary";

Import map: aliased to relative './src/components/RetroTerminal' inside of [project]/Desktop/I-Product/skillhub

https://nextjs.org/docs/messages/module-not-found @ http://localhost:3000/_next/static/chunks/c2fc1_next_dist_03d21e83._.js:3127
[   93392ms] [ERROR] ./Desktop/I-Product/skillhub/src/app/[locale]/page.tsx:5:1
Module not found: Can't resolve '@/components/RetroTerminal'
  3 | import SkillGrid from "@/components/SkillGrid";
  4 | import RetroComputer from "@/components/RetroComputer";
> 5 | import RetroTerminal from "@/components/RetroTerminal";
    | ^^^^^^^^^^^^^^^^^^^^^^^^^^^^^^^^^^^^^^^^^^^^^^^^^^^^^^^
  6 | import { getAllSkills } from "@/lib/skills";
  7 | import { isValidLocale, type Locale } from "@/i18n/config";
  8 | import { getDictionary } from "@/i18n/get-dictionary";

Import map: aliased to relative './src/components/RetroTerminal' inside of [project]/Desktop/I-Product/skillhub

https://nextjs.org/docs/messages/module-not-found @ http://localhost:3000/_next/static/chunks/c2fc1_next_dist_03d21e83._.js:3127
[   93442ms] [ERROR] ./Desktop/I-Product/skillhub/src/app/[locale]/page.tsx:5:1
Module not found: Can't resolve '@/components/RetroTerminal'
  3 | import SkillGrid from "@/components/SkillGrid";
  4 | import RetroComputer from "@/components/RetroComputer";
> 5 | import RetroTerminal from "@/components/RetroTerminal";
    | ^^^^^^^^^^^^^^^^^^^^^^^^^^^^^^^^^^^^^^^^^^^^^^^^^^^^^^^
  6 | import { getAllSkills } from "@/lib/skills";
  7 | import { isValidLocale, type Locale } from "@/i18n/config";
  8 | import { getDictionary } from "@/i18n/get-dictionary";

Import map: aliased to relative './src/components/RetroTerminal' inside of [project]/Desktop/I-Product/skillhub

https://nextjs.org/docs/messages/module-not-found @ http://localhost:3000/_next/static/chunks/c2fc1_next_dist_03d21e83._.js:3127
[   93497ms] [ERROR] ./Desktop/I-Product/skillhub/src/app/[locale]/page.tsx:5:1
Module not found: Can't resolve '@/components/RetroTerminal'
  3 | import SkillGrid from "@/components/SkillGrid";
  4 | import RetroComputer from "@/components/RetroComputer";
> 5 | import RetroTerminal from "@/components/RetroTerminal";
    | ^^^^^^^^^^^^^^^^^^^^^^^^^^^^^^^^^^^^^^^^^^^^^^^^^^^^^^^
  6 | import { getAllSkills } from "@/lib/skills";
  7 | import { isValidLocale, type Locale } from "@/i18n/config";
  8 | import { getDictionary } from "@/i18n/get-dictionary";

Import map: aliased to relative './src/components/RetroTerminal' inside of [project]/Desktop/I-Product/skillhub

https://nextjs.org/docs/messages/module-not-found @ http://localhost:3000/_next/static/chunks/c2fc1_next_dist_03d21e83._.js:3127
[   93549ms] [ERROR] ./Desktop/I-Product/skillhub/src/app/[locale]/page.tsx:5:1
Module not found: Can't resolve '@/components/RetroTerminal'
  3 | import SkillGrid from "@/components/SkillGrid";
  4 | import RetroComputer from "@/components/RetroComputer";
> 5 | import RetroTerminal from "@/components/RetroTerminal";
    | ^^^^^^^^^^^^^^^^^^^^^^^^^^^^^^^^^^^^^^^^^^^^^^^^^^^^^^^
  6 | import { getAllSkills } from "@/lib/skills";
  7 | import { isValidLocale, type Locale } from "@/i18n/config";
  8 | import { getDictionary } from "@/i18n/get-dictionary";

Import map: aliased to relative './src/components/RetroTerminal' inside of [project]/Desktop/I-Product/skillhub

https://nextjs.org/docs/messages/module-not-found @ http://localhost:3000/_next/static/chunks/c2fc1_next_dist_03d21e83._.js:3127
[   93597ms] [ERROR] ./Desktop/I-Product/skillhub/src/app/[locale]/page.tsx:5:1
Module not found: Can't resolve '@/components/RetroTerminal'
  3 | import SkillGrid from "@/components/SkillGrid";
  4 | import RetroComputer from "@/components/RetroComputer";
> 5 | import RetroTerminal from "@/components/RetroTerminal";
    | ^^^^^^^^^^^^^^^^^^^^^^^^^^^^^^^^^^^^^^^^^^^^^^^^^^^^^^^
  6 | import { getAllSkills } from "@/lib/skills";
  7 | import { isValidLocale, type Locale } from "@/i18n/config";
  8 | import { getDictionary } from "@/i18n/get-dictionary";

Import map: aliased to relative './src/components/RetroTerminal' inside of [project]/Desktop/I-Product/skillhub

https://nextjs.org/docs/messages/module-not-found @ http://localhost:3000/_next/static/chunks/c2fc1_next_dist_03d21e83._.js:3127
[   93650ms] [ERROR] ./Desktop/I-Product/skillhub/src/app/[locale]/page.tsx:5:1
Module not found: Can't resolve '@/components/RetroTerminal'
  3 | import SkillGrid from "@/components/SkillGrid";
  4 | import RetroComputer from "@/components/RetroComputer";
> 5 | import RetroTerminal from "@/components/RetroTerminal";
    | ^^^^^^^^^^^^^^^^^^^^^^^^^^^^^^^^^^^^^^^^^^^^^^^^^^^^^^^
  6 | import { getAllSkills } from "@/lib/skills";
  7 | import { isValidLocale, type Locale } from "@/i18n/config";
  8 | import { getDictionary } from "@/i18n/get-dictionary";

Import map: aliased to relative './src/components/RetroTerminal' inside of [project]/Desktop/I-Product/skillhub

https://nextjs.org/docs/messages/module-not-found @ http://localhost:3000/_next/static/chunks/c2fc1_next_dist_03d21e83._.js:3127
[   93699ms] [ERROR] ./Desktop/I-Product/skillhub/src/app/[locale]/page.tsx:5:1
Module not found: Can't resolve '@/components/RetroTerminal'
  3 | import SkillGrid from "@/components/SkillGrid";
  4 | import RetroComputer from "@/components/RetroComputer";
> 5 | import RetroTerminal from "@/components/RetroTerminal";
    | ^^^^^^^^^^^^^^^^^^^^^^^^^^^^^^^^^^^^^^^^^^^^^^^^^^^^^^^
  6 | import { getAllSkills } from "@/lib/skills";
  7 | import { isValidLocale, type Locale } from "@/i18n/config";
  8 | import { getDictionary } from "@/i18n/get-dictionary";

Import map: aliased to relative './src/components/RetroTerminal' inside of [project]/Desktop/I-Product/skillhub

https://nextjs.org/docs/messages/module-not-found @ http://localhost:3000/_next/static/chunks/c2fc1_next_dist_03d21e83._.js:3127
[   93747ms] [ERROR] ./Desktop/I-Product/skillhub/src/app/[locale]/page.tsx:5:1
Module not found: Can't resolve '@/components/RetroTerminal'
  3 | import SkillGrid from "@/components/SkillGrid";
  4 | import RetroComputer from "@/components/RetroComputer";
> 5 | import RetroTerminal from "@/components/RetroTerminal";
    | ^^^^^^^^^^^^^^^^^^^^^^^^^^^^^^^^^^^^^^^^^^^^^^^^^^^^^^^
  6 | import { getAllSkills } from "@/lib/skills";
  7 | import { isValidLocale, type Locale } from "@/i18n/config";
  8 | import { getDictionary } from "@/i18n/get-dictionary";

Import map: aliased to relative './src/components/RetroTerminal' inside of [project]/Desktop/I-Product/skillhub

https://nextjs.org/docs/messages/module-not-found @ http://localhost:3000/_next/static/chunks/c2fc1_next_dist_03d21e83._.js:3127
[   93798ms] [ERROR] ./Desktop/I-Product/skillhub/src/app/[locale]/page.tsx:5:1
Module not found: Can't resolve '@/components/RetroTerminal'
  3 | import SkillGrid from "@/components/SkillGrid";
  4 | import RetroComputer from "@/components/RetroComputer";
> 5 | import RetroTerminal from "@/components/RetroTerminal";
    | ^^^^^^^^^^^^^^^^^^^^^^^^^^^^^^^^^^^^^^^^^^^^^^^^^^^^^^^
  6 | import { getAllSkills } from "@/lib/skills";
  7 | import { isValidLocale, type Locale } from "@/i18n/config";
  8 | import { getDictionary } from "@/i18n/get-dictionary";

Import map: aliased to relative './src/components/RetroTerminal' inside of [project]/Desktop/I-Product/skillhub

https://nextjs.org/docs/messages/module-not-found @ http://localhost:3000/_next/static/chunks/c2fc1_next_dist_03d21e83._.js:3127
[   93849ms] [ERROR] ./Desktop/I-Product/skillhub/src/app/[locale]/page.tsx:5:1
Module not found: Can't resolve '@/components/RetroTerminal'
  3 | import SkillGrid from "@/components/SkillGrid";
  4 | import RetroComputer from "@/components/RetroComputer";
> 5 | import RetroTerminal from "@/components/RetroTerminal";
    | ^^^^^^^^^^^^^^^^^^^^^^^^^^^^^^^^^^^^^^^^^^^^^^^^^^^^^^^
  6 | import { getAllSkills } from "@/lib/skills";
  7 | import { isValidLocale, type Locale } from "@/i18n/config";
  8 | import { getDictionary } from "@/i18n/get-dictionary";

Import map: aliased to relative './src/components/RetroTerminal' inside of [project]/Desktop/I-Product/skillhub

https://nextjs.org/docs/messages/module-not-found @ http://localhost:3000/_next/static/chunks/c2fc1_next_dist_03d21e83._.js:3127
[   93899ms] [ERROR] ./Desktop/I-Product/skillhub/src/app/[locale]/page.tsx:5:1
Module not found: Can't resolve '@/components/RetroTerminal'
  3 | import SkillGrid from "@/components/SkillGrid";
  4 | import RetroComputer from "@/components/RetroComputer";
> 5 | import RetroTerminal from "@/components/RetroTerminal";
    | ^^^^^^^^^^^^^^^^^^^^^^^^^^^^^^^^^^^^^^^^^^^^^^^^^^^^^^^
  6 | import { getAllSkills } from "@/lib/skills";
  7 | import { isValidLocale, type Locale } from "@/i18n/config";
  8 | import { getDictionary } from "@/i18n/get-dictionary";

Import map: aliased to relative './src/components/RetroTerminal' inside of [project]/Desktop/I-Product/skillhub

https://nextjs.org/docs/messages/module-not-found @ http://localhost:3000/_next/static/chunks/c2fc1_next_dist_03d21e83._.js:3127
[   93948ms] [ERROR] ./Desktop/I-Product/skillhub/src/app/[locale]/page.tsx:5:1
Module not found: Can't resolve '@/components/RetroTerminal'
  3 | import SkillGrid from "@/components/SkillGrid";
  4 | import RetroComputer from "@/components/RetroComputer";
> 5 | import RetroTerminal from "@/components/RetroTerminal";
    | ^^^^^^^^^^^^^^^^^^^^^^^^^^^^^^^^^^^^^^^^^^^^^^^^^^^^^^^
  6 | import { getAllSkills } from "@/lib/skills";
  7 | import { isValidLocale, type Locale } from "@/i18n/config";
  8 | import { getDictionary } from "@/i18n/get-dictionary";

Import map: aliased to relative './src/components/RetroTerminal' inside of [project]/Desktop/I-Product/skillhub

https://nextjs.org/docs/messages/module-not-found @ http://localhost:3000/_next/static/chunks/c2fc1_next_dist_03d21e83._.js:3127
[   94021ms] [ERROR] ./Desktop/I-Product/skillhub/src/app/[locale]/page.tsx:5:1
Module not found: Can't resolve '@/components/RetroTerminal'
  3 | import SkillGrid from "@/components/SkillGrid";
  4 | import RetroComputer from "@/components/RetroComputer";
> 5 | import RetroTerminal from "@/components/RetroTerminal";
    | ^^^^^^^^^^^^^^^^^^^^^^^^^^^^^^^^^^^^^^^^^^^^^^^^^^^^^^^
  6 | import { getAllSkills } from "@/lib/skills";
  7 | import { isValidLocale, type Locale } from "@/i18n/config";
  8 | import { getDictionary } from "@/i18n/get-dictionary";

Import map: aliased to relative './src/components/RetroTerminal' inside of [project]/Desktop/I-Product/skillhub

https://nextjs.org/docs/messages/module-not-found @ http://localhost:3000/_next/static/chunks/c2fc1_next_dist_03d21e83._.js:3127
[   94100ms] [ERROR] ./Desktop/I-Product/skillhub/src/app/[locale]/page.tsx:5:1
Module not found: Can't resolve '@/components/RetroTerminal'
  3 | import SkillGrid from "@/components/SkillGrid";
  4 | import RetroComputer from "@/components/RetroComputer";
> 5 | import RetroTerminal from "@/components/RetroTerminal";
    | ^^^^^^^^^^^^^^^^^^^^^^^^^^^^^^^^^^^^^^^^^^^^^^^^^^^^^^^
  6 | import { getAllSkills } from "@/lib/skills";
  7 | import { isValidLocale, type Locale } from "@/i18n/config";
  8 | import { getDictionary } from "@/i18n/get-dictionary";

Import map: aliased to relative './src/components/RetroTerminal' inside of [project]/Desktop/I-Product/skillhub

https://nextjs.org/docs/messages/module-not-found @ http://localhost:3000/_next/static/chunks/c2fc1_next_dist_03d21e83._.js:3127
[   94152ms] [ERROR] ./Desktop/I-Product/skillhub/src/app/[locale]/page.tsx:5:1
Module not found: Can't resolve '@/components/RetroTerminal'
  3 | import SkillGrid from "@/components/SkillGrid";
  4 | import RetroComputer from "@/components/RetroComputer";
> 5 | import RetroTerminal from "@/components/RetroTerminal";
    | ^^^^^^^^^^^^^^^^^^^^^^^^^^^^^^^^^^^^^^^^^^^^^^^^^^^^^^^
  6 | import { getAllSkills } from "@/lib/skills";
  7 | import { isValidLocale, type Locale } from "@/i18n/config";
  8 | import { getDictionary } from "@/i18n/get-dictionary";

Import map: aliased to relative './src/components/RetroTerminal' inside of [project]/Desktop/I-Product/skillhub

https://nextjs.org/docs/messages/module-not-found @ http://localhost:3000/_next/static/chunks/c2fc1_next_dist_03d21e83._.js:3127
[   94201ms] [ERROR] ./Desktop/I-Product/skillhub/src/app/[locale]/page.tsx:5:1
Module not found: Can't resolve '@/components/RetroTerminal'
  3 | import SkillGrid from "@/components/SkillGrid";
  4 | import RetroComputer from "@/components/RetroComputer";
> 5 | import RetroTerminal from "@/components/RetroTerminal";
    | ^^^^^^^^^^^^^^^^^^^^^^^^^^^^^^^^^^^^^^^^^^^^^^^^^^^^^^^
  6 | import { getAllSkills } from "@/lib/skills";
  7 | import { isValidLocale, type Locale } from "@/i18n/config";
  8 | import { getDictionary } from "@/i18n/get-dictionary";

Import map: aliased to relative './src/components/RetroTerminal' inside of [project]/Desktop/I-Product/skillhub

https://nextjs.org/docs/messages/module-not-found @ http://localhost:3000/_next/static/chunks/c2fc1_next_dist_03d21e83._.js:3127
[   94254ms] [ERROR] ./Desktop/I-Product/skillhub/src/app/[locale]/page.tsx:5:1
Module not found: Can't resolve '@/components/RetroTerminal'
  3 | import SkillGrid from "@/components/SkillGrid";
  4 | import RetroComputer from "@/components/RetroComputer";
> 5 | import RetroTerminal from "@/components/RetroTerminal";
    | ^^^^^^^^^^^^^^^^^^^^^^^^^^^^^^^^^^^^^^^^^^^^^^^^^^^^^^^
  6 | import { getAllSkills } from "@/lib/skills";
  7 | import { isValidLocale, type Locale } from "@/i18n/config";
  8 | import { getDictionary } from "@/i18n/get-dictionary";

Import map: aliased to relative './src/components/RetroTerminal' inside of [project]/Desktop/I-Product/skillhub

https://nextjs.org/docs/messages/module-not-found @ http://localhost:3000/_next/static/chunks/c2fc1_next_dist_03d21e83._.js:3127
[   94300ms] [ERROR] ./Desktop/I-Product/skillhub/src/app/[locale]/page.tsx:5:1
Module not found: Can't resolve '@/components/RetroTerminal'
  3 | import SkillGrid from "@/components/SkillGrid";
  4 | import RetroComputer from "@/components/RetroComputer";
> 5 | import RetroTerminal from "@/components/RetroTerminal";
    | ^^^^^^^^^^^^^^^^^^^^^^^^^^^^^^^^^^^^^^^^^^^^^^^^^^^^^^^
  6 | import { getAllSkills } from "@/lib/skills";
  7 | import { isValidLocale, type Locale } from "@/i18n/config";
  8 | import { getDictionary } from "@/i18n/get-dictionary";

Import map: aliased to relative './src/components/RetroTerminal' inside of [project]/Desktop/I-Product/skillhub

https://nextjs.org/docs/messages/module-not-found @ http://localhost:3000/_next/static/chunks/c2fc1_next_dist_03d21e83._.js:3127
[   94350ms] [ERROR] ./Desktop/I-Product/skillhub/src/app/[locale]/page.tsx:5:1
Module not found: Can't resolve '@/components/RetroTerminal'
  3 | import SkillGrid from "@/components/SkillGrid";
  4 | import RetroComputer from "@/components/RetroComputer";
> 5 | import RetroTerminal from "@/components/RetroTerminal";
    | ^^^^^^^^^^^^^^^^^^^^^^^^^^^^^^^^^^^^^^^^^^^^^^^^^^^^^^^
  6 | import { getAllSkills } from "@/lib/skills";
  7 | import { isValidLocale, type Locale } from "@/i18n/config";
  8 | import { getDictionary } from "@/i18n/get-dictionary";

Import map: aliased to relative './src/components/RetroTerminal' inside of [project]/Desktop/I-Product/skillhub

https://nextjs.org/docs/messages/module-not-found @ http://localhost:3000/_next/static/chunks/c2fc1_next_dist_03d21e83._.js:3127
[   94399ms] [ERROR] ./Desktop/I-Product/skillhub/src/app/[locale]/page.tsx:5:1
Module not found: Can't resolve '@/components/RetroTerminal'
  3 | import SkillGrid from "@/components/SkillGrid";
  4 | import RetroComputer from "@/components/RetroComputer";
> 5 | import RetroTerminal from "@/components/RetroTerminal";
    | ^^^^^^^^^^^^^^^^^^^^^^^^^^^^^^^^^^^^^^^^^^^^^^^^^^^^^^^
  6 | import { getAllSkills } from "@/lib/skills";
  7 | import { isValidLocale, type Locale } from "@/i18n/config";
  8 | import { getDictionary } from "@/i18n/get-dictionary";

Import map: aliased to relative './src/components/RetroTerminal' inside of [project]/Desktop/I-Product/skillhub

https://nextjs.org/docs/messages/module-not-found @ http://localhost:3000/_next/static/chunks/c2fc1_next_dist_03d21e83._.js:3127
[   94449ms] [ERROR] ./Desktop/I-Product/skillhub/src/app/[locale]/page.tsx:5:1
Module not found: Can't resolve '@/components/RetroTerminal'
  3 | import SkillGrid from "@/components/SkillGrid";
  4 | import RetroComputer from "@/components/RetroComputer";
> 5 | import RetroTerminal from "@/components/RetroTerminal";
    | ^^^^^^^^^^^^^^^^^^^^^^^^^^^^^^^^^^^^^^^^^^^^^^^^^^^^^^^
  6 | import { getAllSkills } from "@/lib/skills";
  7 | import { isValidLocale, type Locale } from "@/i18n/config";
  8 | import { getDictionary } from "@/i18n/get-dictionary";

Import map: aliased to relative './src/components/RetroTerminal' inside of [project]/Desktop/I-Product/skillhub

https://nextjs.org/docs/messages/module-not-found @ http://localhost:3000/_next/static/chunks/c2fc1_next_dist_03d21e83._.js:3127
[   94497ms] [ERROR] ./Desktop/I-Product/skillhub/src/app/[locale]/page.tsx:5:1
Module not found: Can't resolve '@/components/RetroTerminal'
  3 | import SkillGrid from "@/components/SkillGrid";
  4 | import RetroComputer from "@/components/RetroComputer";
> 5 | import RetroTerminal from "@/components/RetroTerminal";
    | ^^^^^^^^^^^^^^^^^^^^^^^^^^^^^^^^^^^^^^^^^^^^^^^^^^^^^^^
  6 | import { getAllSkills } from "@/lib/skills";
  7 | import { isValidLocale, type Locale } from "@/i18n/config";
  8 | import { getDictionary } from "@/i18n/get-dictionary";

Import map: aliased to relative './src/components/RetroTerminal' inside of [project]/Desktop/I-Product/skillhub

https://nextjs.org/docs/messages/module-not-found @ http://localhost:3000/_next/static/chunks/c2fc1_next_dist_03d21e83._.js:3127
[   94548ms] [ERROR] ./Desktop/I-Product/skillhub/src/app/[locale]/page.tsx:5:1
Module not found: Can't resolve '@/components/RetroTerminal'
  3 | import SkillGrid from "@/components/SkillGrid";
  4 | import RetroComputer from "@/components/RetroComputer";
> 5 | import RetroTerminal from "@/components/RetroTerminal";
    | ^^^^^^^^^^^^^^^^^^^^^^^^^^^^^^^^^^^^^^^^^^^^^^^^^^^^^^^
  6 | import { getAllSkills } from "@/lib/skills";
  7 | import { isValidLocale, type Locale } from "@/i18n/config";
  8 | import { getDictionary } from "@/i18n/get-dictionary";

Import map: aliased to relative './src/components/RetroTerminal' inside of [project]/Desktop/I-Product/skillhub

https://nextjs.org/docs/messages/module-not-found @ http://localhost:3000/_next/static/chunks/c2fc1_next_dist_03d21e83._.js:3127
[   94600ms] [ERROR] ./Desktop/I-Product/skillhub/src/app/[locale]/page.tsx:5:1
Module not found: Can't resolve '@/components/RetroTerminal'
  3 | import SkillGrid from "@/components/SkillGrid";
  4 | import RetroComputer from "@/components/RetroComputer";
> 5 | import RetroTerminal from "@/components/RetroTerminal";
    | ^^^^^^^^^^^^^^^^^^^^^^^^^^^^^^^^^^^^^^^^^^^^^^^^^^^^^^^
  6 | import { getAllSkills } from "@/lib/skills";
  7 | import { isValidLocale, type Locale } from "@/i18n/config";
  8 | import { getDictionary } from "@/i18n/get-dictionary";

Import map: aliased to relative './src/components/RetroTerminal' inside of [project]/Desktop/I-Product/skillhub

https://nextjs.org/docs/messages/module-not-found @ http://localhost:3000/_next/static/chunks/c2fc1_next_dist_03d21e83._.js:3127
[   94649ms] [ERROR] ./Desktop/I-Product/skillhub/src/app/[locale]/page.tsx:5:1
Module not found: Can't resolve '@/components/RetroTerminal'
  3 | import SkillGrid from "@/components/SkillGrid";
  4 | import RetroComputer from "@/components/RetroComputer";
> 5 | import RetroTerminal from "@/components/RetroTerminal";
    | ^^^^^^^^^^^^^^^^^^^^^^^^^^^^^^^^^^^^^^^^^^^^^^^^^^^^^^^
  6 | import { getAllSkills } from "@/lib/skills";
  7 | import { isValidLocale, type Locale } from "@/i18n/config";
  8 | import { getDictionary } from "@/i18n/get-dictionary";

Import map: aliased to relative './src/components/RetroTerminal' inside of [project]/Desktop/I-Product/skillhub

https://nextjs.org/docs/messages/module-not-found @ http://localhost:3000/_next/static/chunks/c2fc1_next_dist_03d21e83._.js:3127
[   94699ms] [ERROR] ./Desktop/I-Product/skillhub/src/app/[locale]/page.tsx:5:1
Module not found: Can't resolve '@/components/RetroTerminal'
  3 | import SkillGrid from "@/components/SkillGrid";
  4 | import RetroComputer from "@/components/RetroComputer";
> 5 | import RetroTerminal from "@/components/RetroTerminal";
    | ^^^^^^^^^^^^^^^^^^^^^^^^^^^^^^^^^^^^^^^^^^^^^^^^^^^^^^^
  6 | import { getAllSkills } from "@/lib/skills";
  7 | import { isValidLocale, type Locale } from "@/i18n/config";
  8 | import { getDictionary } from "@/i18n/get-dictionary";

Import map: aliased to relative './src/components/RetroTerminal' inside of [project]/Desktop/I-Product/skillhub

https://nextjs.org/docs/messages/module-not-found @ http://localhost:3000/_next/static/chunks/c2fc1_next_dist_03d21e83._.js:3127
[   94749ms] [ERROR] ./Desktop/I-Product/skillhub/src/app/[locale]/page.tsx:5:1
Module not found: Can't resolve '@/components/RetroTerminal'
  3 | import SkillGrid from "@/components/SkillGrid";
  4 | import RetroComputer from "@/components/RetroComputer";
> 5 | import RetroTerminal from "@/components/RetroTerminal";
    | ^^^^^^^^^^^^^^^^^^^^^^^^^^^^^^^^^^^^^^^^^^^^^^^^^^^^^^^
  6 | import { getAllSkills } from "@/lib/skills";
  7 | import { isValidLocale, type Locale } from "@/i18n/config";
  8 | import { getDictionary } from "@/i18n/get-dictionary";

Import map: aliased to relative './src/components/RetroTerminal' inside of [project]/Desktop/I-Product/skillhub

https://nextjs.org/docs/messages/module-not-found @ http://localhost:3000/_next/static/chunks/c2fc1_next_dist_03d21e83._.js:3127
[   94798ms] [ERROR] ./Desktop/I-Product/skillhub/src/app/[locale]/page.tsx:5:1
Module not found: Can't resolve '@/components/RetroTerminal'
  3 | import SkillGrid from "@/components/SkillGrid";
  4 | import RetroComputer from "@/components/RetroComputer";
> 5 | import RetroTerminal from "@/components/RetroTerminal";
    | ^^^^^^^^^^^^^^^^^^^^^^^^^^^^^^^^^^^^^^^^^^^^^^^^^^^^^^^
  6 | import { getAllSkills } from "@/lib/skills";
  7 | import { isValidLocale, type Locale } from "@/i18n/config";
  8 | import { getDictionary } from "@/i18n/get-dictionary";

Import map: aliased to relative './src/components/RetroTerminal' inside of [project]/Desktop/I-Product/skillhub

https://nextjs.org/docs/messages/module-not-found @ http://localhost:3000/_next/static/chunks/c2fc1_next_dist_03d21e83._.js:3127
[   94848ms] [ERROR] ./Desktop/I-Product/skillhub/src/app/[locale]/page.tsx:5:1
Module not found: Can't resolve '@/components/RetroTerminal'
  3 | import SkillGrid from "@/components/SkillGrid";
  4 | import RetroComputer from "@/components/RetroComputer";
> 5 | import RetroTerminal from "@/components/RetroTerminal";
    | ^^^^^^^^^^^^^^^^^^^^^^^^^^^^^^^^^^^^^^^^^^^^^^^^^^^^^^^
  6 | import { getAllSkills } from "@/lib/skills";
  7 | import { isValidLocale, type Locale } from "@/i18n/config";
  8 | import { getDictionary } from "@/i18n/get-dictionary";

Import map: aliased to relative './src/components/RetroTerminal' inside of [project]/Desktop/I-Product/skillhub

https://nextjs.org/docs/messages/module-not-found @ http://localhost:3000/_next/static/chunks/c2fc1_next_dist_03d21e83._.js:3127
[   94898ms] [ERROR] ./Desktop/I-Product/skillhub/src/app/[locale]/page.tsx:5:1
Module not found: Can't resolve '@/components/RetroTerminal'
  3 | import SkillGrid from "@/components/SkillGrid";
  4 | import RetroComputer from "@/components/RetroComputer";
> 5 | import RetroTerminal from "@/components/RetroTerminal";
    | ^^^^^^^^^^^^^^^^^^^^^^^^^^^^^^^^^^^^^^^^^^^^^^^^^^^^^^^
  6 | import { getAllSkills } from "@/lib/skills";
  7 | import { isValidLocale, type Locale } from "@/i18n/config";
  8 | import { getDictionary } from "@/i18n/get-dictionary";

Import map: aliased to relative './src/components/RetroTerminal' inside of [project]/Desktop/I-Product/skillhub

https://nextjs.org/docs/messages/module-not-found @ http://localhost:3000/_next/static/chunks/c2fc1_next_dist_03d21e83._.js:3127
[   94948ms] [ERROR] ./Desktop/I-Product/skillhub/src/app/[locale]/page.tsx:5:1
Module not found: Can't resolve '@/components/RetroTerminal'
  3 | import SkillGrid from "@/components/SkillGrid";
  4 | import RetroComputer from "@/components/RetroComputer";
> 5 | import RetroTerminal from "@/components/RetroTerminal";
    | ^^^^^^^^^^^^^^^^^^^^^^^^^^^^^^^^^^^^^^^^^^^^^^^^^^^^^^^
  6 | import { getAllSkills } from "@/lib/skills";
  7 | import { isValidLocale, type Locale } from "@/i18n/config";
  8 | import { getDictionary } from "@/i18n/get-dictionary";

Import map: aliased to relative './src/components/RetroTerminal' inside of [project]/Desktop/I-Product/skillhub

https://nextjs.org/docs/messages/module-not-found @ http://localhost:3000/_next/static/chunks/c2fc1_next_dist_03d21e83._.js:3127
[   94998ms] [ERROR] ./Desktop/I-Product/skillhub/src/app/[locale]/page.tsx:5:1
Module not found: Can't resolve '@/components/RetroTerminal'
  3 | import SkillGrid from "@/components/SkillGrid";
  4 | import RetroComputer from "@/components/RetroComputer";
> 5 | import RetroTerminal from "@/components/RetroTerminal";
    | ^^^^^^^^^^^^^^^^^^^^^^^^^^^^^^^^^^^^^^^^^^^^^^^^^^^^^^^
  6 | import { getAllSkills } from "@/lib/skills";
  7 | import { isValidLocale, type Locale } from "@/i18n/config";
  8 | import { getDictionary } from "@/i18n/get-dictionary";

Import map: aliased to relative './src/components/RetroTerminal' inside of [project]/Desktop/I-Product/skillhub

https://nextjs.org/docs/messages/module-not-found @ http://localhost:3000/_next/static/chunks/c2fc1_next_dist_03d21e83._.js:3127
[   95047ms] [ERROR] ./Desktop/I-Product/skillhub/src/app/[locale]/page.tsx:5:1
Module not found: Can't resolve '@/components/RetroTerminal'
  3 | import SkillGrid from "@/components/SkillGrid";
  4 | import RetroComputer from "@/components/RetroComputer";
> 5 | import RetroTerminal from "@/components/RetroTerminal";
    | ^^^^^^^^^^^^^^^^^^^^^^^^^^^^^^^^^^^^^^^^^^^^^^^^^^^^^^^
  6 | import { getAllSkills } from "@/lib/skills";
  7 | import { isValidLocale, type Locale } from "@/i18n/config";
  8 | import { getDictionary } from "@/i18n/get-dictionary";

Import map: aliased to relative './src/components/RetroTerminal' inside of [project]/Desktop/I-Product/skillhub

https://nextjs.org/docs/messages/module-not-found @ http://localhost:3000/_next/static/chunks/c2fc1_next_dist_03d21e83._.js:3127
[   95098ms] [ERROR] ./Desktop/I-Product/skillhub/src/app/[locale]/page.tsx:5:1
Module not found: Can't resolve '@/components/RetroTerminal'
  3 | import SkillGrid from "@/components/SkillGrid";
  4 | import RetroComputer from "@/components/RetroComputer";
> 5 | import RetroTerminal from "@/components/RetroTerminal";
    | ^^^^^^^^^^^^^^^^^^^^^^^^^^^^^^^^^^^^^^^^^^^^^^^^^^^^^^^
  6 | import { getAllSkills } from "@/lib/skills";
  7 | import { isValidLocale, type Locale } from "@/i18n/config";
  8 | import { getDictionary } from "@/i18n/get-dictionary";

Import map: aliased to relative './src/components/RetroTerminal' inside of [project]/Desktop/I-Product/skillhub

https://nextjs.org/docs/messages/module-not-found @ http://localhost:3000/_next/static/chunks/c2fc1_next_dist_03d21e83._.js:3127
[   95148ms] [ERROR] ./Desktop/I-Product/skillhub/src/app/[locale]/page.tsx:5:1
Module not found: Can't resolve '@/components/RetroTerminal'
  3 | import SkillGrid from "@/components/SkillGrid";
  4 | import RetroComputer from "@/components/RetroComputer";
> 5 | import RetroTerminal from "@/components/RetroTerminal";
    | ^^^^^^^^^^^^^^^^^^^^^^^^^^^^^^^^^^^^^^^^^^^^^^^^^^^^^^^
  6 | import { getAllSkills } from "@/lib/skills";
  7 | import { isValidLocale, type Locale } from "@/i18n/config";
  8 | import { getDictionary } from "@/i18n/get-dictionary";

Import map: aliased to relative './src/components/RetroTerminal' inside of [project]/Desktop/I-Product/skillhub

https://nextjs.org/docs/messages/module-not-found @ http://localhost:3000/_next/static/chunks/c2fc1_next_dist_03d21e83._.js:3127
[   95198ms] [ERROR] ./Desktop/I-Product/skillhub/src/app/[locale]/page.tsx:5:1
Module not found: Can't resolve '@/components/RetroTerminal'
  3 | import SkillGrid from "@/components/SkillGrid";
  4 | import RetroComputer from "@/components/RetroComputer";
> 5 | import RetroTerminal from "@/components/RetroTerminal";
    | ^^^^^^^^^^^^^^^^^^^^^^^^^^^^^^^^^^^^^^^^^^^^^^^^^^^^^^^
  6 | import { getAllSkills } from "@/lib/skills";
  7 | import { isValidLocale, type Locale } from "@/i18n/config";
  8 | import { getDictionary } from "@/i18n/get-dictionary";

Import map: aliased to relative './src/components/RetroTerminal' inside of [project]/Desktop/I-Product/skillhub

https://nextjs.org/docs/messages/module-not-found @ http://localhost:3000/_next/static/chunks/c2fc1_next_dist_03d21e83._.js:3127
[   95252ms] [ERROR] ./Desktop/I-Product/skillhub/src/app/[locale]/page.tsx:5:1
Module not found: Can't resolve '@/components/RetroTerminal'
  3 | import SkillGrid from "@/components/SkillGrid";
  4 | import RetroComputer from "@/components/RetroComputer";
> 5 | import RetroTerminal from "@/components/RetroTerminal";
    | ^^^^^^^^^^^^^^^^^^^^^^^^^^^^^^^^^^^^^^^^^^^^^^^^^^^^^^^
  6 | import { getAllSkills } from "@/lib/skills";
  7 | import { isValidLocale, type Locale } from "@/i18n/config";
  8 | import { getDictionary } from "@/i18n/get-dictionary";

Import map: aliased to relative './src/components/RetroTerminal' inside of [project]/Desktop/I-Product/skillhub

https://nextjs.org/docs/messages/module-not-found @ http://localhost:3000/_next/static/chunks/c2fc1_next_dist_03d21e83._.js:3127
[   95301ms] [ERROR] ./Desktop/I-Product/skillhub/src/app/[locale]/page.tsx:5:1
Module not found: Can't resolve '@/components/RetroTerminal'
  3 | import SkillGrid from "@/components/SkillGrid";
  4 | import RetroComputer from "@/components/RetroComputer";
> 5 | import RetroTerminal from "@/components/RetroTerminal";
    | ^^^^^^^^^^^^^^^^^^^^^^^^^^^^^^^^^^^^^^^^^^^^^^^^^^^^^^^
  6 | import { getAllSkills } from "@/lib/skills";
  7 | import { isValidLocale, type Locale } from "@/i18n/config";
  8 | import { getDictionary } from "@/i18n/get-dictionary";

Import map: aliased to relative './src/components/RetroTerminal' inside of [project]/Desktop/I-Product/skillhub

https://nextjs.org/docs/messages/module-not-found @ http://localhost:3000/_next/static/chunks/c2fc1_next_dist_03d21e83._.js:3127
[   95350ms] [ERROR] ./Desktop/I-Product/skillhub/src/app/[locale]/page.tsx:5:1
Module not found: Can't resolve '@/components/RetroTerminal'
  3 | import SkillGrid from "@/components/SkillGrid";
  4 | import RetroComputer from "@/components/RetroComputer";
> 5 | import RetroTerminal from "@/components/RetroTerminal";
    | ^^^^^^^^^^^^^^^^^^^^^^^^^^^^^^^^^^^^^^^^^^^^^^^^^^^^^^^
  6 | import { getAllSkills } from "@/lib/skills";
  7 | import { isValidLocale, type Locale } from "@/i18n/config";
  8 | import { getDictionary } from "@/i18n/get-dictionary";

Import map: aliased to relative './src/components/RetroTerminal' inside of [project]/Desktop/I-Product/skillhub

https://nextjs.org/docs/messages/module-not-found @ http://localhost:3000/_next/static/chunks/c2fc1_next_dist_03d21e83._.js:3127
[   95398ms] [ERROR] ./Desktop/I-Product/skillhub/src/app/[locale]/page.tsx:5:1
Module not found: Can't resolve '@/components/RetroTerminal'
  3 | import SkillGrid from "@/components/SkillGrid";
  4 | import RetroComputer from "@/components/RetroComputer";
> 5 | import RetroTerminal from "@/components/RetroTerminal";
    | ^^^^^^^^^^^^^^^^^^^^^^^^^^^^^^^^^^^^^^^^^^^^^^^^^^^^^^^
  6 | import { getAllSkills } from "@/lib/skills";
  7 | import { isValidLocale, type Locale } from "@/i18n/config";
  8 | import { getDictionary } from "@/i18n/get-dictionary";

Import map: aliased to relative './src/components/RetroTerminal' inside of [project]/Desktop/I-Product/skillhub

https://nextjs.org/docs/messages/module-not-found @ http://localhost:3000/_next/static/chunks/c2fc1_next_dist_03d21e83._.js:3127
[   95488ms] [ERROR] ./Desktop/I-Product/skillhub/src/app/[locale]/page.tsx:5:1
Module not found: Can't resolve '@/components/RetroTerminal'
  3 | import SkillGrid from "@/components/SkillGrid";
  4 | import RetroComputer from "@/components/RetroComputer";
> 5 | import RetroTerminal from "@/components/RetroTerminal";
    | ^^^^^^^^^^^^^^^^^^^^^^^^^^^^^^^^^^^^^^^^^^^^^^^^^^^^^^^
  6 | import { getAllSkills } from "@/lib/skills";
  7 | import { isValidLocale, type Locale } from "@/i18n/config";
  8 | import { getDictionary } from "@/i18n/get-dictionary";

Import map: aliased to relative './src/components/RetroTerminal' inside of [project]/Desktop/I-Product/skillhub

https://nextjs.org/docs/messages/module-not-found @ http://localhost:3000/_next/static/chunks/c2fc1_next_dist_03d21e83._.js:3127
[   95549ms] [ERROR] ./Desktop/I-Product/skillhub/src/app/[locale]/page.tsx:5:1
Module not found: Can't resolve '@/components/RetroTerminal'
  3 | import SkillGrid from "@/components/SkillGrid";
  4 | import RetroComputer from "@/components/RetroComputer";
> 5 | import RetroTerminal from "@/components/RetroTerminal";
    | ^^^^^^^^^^^^^^^^^^^^^^^^^^^^^^^^^^^^^^^^^^^^^^^^^^^^^^^
  6 | import { getAllSkills } from "@/lib/skills";
  7 | import { isValidLocale, type Locale } from "@/i18n/config";
  8 | import { getDictionary } from "@/i18n/get-dictionary";

Import map: aliased to relative './src/components/RetroTerminal' inside of [project]/Desktop/I-Product/skillhub

https://nextjs.org/docs/messages/module-not-found @ http://localhost:3000/_next/static/chunks/c2fc1_next_dist_03d21e83._.js:3127
[   95600ms] [ERROR] ./Desktop/I-Product/skillhub/src/app/[locale]/page.tsx:5:1
Module not found: Can't resolve '@/components/RetroTerminal'
  3 | import SkillGrid from "@/components/SkillGrid";
  4 | import RetroComputer from "@/components/RetroComputer";
> 5 | import RetroTerminal from "@/components/RetroTerminal";
    | ^^^^^^^^^^^^^^^^^^^^^^^^^^^^^^^^^^^^^^^^^^^^^^^^^^^^^^^
  6 | import { getAllSkills } from "@/lib/skills";
  7 | import { isValidLocale, type Locale } from "@/i18n/config";
  8 | import { getDictionary } from "@/i18n/get-dictionary";

Import map: aliased to relative './src/components/RetroTerminal' inside of [project]/Desktop/I-Product/skillhub

https://nextjs.org/docs/messages/module-not-found @ http://localhost:3000/_next/static/chunks/c2fc1_next_dist_03d21e83._.js:3127
[   95651ms] [ERROR] ./Desktop/I-Product/skillhub/src/app/[locale]/page.tsx:5:1
Module not found: Can't resolve '@/components/RetroTerminal'
  3 | import SkillGrid from "@/components/SkillGrid";
  4 | import RetroComputer from "@/components/RetroComputer";
> 5 | import RetroTerminal from "@/components/RetroTerminal";
    | ^^^^^^^^^^^^^^^^^^^^^^^^^^^^^^^^^^^^^^^^^^^^^^^^^^^^^^^
  6 | import { getAllSkills } from "@/lib/skills";
  7 | import { isValidLocale, type Locale } from "@/i18n/config";
  8 | import { getDictionary } from "@/i18n/get-dictionary";

Import map: aliased to relative './src/components/RetroTerminal' inside of [project]/Desktop/I-Product/skillhub

https://nextjs.org/docs/messages/module-not-found @ http://localhost:3000/_next/static/chunks/c2fc1_next_dist_03d21e83._.js:3127
[   95717ms] [ERROR] ./Desktop/I-Product/skillhub/src/app/[locale]/page.tsx:5:1
Module not found: Can't resolve '@/components/RetroTerminal'
  3 | import SkillGrid from "@/components/SkillGrid";
  4 | import RetroComputer from "@/components/RetroComputer";
> 5 | import RetroTerminal from "@/components/RetroTerminal";
    | ^^^^^^^^^^^^^^^^^^^^^^^^^^^^^^^^^^^^^^^^^^^^^^^^^^^^^^^
  6 | import { getAllSkills } from "@/lib/skills";
  7 | import { isValidLocale, type Locale } from "@/i18n/config";
  8 | import { getDictionary } from "@/i18n/get-dictionary";

Import map: aliased to relative './src/components/RetroTerminal' inside of [project]/Desktop/I-Product/skillhub

https://nextjs.org/docs/messages/module-not-found @ http://localhost:3000/_next/static/chunks/c2fc1_next_dist_03d21e83._.js:3127
[   95767ms] [ERROR] ./Desktop/I-Product/skillhub/src/app/[locale]/page.tsx:5:1
Module not found: Can't resolve '@/components/RetroTerminal'
  3 | import SkillGrid from "@/components/SkillGrid";
  4 | import RetroComputer from "@/components/RetroComputer";
> 5 | import RetroTerminal from "@/components/RetroTerminal";
    | ^^^^^^^^^^^^^^^^^^^^^^^^^^^^^^^^^^^^^^^^^^^^^^^^^^^^^^^
  6 | import { getAllSkills } from "@/lib/skills";
  7 | import { isValidLocale, type Locale } from "@/i18n/config";
  8 | import { getDictionary } from "@/i18n/get-dictionary";

Import map: aliased to relative './src/components/RetroTerminal' inside of [project]/Desktop/I-Product/skillhub

https://nextjs.org/docs/messages/module-not-found @ http://localhost:3000/_next/static/chunks/c2fc1_next_dist_03d21e83._.js:3127
[   95818ms] [ERROR] ./Desktop/I-Product/skillhub/src/app/[locale]/page.tsx:5:1
Module not found: Can't resolve '@/components/RetroTerminal'
  3 | import SkillGrid from "@/components/SkillGrid";
  4 | import RetroComputer from "@/components/RetroComputer";
> 5 | import RetroTerminal from "@/components/RetroTerminal";
    | ^^^^^^^^^^^^^^^^^^^^^^^^^^^^^^^^^^^^^^^^^^^^^^^^^^^^^^^
  6 | import { getAllSkills } from "@/lib/skills";
  7 | import { isValidLocale, type Locale } from "@/i18n/config";
  8 | import { getDictionary } from "@/i18n/get-dictionary";

Import map: aliased to relative './src/components/RetroTerminal' inside of [project]/Desktop/I-Product/skillhub

https://nextjs.org/docs/messages/module-not-found @ http://localhost:3000/_next/static/chunks/c2fc1_next_dist_03d21e83._.js:3127
[   95867ms] [ERROR] ./Desktop/I-Product/skillhub/src/app/[locale]/page.tsx:5:1
Module not found: Can't resolve '@/components/RetroTerminal'
  3 | import SkillGrid from "@/components/SkillGrid";
  4 | import RetroComputer from "@/components/RetroComputer";
> 5 | import RetroTerminal from "@/components/RetroTerminal";
    | ^^^^^^^^^^^^^^^^^^^^^^^^^^^^^^^^^^^^^^^^^^^^^^^^^^^^^^^
  6 | import { getAllSkills } from "@/lib/skills";
  7 | import { isValidLocale, type Locale } from "@/i18n/config";
  8 | import { getDictionary } from "@/i18n/get-dictionary";

Import map: aliased to relative './src/components/RetroTerminal' inside of [project]/Desktop/I-Product/skillhub

https://nextjs.org/docs/messages/module-not-found @ http://localhost:3000/_next/static/chunks/c2fc1_next_dist_03d21e83._.js:3127
[   95910ms] [ERROR] ./Desktop/I-Product/skillhub/src/app/[locale]/page.tsx:5:1
Module not found: Can't resolve '@/components/RetroTerminal'
  3 | import SkillGrid from "@/components/SkillGrid";
  4 | import RetroComputer from "@/components/RetroComputer";
> 5 | import RetroTerminal from "@/components/RetroTerminal";
    | ^^^^^^^^^^^^^^^^^^^^^^^^^^^^^^^^^^^^^^^^^^^^^^^^^^^^^^^
  6 | import { getAllSkills } from "@/lib/skills";
  7 | import { isValidLocale, type Locale } from "@/i18n/config";
  8 | import { getDictionary } from "@/i18n/get-dictionary";

Import map: aliased to relative './src/components/RetroTerminal' inside of [project]/Desktop/I-Product/skillhub

https://nextjs.org/docs/messages/module-not-found @ http://localhost:3000/_next/static/chunks/c2fc1_next_dist_03d21e83._.js:3127
[   95963ms] [ERROR] ./Desktop/I-Product/skillhub/src/app/[locale]/page.tsx:5:1
Module not found: Can't resolve '@/components/RetroTerminal'
  3 | import SkillGrid from "@/components/SkillGrid";
  4 | import RetroComputer from "@/components/RetroComputer";
> 5 | import RetroTerminal from "@/components/RetroTerminal";
    | ^^^^^^^^^^^^^^^^^^^^^^^^^^^^^^^^^^^^^^^^^^^^^^^^^^^^^^^
  6 | import { getAllSkills } from "@/lib/skills";
  7 | import { isValidLocale, type Locale } from "@/i18n/config";
  8 | import { getDictionary } from "@/i18n/get-dictionary";

Import map: aliased to relative './src/components/RetroTerminal' inside of [project]/Desktop/I-Product/skillhub

https://nextjs.org/docs/messages/module-not-found @ http://localhost:3000/_next/static/chunks/c2fc1_next_dist_03d21e83._.js:3127
[   96013ms] [ERROR] ./Desktop/I-Product/skillhub/src/app/[locale]/page.tsx:5:1
Module not found: Can't resolve '@/components/RetroTerminal'
  3 | import SkillGrid from "@/components/SkillGrid";
  4 | import RetroComputer from "@/components/RetroComputer";
> 5 | import RetroTerminal from "@/components/RetroTerminal";
    | ^^^^^^^^^^^^^^^^^^^^^^^^^^^^^^^^^^^^^^^^^^^^^^^^^^^^^^^
  6 | import { getAllSkills } from "@/lib/skills";
  7 | import { isValidLocale, type Locale } from "@/i18n/config";
  8 | import { getDictionary } from "@/i18n/get-dictionary";

Import map: aliased to relative './src/components/RetroTerminal' inside of [project]/Desktop/I-Product/skillhub

https://nextjs.org/docs/messages/module-not-found @ http://localhost:3000/_next/static/chunks/c2fc1_next_dist_03d21e83._.js:3127
[   96064ms] [ERROR] ./Desktop/I-Product/skillhub/src/app/[locale]/page.tsx:5:1
Module not found: Can't resolve '@/components/RetroTerminal'
  3 | import SkillGrid from "@/components/SkillGrid";
  4 | import RetroComputer from "@/components/RetroComputer";
> 5 | import RetroTerminal from "@/components/RetroTerminal";
    | ^^^^^^^^^^^^^^^^^^^^^^^^^^^^^^^^^^^^^^^^^^^^^^^^^^^^^^^
  6 | import { getAllSkills } from "@/lib/skills";
  7 | import { isValidLocale, type Locale } from "@/i18n/config";
  8 | import { getDictionary } from "@/i18n/get-dictionary";

Import map: aliased to relative './src/components/RetroTerminal' inside of [project]/Desktop/I-Product/skillhub

https://nextjs.org/docs/messages/module-not-found @ http://localhost:3000/_next/static/chunks/c2fc1_next_dist_03d21e83._.js:3127
[   96111ms] [ERROR] ./Desktop/I-Product/skillhub/src/app/[locale]/page.tsx:5:1
Module not found: Can't resolve '@/components/RetroTerminal'
  3 | import SkillGrid from "@/components/SkillGrid";
  4 | import RetroComputer from "@/components/RetroComputer";
> 5 | import RetroTerminal from "@/components/RetroTerminal";
    | ^^^^^^^^^^^^^^^^^^^^^^^^^^^^^^^^^^^^^^^^^^^^^^^^^^^^^^^
  6 | import { getAllSkills } from "@/lib/skills";
  7 | import { isValidLocale, type Locale } from "@/i18n/config";
  8 | import { getDictionary } from "@/i18n/get-dictionary";

Import map: aliased to relative './src/components/RetroTerminal' inside of [project]/Desktop/I-Product/skillhub

https://nextjs.org/docs/messages/module-not-found @ http://localhost:3000/_next/static/chunks/c2fc1_next_dist_03d21e83._.js:3127
[   96162ms] [ERROR] ./Desktop/I-Product/skillhub/src/app/[locale]/page.tsx:5:1
Module not found: Can't resolve '@/components/RetroTerminal'
  3 | import SkillGrid from "@/components/SkillGrid";
  4 | import RetroComputer from "@/components/RetroComputer";
> 5 | import RetroTerminal from "@/components/RetroTerminal";
    | ^^^^^^^^^^^^^^^^^^^^^^^^^^^^^^^^^^^^^^^^^^^^^^^^^^^^^^^
  6 | import { getAllSkills } from "@/lib/skills";
  7 | import { isValidLocale, type Locale } from "@/i18n/config";
  8 | import { getDictionary } from "@/i18n/get-dictionary";

Import map: aliased to relative './src/components/RetroTerminal' inside of [project]/Desktop/I-Product/skillhub

https://nextjs.org/docs/messages/module-not-found @ http://localhost:3000/_next/static/chunks/c2fc1_next_dist_03d21e83._.js:3127
[   96213ms] [ERROR] ./Desktop/I-Product/skillhub/src/app/[locale]/page.tsx:5:1
Module not found: Can't resolve '@/components/RetroTerminal'
  3 | import SkillGrid from "@/components/SkillGrid";
  4 | import RetroComputer from "@/components/RetroComputer";
> 5 | import RetroTerminal from "@/components/RetroTerminal";
    | ^^^^^^^^^^^^^^^^^^^^^^^^^^^^^^^^^^^^^^^^^^^^^^^^^^^^^^^
  6 | import { getAllSkills } from "@/lib/skills";
  7 | import { isValidLocale, type Locale } from "@/i18n/config";
  8 | import { getDictionary } from "@/i18n/get-dictionary";

Import map: aliased to relative './src/components/RetroTerminal' inside of [project]/Desktop/I-Product/skillhub

https://nextjs.org/docs/messages/module-not-found @ http://localhost:3000/_next/static/chunks/c2fc1_next_dist_03d21e83._.js:3127
[   96264ms] [ERROR] ./Desktop/I-Product/skillhub/src/app/[locale]/page.tsx:5:1
Module not found: Can't resolve '@/components/RetroTerminal'
  3 | import SkillGrid from "@/components/SkillGrid";
  4 | import RetroComputer from "@/components/RetroComputer";
> 5 | import RetroTerminal from "@/components/RetroTerminal";
    | ^^^^^^^^^^^^^^^^^^^^^^^^^^^^^^^^^^^^^^^^^^^^^^^^^^^^^^^
  6 | import { getAllSkills } from "@/lib/skills";
  7 | import { isValidLocale, type Locale } from "@/i18n/config";
  8 | import { getDictionary } from "@/i18n/get-dictionary";

Import map: aliased to relative './src/components/RetroTerminal' inside of [project]/Desktop/I-Product/skillhub

https://nextjs.org/docs/messages/module-not-found @ http://localhost:3000/_next/static/chunks/c2fc1_next_dist_03d21e83._.js:3127
[   96311ms] [ERROR] ./Desktop/I-Product/skillhub/src/app/[locale]/page.tsx:5:1
Module not found: Can't resolve '@/components/RetroTerminal'
  3 | import SkillGrid from "@/components/SkillGrid";
  4 | import RetroComputer from "@/components/RetroComputer";
> 5 | import RetroTerminal from "@/components/RetroTerminal";
    | ^^^^^^^^^^^^^^^^^^^^^^^^^^^^^^^^^^^^^^^^^^^^^^^^^^^^^^^
  6 | import { getAllSkills } from "@/lib/skills";
  7 | import { isValidLocale, type Locale } from "@/i18n/config";
  8 | import { getDictionary } from "@/i18n/get-dictionary";

Import map: aliased to relative './src/components/RetroTerminal' inside of [project]/Desktop/I-Product/skillhub

https://nextjs.org/docs/messages/module-not-found @ http://localhost:3000/_next/static/chunks/c2fc1_next_dist_03d21e83._.js:3127
[   96362ms] [ERROR] ./Desktop/I-Product/skillhub/src/app/[locale]/page.tsx:5:1
Module not found: Can't resolve '@/components/RetroTerminal'
  3 | import SkillGrid from "@/components/SkillGrid";
  4 | import RetroComputer from "@/components/RetroComputer";
> 5 | import RetroTerminal from "@/components/RetroTerminal";
    | ^^^^^^^^^^^^^^^^^^^^^^^^^^^^^^^^^^^^^^^^^^^^^^^^^^^^^^^
  6 | import { getAllSkills } from "@/lib/skills";
  7 | import { isValidLocale, type Locale } from "@/i18n/config";
  8 | import { getDictionary } from "@/i18n/get-dictionary";

Import map: aliased to relative './src/components/RetroTerminal' inside of [project]/Desktop/I-Product/skillhub

https://nextjs.org/docs/messages/module-not-found @ http://localhost:3000/_next/static/chunks/c2fc1_next_dist_03d21e83._.js:3127
[   96411ms] [ERROR] ./Desktop/I-Product/skillhub/src/app/[locale]/page.tsx:5:1
Module not found: Can't resolve '@/components/RetroTerminal'
  3 | import SkillGrid from "@/components/SkillGrid";
  4 | import RetroComputer from "@/components/RetroComputer";
> 5 | import RetroTerminal from "@/components/RetroTerminal";
    | ^^^^^^^^^^^^^^^^^^^^^^^^^^^^^^^^^^^^^^^^^^^^^^^^^^^^^^^
  6 | import { getAllSkills } from "@/lib/skills";
  7 | import { isValidLocale, type Locale } from "@/i18n/config";
  8 | import { getDictionary } from "@/i18n/get-dictionary";

Import map: aliased to relative './src/components/RetroTerminal' inside of [project]/Desktop/I-Product/skillhub

https://nextjs.org/docs/messages/module-not-found @ http://localhost:3000/_next/static/chunks/c2fc1_next_dist_03d21e83._.js:3127
[   96465ms] [ERROR] ./Desktop/I-Product/skillhub/src/app/[locale]/page.tsx:5:1
Module not found: Can't resolve '@/components/RetroTerminal'
  3 | import SkillGrid from "@/components/SkillGrid";
  4 | import RetroComputer from "@/components/RetroComputer";
> 5 | import RetroTerminal from "@/components/RetroTerminal";
    | ^^^^^^^^^^^^^^^^^^^^^^^^^^^^^^^^^^^^^^^^^^^^^^^^^^^^^^^
  6 | import { getAllSkills } from "@/lib/skills";
  7 | import { isValidLocale, type Locale } from "@/i18n/config";
  8 | import { getDictionary } from "@/i18n/get-dictionary";

Import map: aliased to relative './src/components/RetroTerminal' inside of [project]/Desktop/I-Product/skillhub

https://nextjs.org/docs/messages/module-not-found @ http://localhost:3000/_next/static/chunks/c2fc1_next_dist_03d21e83._.js:3127
[   96515ms] [ERROR] ./Desktop/I-Product/skillhub/src/app/[locale]/page.tsx:5:1
Module not found: Can't resolve '@/components/RetroTerminal'
  3 | import SkillGrid from "@/components/SkillGrid";
  4 | import RetroComputer from "@/components/RetroComputer";
> 5 | import RetroTerminal from "@/components/RetroTerminal";
    | ^^^^^^^^^^^^^^^^^^^^^^^^^^^^^^^^^^^^^^^^^^^^^^^^^^^^^^^
  6 | import { getAllSkills } from "@/lib/skills";
  7 | import { isValidLocale, type Locale } from "@/i18n/config";
  8 | import { getDictionary } from "@/i18n/get-dictionary";

Import map: aliased to relative './src/components/RetroTerminal' inside of [project]/Desktop/I-Product/skillhub

https://nextjs.org/docs/messages/module-not-found @ http://localhost:3000/_next/static/chunks/c2fc1_next_dist_03d21e83._.js:3127
[   96565ms] [ERROR] ./Desktop/I-Product/skillhub/src/app/[locale]/page.tsx:5:1
Module not found: Can't resolve '@/components/RetroTerminal'
  3 | import SkillGrid from "@/components/SkillGrid";
  4 | import RetroComputer from "@/components/RetroComputer";
> 5 | import RetroTerminal from "@/components/RetroTerminal";
    | ^^^^^^^^^^^^^^^^^^^^^^^^^^^^^^^^^^^^^^^^^^^^^^^^^^^^^^^
  6 | import { getAllSkills } from "@/lib/skills";
  7 | import { isValidLocale, type Locale } from "@/i18n/config";
  8 | import { getDictionary } from "@/i18n/get-dictionary";

Import map: aliased to relative './src/components/RetroTerminal' inside of [project]/Desktop/I-Product/skillhub

https://nextjs.org/docs/messages/module-not-found @ http://localhost:3000/_next/static/chunks/c2fc1_next_dist_03d21e83._.js:3127
[   96614ms] [ERROR] ./Desktop/I-Product/skillhub/src/app/[locale]/page.tsx:5:1
Module not found: Can't resolve '@/components/RetroTerminal'
  3 | import SkillGrid from "@/components/SkillGrid";
  4 | import RetroComputer from "@/components/RetroComputer";
> 5 | import RetroTerminal from "@/components/RetroTerminal";
    | ^^^^^^^^^^^^^^^^^^^^^^^^^^^^^^^^^^^^^^^^^^^^^^^^^^^^^^^
  6 | import { getAllSkills } from "@/lib/skills";
  7 | import { isValidLocale, type Locale } from "@/i18n/config";
  8 | import { getDictionary } from "@/i18n/get-dictionary";

Import map: aliased to relative './src/components/RetroTerminal' inside of [project]/Desktop/I-Product/skillhub

https://nextjs.org/docs/messages/module-not-found @ http://localhost:3000/_next/static/chunks/c2fc1_next_dist_03d21e83._.js:3127
[   96664ms] [ERROR] ./Desktop/I-Product/skillhub/src/app/[locale]/page.tsx:5:1
Module not found: Can't resolve '@/components/RetroTerminal'
  3 | import SkillGrid from "@/components/SkillGrid";
  4 | import RetroComputer from "@/components/RetroComputer";
> 5 | import RetroTerminal from "@/components/RetroTerminal";
    | ^^^^^^^^^^^^^^^^^^^^^^^^^^^^^^^^^^^^^^^^^^^^^^^^^^^^^^^
  6 | import { getAllSkills } from "@/lib/skills";
  7 | import { isValidLocale, type Locale } from "@/i18n/config";
  8 | import { getDictionary } from "@/i18n/get-dictionary";

Import map: aliased to relative './src/components/RetroTerminal' inside of [project]/Desktop/I-Product/skillhub

https://nextjs.org/docs/messages/module-not-found @ http://localhost:3000/_next/static/chunks/c2fc1_next_dist_03d21e83._.js:3127
[   96716ms] [ERROR] ./Desktop/I-Product/skillhub/src/app/[locale]/page.tsx:5:1
Module not found: Can't resolve '@/components/RetroTerminal'
  3 | import SkillGrid from "@/components/SkillGrid";
  4 | import RetroComputer from "@/components/RetroComputer";
> 5 | import RetroTerminal from "@/components/RetroTerminal";
    | ^^^^^^^^^^^^^^^^^^^^^^^^^^^^^^^^^^^^^^^^^^^^^^^^^^^^^^^
  6 | import { getAllSkills } from "@/lib/skills";
  7 | import { isValidLocale, type Locale } from "@/i18n/config";
  8 | import { getDictionary } from "@/i18n/get-dictionary";

Import map: aliased to relative './src/components/RetroTerminal' inside of [project]/Desktop/I-Product/skillhub

https://nextjs.org/docs/messages/module-not-found @ http://localhost:3000/_next/static/chunks/c2fc1_next_dist_03d21e83._.js:3127
[   96765ms] [ERROR] ./Desktop/I-Product/skillhub/src/app/[locale]/page.tsx:5:1
Module not found: Can't resolve '@/components/RetroTerminal'
  3 | import SkillGrid from "@/components/SkillGrid";
  4 | import RetroComputer from "@/components/RetroComputer";
> 5 | import RetroTerminal from "@/components/RetroTerminal";
    | ^^^^^^^^^^^^^^^^^^^^^^^^^^^^^^^^^^^^^^^^^^^^^^^^^^^^^^^
  6 | import { getAllSkills } from "@/lib/skills";
  7 | import { isValidLocale, type Locale } from "@/i18n/config";
  8 | import { getDictionary } from "@/i18n/get-dictionary";

Import map: aliased to relative './src/components/RetroTerminal' inside of [project]/Desktop/I-Product/skillhub

https://nextjs.org/docs/messages/module-not-found @ http://localhost:3000/_next/static/chunks/c2fc1_next_dist_03d21e83._.js:3127
[   96815ms] [ERROR] ./Desktop/I-Product/skillhub/src/app/[locale]/page.tsx:5:1
Module not found: Can't resolve '@/components/RetroTerminal'
  3 | import SkillGrid from "@/components/SkillGrid";
  4 | import RetroComputer from "@/components/RetroComputer";
> 5 | import RetroTerminal from "@/components/RetroTerminal";
    | ^^^^^^^^^^^^^^^^^^^^^^^^^^^^^^^^^^^^^^^^^^^^^^^^^^^^^^^
  6 | import { getAllSkills } from "@/lib/skills";
  7 | import { isValidLocale, type Locale } from "@/i18n/config";
  8 | import { getDictionary } from "@/i18n/get-dictionary";

Import map: aliased to relative './src/components/RetroTerminal' inside of [project]/Desktop/I-Product/skillhub

https://nextjs.org/docs/messages/module-not-found @ http://localhost:3000/_next/static/chunks/c2fc1_next_dist_03d21e83._.js:3127
[   96867ms] [ERROR] ./Desktop/I-Product/skillhub/src/app/[locale]/page.tsx:5:1
Module not found: Can't resolve '@/components/RetroTerminal'
  3 | import SkillGrid from "@/components/SkillGrid";
  4 | import RetroComputer from "@/components/RetroComputer";
> 5 | import RetroTerminal from "@/components/RetroTerminal";
    | ^^^^^^^^^^^^^^^^^^^^^^^^^^^^^^^^^^^^^^^^^^^^^^^^^^^^^^^
  6 | import { getAllSkills } from "@/lib/skills";
  7 | import { isValidLocale, type Locale } from "@/i18n/config";
  8 | import { getDictionary } from "@/i18n/get-dictionary";

Import map: aliased to relative './src/components/RetroTerminal' inside of [project]/Desktop/I-Product/skillhub

https://nextjs.org/docs/messages/module-not-found @ http://localhost:3000/_next/static/chunks/c2fc1_next_dist_03d21e83._.js:3127
[   96966ms] [ERROR] ./Desktop/I-Product/skillhub/src/app/[locale]/page.tsx:5:1
Module not found: Can't resolve '@/components/RetroTerminal'
  3 | import SkillGrid from "@/components/SkillGrid";
  4 | import RetroComputer from "@/components/RetroComputer";
> 5 | import RetroTerminal from "@/components/RetroTerminal";
    | ^^^^^^^^^^^^^^^^^^^^^^^^^^^^^^^^^^^^^^^^^^^^^^^^^^^^^^^
  6 | import { getAllSkills } from "@/lib/skills";
  7 | import { isValidLocale, type Locale } from "@/i18n/config";
  8 | import { getDictionary } from "@/i18n/get-dictionary";

Import map: aliased to relative './src/components/RetroTerminal' inside of [project]/Desktop/I-Product/skillhub

https://nextjs.org/docs/messages/module-not-found @ http://localhost:3000/_next/static/chunks/c2fc1_next_dist_03d21e83._.js:3127
[   97030ms] [ERROR] ./Desktop/I-Product/skillhub/src/app/[locale]/page.tsx:5:1
Module not found: Can't resolve '@/components/RetroTerminal'
  3 | import SkillGrid from "@/components/SkillGrid";
  4 | import RetroComputer from "@/components/RetroComputer";
> 5 | import RetroTerminal from "@/components/RetroTerminal";
    | ^^^^^^^^^^^^^^^^^^^^^^^^^^^^^^^^^^^^^^^^^^^^^^^^^^^^^^^
  6 | import { getAllSkills } from "@/lib/skills";
  7 | import { isValidLocale, type Locale } from "@/i18n/config";
  8 | import { getDictionary } from "@/i18n/get-dictionary";

Import map: aliased to relative './src/components/RetroTerminal' inside of [project]/Desktop/I-Product/skillhub

https://nextjs.org/docs/messages/module-not-found @ http://localhost:3000/_next/static/chunks/c2fc1_next_dist_03d21e83._.js:3127
[   97082ms] [ERROR] ./Desktop/I-Product/skillhub/src/app/[locale]/page.tsx:5:1
Module not found: Can't resolve '@/components/RetroTerminal'
  3 | import SkillGrid from "@/components/SkillGrid";
  4 | import RetroComputer from "@/components/RetroComputer";
> 5 | import RetroTerminal from "@/components/RetroTerminal";
    | ^^^^^^^^^^^^^^^^^^^^^^^^^^^^^^^^^^^^^^^^^^^^^^^^^^^^^^^
  6 | import { getAllSkills } from "@/lib/skills";
  7 | import { isValidLocale, type Locale } from "@/i18n/config";
  8 | import { getDictionary } from "@/i18n/get-dictionary";

Import map: aliased to relative './src/components/RetroTerminal' inside of [project]/Desktop/I-Product/skillhub

https://nextjs.org/docs/messages/module-not-found @ http://localhost:3000/_next/static/chunks/c2fc1_next_dist_03d21e83._.js:3127
[   97131ms] [ERROR] ./Desktop/I-Product/skillhub/src/app/[locale]/page.tsx:5:1
Module not found: Can't resolve '@/components/RetroTerminal'
  3 | import SkillGrid from "@/components/SkillGrid";
  4 | import RetroComputer from "@/components/RetroComputer";
> 5 | import RetroTerminal from "@/components/RetroTerminal";
    | ^^^^^^^^^^^^^^^^^^^^^^^^^^^^^^^^^^^^^^^^^^^^^^^^^^^^^^^
  6 | import { getAllSkills } from "@/lib/skills";
  7 | import { isValidLocale, type Locale } from "@/i18n/config";
  8 | import { getDictionary } from "@/i18n/get-dictionary";

Import map: aliased to relative './src/components/RetroTerminal' inside of [project]/Desktop/I-Product/skillhub

https://nextjs.org/docs/messages/module-not-found @ http://localhost:3000/_next/static/chunks/c2fc1_next_dist_03d21e83._.js:3127
[   97182ms] [ERROR] ./Desktop/I-Product/skillhub/src/app/[locale]/page.tsx:5:1
Module not found: Can't resolve '@/components/RetroTerminal'
  3 | import SkillGrid from "@/components/SkillGrid";
  4 | import RetroComputer from "@/components/RetroComputer";
> 5 | import RetroTerminal from "@/components/RetroTerminal";
    | ^^^^^^^^^^^^^^^^^^^^^^^^^^^^^^^^^^^^^^^^^^^^^^^^^^^^^^^
  6 | import { getAllSkills } from "@/lib/skills";
  7 | import { isValidLocale, type Locale } from "@/i18n/config";
  8 | import { getDictionary } from "@/i18n/get-dictionary";

Import map: aliased to relative './src/components/RetroTerminal' inside of [project]/Desktop/I-Product/skillhub

https://nextjs.org/docs/messages/module-not-found @ http://localhost:3000/_next/static/chunks/c2fc1_next_dist_03d21e83._.js:3127
[   97232ms] [ERROR] ./Desktop/I-Product/skillhub/src/app/[locale]/page.tsx:5:1
Module not found: Can't resolve '@/components/RetroTerminal'
  3 | import SkillGrid from "@/components/SkillGrid";
  4 | import RetroComputer from "@/components/RetroComputer";
> 5 | import RetroTerminal from "@/components/RetroTerminal";
    | ^^^^^^^^^^^^^^^^^^^^^^^^^^^^^^^^^^^^^^^^^^^^^^^^^^^^^^^
  6 | import { getAllSkills } from "@/lib/skills";
  7 | import { isValidLocale, type Locale } from "@/i18n/config";
  8 | import { getDictionary } from "@/i18n/get-dictionary";

Import map: aliased to relative './src/components/RetroTerminal' inside of [project]/Desktop/I-Product/skillhub

https://nextjs.org/docs/messages/module-not-found @ http://localhost:3000/_next/static/chunks/c2fc1_next_dist_03d21e83._.js:3127
[   97283ms] [ERROR] ./Desktop/I-Product/skillhub/src/app/[locale]/page.tsx:5:1
Module not found: Can't resolve '@/components/RetroTerminal'
  3 | import SkillGrid from "@/components/SkillGrid";
  4 | import RetroComputer from "@/components/RetroComputer";
> 5 | import RetroTerminal from "@/components/RetroTerminal";
    | ^^^^^^^^^^^^^^^^^^^^^^^^^^^^^^^^^^^^^^^^^^^^^^^^^^^^^^^
  6 | import { getAllSkills } from "@/lib/skills";
  7 | import { isValidLocale, type Locale } from "@/i18n/config";
  8 | import { getDictionary } from "@/i18n/get-dictionary";

Import map: aliased to relative './src/components/RetroTerminal' inside of [project]/Desktop/I-Product/skillhub

https://nextjs.org/docs/messages/module-not-found @ http://localhost:3000/_next/static/chunks/c2fc1_next_dist_03d21e83._.js:3127
[   97372ms] [ERROR] ./Desktop/I-Product/skillhub/src/app/[locale]/page.tsx:5:1
Module not found: Can't resolve '@/components/RetroTerminal'
  3 | import SkillGrid from "@/components/SkillGrid";
  4 | import RetroComputer from "@/components/RetroComputer";
> 5 | import RetroTerminal from "@/components/RetroTerminal";
    | ^^^^^^^^^^^^^^^^^^^^^^^^^^^^^^^^^^^^^^^^^^^^^^^^^^^^^^^
  6 | import { getAllSkills } from "@/lib/skills";
  7 | import { isValidLocale, type Locale } from "@/i18n/config";
  8 | import { getDictionary } from "@/i18n/get-dictionary";

Import map: aliased to relative './src/components/RetroTerminal' inside of [project]/Desktop/I-Product/skillhub

https://nextjs.org/docs/messages/module-not-found @ http://localhost:3000/_next/static/chunks/c2fc1_next_dist_03d21e83._.js:3127
[   97510ms] [ERROR] ./Desktop/I-Product/skillhub/src/app/[locale]/page.tsx:5:1
Module not found: Can't resolve '@/components/RetroTerminal'
  3 | import SkillGrid from "@/components/SkillGrid";
  4 | import RetroComputer from "@/components/RetroComputer";
> 5 | import RetroTerminal from "@/components/RetroTerminal";
    | ^^^^^^^^^^^^^^^^^^^^^^^^^^^^^^^^^^^^^^^^^^^^^^^^^^^^^^^
  6 | import { getAllSkills } from "@/lib/skills";
  7 | import { isValidLocale, type Locale } from "@/i18n/config";
  8 | import { getDictionary } from "@/i18n/get-dictionary";

Import map: aliased to relative './src/components/RetroTerminal' inside of [project]/Desktop/I-Product/skillhub

https://nextjs.org/docs/messages/module-not-found @ http://localhost:3000/_next/static/chunks/c2fc1_next_dist_03d21e83._.js:3127
[   97566ms] [ERROR] ./Desktop/I-Product/skillhub/src/app/[locale]/page.tsx:5:1
Module not found: Can't resolve '@/components/RetroTerminal'
  3 | import SkillGrid from "@/components/SkillGrid";
  4 | import RetroComputer from "@/components/RetroComputer";
> 5 | import RetroTerminal from "@/components/RetroTerminal";
    | ^^^^^^^^^^^^^^^^^^^^^^^^^^^^^^^^^^^^^^^^^^^^^^^^^^^^^^^
  6 | import { getAllSkills } from "@/lib/skills";
  7 | import { isValidLocale, type Locale } from "@/i18n/config";
  8 | import { getDictionary } from "@/i18n/get-dictionary";

Import map: aliased to relative './src/components/RetroTerminal' inside of [project]/Desktop/I-Product/skillhub

https://nextjs.org/docs/messages/module-not-found @ http://localhost:3000/_next/static/chunks/c2fc1_next_dist_03d21e83._.js:3127
[   97615ms] [ERROR] ./Desktop/I-Product/skillhub/src/app/[locale]/page.tsx:5:1
Module not found: Can't resolve '@/components/RetroTerminal'
  3 | import SkillGrid from "@/components/SkillGrid";
  4 | import RetroComputer from "@/components/RetroComputer";
> 5 | import RetroTerminal from "@/components/RetroTerminal";
    | ^^^^^^^^^^^^^^^^^^^^^^^^^^^^^^^^^^^^^^^^^^^^^^^^^^^^^^^
  6 | import { getAllSkills } from "@/lib/skills";
  7 | import { isValidLocale, type Locale } from "@/i18n/config";
  8 | import { getDictionary } from "@/i18n/get-dictionary";

Import map: aliased to relative './src/components/RetroTerminal' inside of [project]/Desktop/I-Product/skillhub

https://nextjs.org/docs/messages/module-not-found @ http://localhost:3000/_next/static/chunks/c2fc1_next_dist_03d21e83._.js:3127
[   97671ms] [ERROR] ./Desktop/I-Product/skillhub/src/app/[locale]/page.tsx:5:1
Module not found: Can't resolve '@/components/RetroTerminal'
  3 | import SkillGrid from "@/components/SkillGrid";
  4 | import RetroComputer from "@/components/RetroComputer";
> 5 | import RetroTerminal from "@/components/RetroTerminal";
    | ^^^^^^^^^^^^^^^^^^^^^^^^^^^^^^^^^^^^^^^^^^^^^^^^^^^^^^^
  6 | import { getAllSkills } from "@/lib/skills";
  7 | import { isValidLocale, type Locale } from "@/i18n/config";
  8 | import { getDictionary } from "@/i18n/get-dictionary";

Import map: aliased to relative './src/components/RetroTerminal' inside of [project]/Desktop/I-Product/skillhub

https://nextjs.org/docs/messages/module-not-found @ http://localhost:3000/_next/static/chunks/c2fc1_next_dist_03d21e83._.js:3127
[   97721ms] [ERROR] ./Desktop/I-Product/skillhub/src/app/[locale]/page.tsx:5:1
Module not found: Can't resolve '@/components/RetroTerminal'
  3 | import SkillGrid from "@/components/SkillGrid";
  4 | import RetroComputer from "@/components/RetroComputer";
> 5 | import RetroTerminal from "@/components/RetroTerminal";
    | ^^^^^^^^^^^^^^^^^^^^^^^^^^^^^^^^^^^^^^^^^^^^^^^^^^^^^^^
  6 | import { getAllSkills } from "@/lib/skills";
  7 | import { isValidLocale, type Locale } from "@/i18n/config";
  8 | import { getDictionary } from "@/i18n/get-dictionary";

Import map: aliased to relative './src/components/RetroTerminal' inside of [project]/Desktop/I-Product/skillhub

https://nextjs.org/docs/messages/module-not-found @ http://localhost:3000/_next/static/chunks/c2fc1_next_dist_03d21e83._.js:3127
[   97771ms] [ERROR] ./Desktop/I-Product/skillhub/src/app/[locale]/page.tsx:5:1
Module not found: Can't resolve '@/components/RetroTerminal'
  3 | import SkillGrid from "@/components/SkillGrid";
  4 | import RetroComputer from "@/components/RetroComputer";
> 5 | import RetroTerminal from "@/components/RetroTerminal";
    | ^^^^^^^^^^^^^^^^^^^^^^^^^^^^^^^^^^^^^^^^^^^^^^^^^^^^^^^
  6 | import { getAllSkills } from "@/lib/skills";
  7 | import { isValidLocale, type Locale } from "@/i18n/config";
  8 | import { getDictionary } from "@/i18n/get-dictionary";

Import map: aliased to relative './src/components/RetroTerminal' inside of [project]/Desktop/I-Product/skillhub

https://nextjs.org/docs/messages/module-not-found @ http://localhost:3000/_next/static/chunks/c2fc1_next_dist_03d21e83._.js:3127
[   97820ms] [ERROR] ./Desktop/I-Product/skillhub/src/app/[locale]/page.tsx:5:1
Module not found: Can't resolve '@/components/RetroTerminal'
  3 | import SkillGrid from "@/components/SkillGrid";
  4 | import RetroComputer from "@/components/RetroComputer";
> 5 | import RetroTerminal from "@/components/RetroTerminal";
    | ^^^^^^^^^^^^^^^^^^^^^^^^^^^^^^^^^^^^^^^^^^^^^^^^^^^^^^^
  6 | import { getAllSkills } from "@/lib/skills";
  7 | import { isValidLocale, type Locale } from "@/i18n/config";
  8 | import { getDictionary } from "@/i18n/get-dictionary";

Import map: aliased to relative './src/components/RetroTerminal' inside of [project]/Desktop/I-Product/skillhub

https://nextjs.org/docs/messages/module-not-found @ http://localhost:3000/_next/static/chunks/c2fc1_next_dist_03d21e83._.js:3127
[   97869ms] [ERROR] ./Desktop/I-Product/skillhub/src/app/[locale]/page.tsx:5:1
Module not found: Can't resolve '@/components/RetroTerminal'
  3 | import SkillGrid from "@/components/SkillGrid";
  4 | import RetroComputer from "@/components/RetroComputer";
> 5 | import RetroTerminal from "@/components/RetroTerminal";
    | ^^^^^^^^^^^^^^^^^^^^^^^^^^^^^^^^^^^^^^^^^^^^^^^^^^^^^^^
  6 | import { getAllSkills } from "@/lib/skills";
  7 | import { isValidLocale, type Locale } from "@/i18n/config";
  8 | import { getDictionary } from "@/i18n/get-dictionary";

Import map: aliased to relative './src/components/RetroTerminal' inside of [project]/Desktop/I-Product/skillhub

https://nextjs.org/docs/messages/module-not-found @ http://localhost:3000/_next/static/chunks/c2fc1_next_dist_03d21e83._.js:3127
[   97916ms] [ERROR] ./Desktop/I-Product/skillhub/src/app/[locale]/page.tsx:5:1
Module not found: Can't resolve '@/components/RetroTerminal'
  3 | import SkillGrid from "@/components/SkillGrid";
  4 | import RetroComputer from "@/components/RetroComputer";
> 5 | import RetroTerminal from "@/components/RetroTerminal";
    | ^^^^^^^^^^^^^^^^^^^^^^^^^^^^^^^^^^^^^^^^^^^^^^^^^^^^^^^
  6 | import { getAllSkills } from "@/lib/skills";
  7 | import { isValidLocale, type Locale } from "@/i18n/config";
  8 | import { getDictionary } from "@/i18n/get-dictionary";

Import map: aliased to relative './src/components/RetroTerminal' inside of [project]/Desktop/I-Product/skillhub

https://nextjs.org/docs/messages/module-not-found @ http://localhost:3000/_next/static/chunks/c2fc1_next_dist_03d21e83._.js:3127
[   97968ms] [ERROR] ./Desktop/I-Product/skillhub/src/app/[locale]/page.tsx:5:1
Module not found: Can't resolve '@/components/RetroTerminal'
  3 | import SkillGrid from "@/components/SkillGrid";
  4 | import RetroComputer from "@/components/RetroComputer";
> 5 | import RetroTerminal from "@/components/RetroTerminal";
    | ^^^^^^^^^^^^^^^^^^^^^^^^^^^^^^^^^^^^^^^^^^^^^^^^^^^^^^^
  6 | import { getAllSkills } from "@/lib/skills";
  7 | import { isValidLocale, type Locale } from "@/i18n/config";
  8 | import { getDictionary } from "@/i18n/get-dictionary";

Import map: aliased to relative './src/components/RetroTerminal' inside of [project]/Desktop/I-Product/skillhub

https://nextjs.org/docs/messages/module-not-found @ http://localhost:3000/_next/static/chunks/c2fc1_next_dist_03d21e83._.js:3127
[   98018ms] [ERROR] ./Desktop/I-Product/skillhub/src/app/[locale]/page.tsx:5:1
Module not found: Can't resolve '@/components/RetroTerminal'
  3 | import SkillGrid from "@/components/SkillGrid";
  4 | import RetroComputer from "@/components/RetroComputer";
> 5 | import RetroTerminal from "@/components/RetroTerminal";
    | ^^^^^^^^^^^^^^^^^^^^^^^^^^^^^^^^^^^^^^^^^^^^^^^^^^^^^^^
  6 | import { getAllSkills } from "@/lib/skills";
  7 | import { isValidLocale, type Locale } from "@/i18n/config";
  8 | import { getDictionary } from "@/i18n/get-dictionary";

Import map: aliased to relative './src/components/RetroTerminal' inside of [project]/Desktop/I-Product/skillhub

https://nextjs.org/docs/messages/module-not-found @ http://localhost:3000/_next/static/chunks/c2fc1_next_dist_03d21e83._.js:3127
[   98067ms] [ERROR] ./Desktop/I-Product/skillhub/src/app/[locale]/page.tsx:5:1
Module not found: Can't resolve '@/components/RetroTerminal'
  3 | import SkillGrid from "@/components/SkillGrid";
  4 | import RetroComputer from "@/components/RetroComputer";
> 5 | import RetroTerminal from "@/components/RetroTerminal";
    | ^^^^^^^^^^^^^^^^^^^^^^^^^^^^^^^^^^^^^^^^^^^^^^^^^^^^^^^
  6 | import { getAllSkills } from "@/lib/skills";
  7 | import { isValidLocale, type Locale } from "@/i18n/config";
  8 | import { getDictionary } from "@/i18n/get-dictionary";

Import map: aliased to relative './src/components/RetroTerminal' inside of [project]/Desktop/I-Product/skillhub

https://nextjs.org/docs/messages/module-not-found @ http://localhost:3000/_next/static/chunks/c2fc1_next_dist_03d21e83._.js:3127
[   98119ms] [ERROR] ./Desktop/I-Product/skillhub/src/app/[locale]/page.tsx:5:1
Module not found: Can't resolve '@/components/RetroTerminal'
  3 | import SkillGrid from "@/components/SkillGrid";
  4 | import RetroComputer from "@/components/RetroComputer";
> 5 | import RetroTerminal from "@/components/RetroTerminal";
    | ^^^^^^^^^^^^^^^^^^^^^^^^^^^^^^^^^^^^^^^^^^^^^^^^^^^^^^^
  6 | import { getAllSkills } from "@/lib/skills";
  7 | import { isValidLocale, type Locale } from "@/i18n/config";
  8 | import { getDictionary } from "@/i18n/get-dictionary";

Import map: aliased to relative './src/components/RetroTerminal' inside of [project]/Desktop/I-Product/skillhub

https://nextjs.org/docs/messages/module-not-found @ http://localhost:3000/_next/static/chunks/c2fc1_next_dist_03d21e83._.js:3127
[   98168ms] [ERROR] ./Desktop/I-Product/skillhub/src/app/[locale]/page.tsx:5:1
Module not found: Can't resolve '@/components/RetroTerminal'
  3 | import SkillGrid from "@/components/SkillGrid";
  4 | import RetroComputer from "@/components/RetroComputer";
> 5 | import RetroTerminal from "@/components/RetroTerminal";
    | ^^^^^^^^^^^^^^^^^^^^^^^^^^^^^^^^^^^^^^^^^^^^^^^^^^^^^^^
  6 | import { getAllSkills } from "@/lib/skills";
  7 | import { isValidLocale, type Locale } from "@/i18n/config";
  8 | import { getDictionary } from "@/i18n/get-dictionary";

Import map: aliased to relative './src/components/RetroTerminal' inside of [project]/Desktop/I-Product/skillhub

https://nextjs.org/docs/messages/module-not-found @ http://localhost:3000/_next/static/chunks/c2fc1_next_dist_03d21e83._.js:3127
[   98216ms] [ERROR] ./Desktop/I-Product/skillhub/src/app/[locale]/page.tsx:5:1
Module not found: Can't resolve '@/components/RetroTerminal'
  3 | import SkillGrid from "@/components/SkillGrid";
  4 | import RetroComputer from "@/components/RetroComputer";
> 5 | import RetroTerminal from "@/components/RetroTerminal";
    | ^^^^^^^^^^^^^^^^^^^^^^^^^^^^^^^^^^^^^^^^^^^^^^^^^^^^^^^
  6 | import { getAllSkills } from "@/lib/skills";
  7 | import { isValidLocale, type Locale } from "@/i18n/config";
  8 | import { getDictionary } from "@/i18n/get-dictionary";

Import map: aliased to relative './src/components/RetroTerminal' inside of [project]/Desktop/I-Product/skillhub

https://nextjs.org/docs/messages/module-not-found @ http://localhost:3000/_next/static/chunks/c2fc1_next_dist_03d21e83._.js:3127
[   98267ms] [ERROR] ./Desktop/I-Product/skillhub/src/app/[locale]/page.tsx:5:1
Module not found: Can't resolve '@/components/RetroTerminal'
  3 | import SkillGrid from "@/components/SkillGrid";
  4 | import RetroComputer from "@/components/RetroComputer";
> 5 | import RetroTerminal from "@/components/RetroTerminal";
    | ^^^^^^^^^^^^^^^^^^^^^^^^^^^^^^^^^^^^^^^^^^^^^^^^^^^^^^^
  6 | import { getAllSkills } from "@/lib/skills";
  7 | import { isValidLocale, type Locale } from "@/i18n/config";
  8 | import { getDictionary } from "@/i18n/get-dictionary";

Import map: aliased to relative './src/components/RetroTerminal' inside of [project]/Desktop/I-Product/skillhub

https://nextjs.org/docs/messages/module-not-found @ http://localhost:3000/_next/static/chunks/c2fc1_next_dist_03d21e83._.js:3127
[   98320ms] [ERROR] ./Desktop/I-Product/skillhub/src/app/[locale]/page.tsx:5:1
Module not found: Can't resolve '@/components/RetroTerminal'
  3 | import SkillGrid from "@/components/SkillGrid";
  4 | import RetroComputer from "@/components/RetroComputer";
> 5 | import RetroTerminal from "@/components/RetroTerminal";
    | ^^^^^^^^^^^^^^^^^^^^^^^^^^^^^^^^^^^^^^^^^^^^^^^^^^^^^^^
  6 | import { getAllSkills } from "@/lib/skills";
  7 | import { isValidLocale, type Locale } from "@/i18n/config";
  8 | import { getDictionary } from "@/i18n/get-dictionary";

Import map: aliased to relative './src/components/RetroTerminal' inside of [project]/Desktop/I-Product/skillhub

https://nextjs.org/docs/messages/module-not-found @ http://localhost:3000/_next/static/chunks/c2fc1_next_dist_03d21e83._.js:3127
[   98369ms] [ERROR] ./Desktop/I-Product/skillhub/src/app/[locale]/page.tsx:5:1
Module not found: Can't resolve '@/components/RetroTerminal'
  3 | import SkillGrid from "@/components/SkillGrid";
  4 | import RetroComputer from "@/components/RetroComputer";
> 5 | import RetroTerminal from "@/components/RetroTerminal";
    | ^^^^^^^^^^^^^^^^^^^^^^^^^^^^^^^^^^^^^^^^^^^^^^^^^^^^^^^
  6 | import { getAllSkills } from "@/lib/skills";
  7 | import { isValidLocale, type Locale } from "@/i18n/config";
  8 | import { getDictionary } from "@/i18n/get-dictionary";

Import map: aliased to relative './src/components/RetroTerminal' inside of [project]/Desktop/I-Product/skillhub

https://nextjs.org/docs/messages/module-not-found @ http://localhost:3000/_next/static/chunks/c2fc1_next_dist_03d21e83._.js:3127
[   98438ms] [ERROR] ./Desktop/I-Product/skillhub/src/app/[locale]/page.tsx:5:1
Module not found: Can't resolve '@/components/RetroTerminal'
  3 | import SkillGrid from "@/components/SkillGrid";
  4 | import RetroComputer from "@/components/RetroComputer";
> 5 | import RetroTerminal from "@/components/RetroTerminal";
    | ^^^^^^^^^^^^^^^^^^^^^^^^^^^^^^^^^^^^^^^^^^^^^^^^^^^^^^^
  6 | import { getAllSkills } from "@/lib/skills";
  7 | import { isValidLocale, type Locale } from "@/i18n/config";
  8 | import { getDictionary } from "@/i18n/get-dictionary";

Import map: aliased to relative './src/components/RetroTerminal' inside of [project]/Desktop/I-Product/skillhub

https://nextjs.org/docs/messages/module-not-found @ http://localhost:3000/_next/static/chunks/c2fc1_next_dist_03d21e83._.js:3127
[   98488ms] [ERROR] ./Desktop/I-Product/skillhub/src/app/[locale]/page.tsx:5:1
Module not found: Can't resolve '@/components/RetroTerminal'
  3 | import SkillGrid from "@/components/SkillGrid";
  4 | import RetroComputer from "@/components/RetroComputer";
> 5 | import RetroTerminal from "@/components/RetroTerminal";
    | ^^^^^^^^^^^^^^^^^^^^^^^^^^^^^^^^^^^^^^^^^^^^^^^^^^^^^^^
  6 | import { getAllSkills } from "@/lib/skills";
  7 | import { isValidLocale, type Locale } from "@/i18n/config";
  8 | import { getDictionary } from "@/i18n/get-dictionary";

Import map: aliased to relative './src/components/RetroTerminal' inside of [project]/Desktop/I-Product/skillhub

https://nextjs.org/docs/messages/module-not-found @ http://localhost:3000/_next/static/chunks/c2fc1_next_dist_03d21e83._.js:3127
[   98548ms] [ERROR] ./Desktop/I-Product/skillhub/src/app/[locale]/page.tsx:5:1
Module not found: Can't resolve '@/components/RetroTerminal'
  3 | import SkillGrid from "@/components/SkillGrid";
  4 | import RetroComputer from "@/components/RetroComputer";
> 5 | import RetroTerminal from "@/components/RetroTerminal";
    | ^^^^^^^^^^^^^^^^^^^^^^^^^^^^^^^^^^^^^^^^^^^^^^^^^^^^^^^
  6 | import { getAllSkills } from "@/lib/skills";
  7 | import { isValidLocale, type Locale } from "@/i18n/config";
  8 | import { getDictionary } from "@/i18n/get-dictionary";

Import map: aliased to relative './src/components/RetroTerminal' inside of [project]/Desktop/I-Product/skillhub

https://nextjs.org/docs/messages/module-not-found @ http://localhost:3000/_next/static/chunks/c2fc1_next_dist_03d21e83._.js:3127
[   98599ms] [ERROR] ./Desktop/I-Product/skillhub/src/app/[locale]/page.tsx:5:1
Module not found: Can't resolve '@/components/RetroTerminal'
  3 | import SkillGrid from "@/components/SkillGrid";
  4 | import RetroComputer from "@/components/RetroComputer";
> 5 | import RetroTerminal from "@/components/RetroTerminal";
    | ^^^^^^^^^^^^^^^^^^^^^^^^^^^^^^^^^^^^^^^^^^^^^^^^^^^^^^^
  6 | import { getAllSkills } from "@/lib/skills";
  7 | import { isValidLocale, type Locale } from "@/i18n/config";
  8 | import { getDictionary } from "@/i18n/get-dictionary";

Import map: aliased to relative './src/components/RetroTerminal' inside of [project]/Desktop/I-Product/skillhub

https://nextjs.org/docs/messages/module-not-found @ http://localhost:3000/_next/static/chunks/c2fc1_next_dist_03d21e83._.js:3127
[   98649ms] [ERROR] ./Desktop/I-Product/skillhub/src/app/[locale]/page.tsx:5:1
Module not found: Can't resolve '@/components/RetroTerminal'
  3 | import SkillGrid from "@/components/SkillGrid";
  4 | import RetroComputer from "@/components/RetroComputer";
> 5 | import RetroTerminal from "@/components/RetroTerminal";
    | ^^^^^^^^^^^^^^^^^^^^^^^^^^^^^^^^^^^^^^^^^^^^^^^^^^^^^^^
  6 | import { getAllSkills } from "@/lib/skills";
  7 | import { isValidLocale, type Locale } from "@/i18n/config";
  8 | import { getDictionary } from "@/i18n/get-dictionary";

Import map: aliased to relative './src/components/RetroTerminal' inside of [project]/Desktop/I-Product/skillhub

https://nextjs.org/docs/messages/module-not-found @ http://localhost:3000/_next/static/chunks/c2fc1_next_dist_03d21e83._.js:3127
[   98700ms] [ERROR] ./Desktop/I-Product/skillhub/src/app/[locale]/page.tsx:5:1
Module not found: Can't resolve '@/components/RetroTerminal'
  3 | import SkillGrid from "@/components/SkillGrid";
  4 | import RetroComputer from "@/components/RetroComputer";
> 5 | import RetroTerminal from "@/components/RetroTerminal";
    | ^^^^^^^^^^^^^^^^^^^^^^^^^^^^^^^^^^^^^^^^^^^^^^^^^^^^^^^
  6 | import { getAllSkills } from "@/lib/skills";
  7 | import { isValidLocale, type Locale } from "@/i18n/config";
  8 | import { getDictionary } from "@/i18n/get-dictionary";

Import map: aliased to relative './src/components/RetroTerminal' inside of [project]/Desktop/I-Product/skillhub

https://nextjs.org/docs/messages/module-not-found @ http://localhost:3000/_next/static/chunks/c2fc1_next_dist_03d21e83._.js:3127
[   98749ms] [ERROR] ./Desktop/I-Product/skillhub/src/app/[locale]/page.tsx:5:1
Module not found: Can't resolve '@/components/RetroTerminal'
  3 | import SkillGrid from "@/components/SkillGrid";
  4 | import RetroComputer from "@/components/RetroComputer";
> 5 | import RetroTerminal from "@/components/RetroTerminal";
    | ^^^^^^^^^^^^^^^^^^^^^^^^^^^^^^^^^^^^^^^^^^^^^^^^^^^^^^^
  6 | import { getAllSkills } from "@/lib/skills";
  7 | import { isValidLocale, type Locale } from "@/i18n/config";
  8 | import { getDictionary } from "@/i18n/get-dictionary";

Import map: aliased to relative './src/components/RetroTerminal' inside of [project]/Desktop/I-Product/skillhub

https://nextjs.org/docs/messages/module-not-found @ http://localhost:3000/_next/static/chunks/c2fc1_next_dist_03d21e83._.js:3127
[   98807ms] [ERROR] ./Desktop/I-Product/skillhub/src/app/[locale]/page.tsx:5:1
Module not found: Can't resolve '@/components/RetroTerminal'
  3 | import SkillGrid from "@/components/SkillGrid";
  4 | import RetroComputer from "@/components/RetroComputer";
> 5 | import RetroTerminal from "@/components/RetroTerminal";
    | ^^^^^^^^^^^^^^^^^^^^^^^^^^^^^^^^^^^^^^^^^^^^^^^^^^^^^^^
  6 | import { getAllSkills } from "@/lib/skills";
  7 | import { isValidLocale, type Locale } from "@/i18n/config";
  8 | import { getDictionary } from "@/i18n/get-dictionary";

Import map: aliased to relative './src/components/RetroTerminal' inside of [project]/Desktop/I-Product/skillhub

https://nextjs.org/docs/messages/module-not-found @ http://localhost:3000/_next/static/chunks/c2fc1_next_dist_03d21e83._.js:3127
[   98855ms] [ERROR] ./Desktop/I-Product/skillhub/src/app/[locale]/page.tsx:5:1
Module not found: Can't resolve '@/components/RetroTerminal'
  3 | import SkillGrid from "@/components/SkillGrid";
  4 | import RetroComputer from "@/components/RetroComputer";
> 5 | import RetroTerminal from "@/components/RetroTerminal";
    | ^^^^^^^^^^^^^^^^^^^^^^^^^^^^^^^^^^^^^^^^^^^^^^^^^^^^^^^
  6 | import { getAllSkills } from "@/lib/skills";
  7 | import { isValidLocale, type Locale } from "@/i18n/config";
  8 | import { getDictionary } from "@/i18n/get-dictionary";

Import map: aliased to relative './src/components/RetroTerminal' inside of [project]/Desktop/I-Product/skillhub

https://nextjs.org/docs/messages/module-not-found @ http://localhost:3000/_next/static/chunks/c2fc1_next_dist_03d21e83._.js:3127
[   98904ms] [ERROR] ./Desktop/I-Product/skillhub/src/app/[locale]/page.tsx:5:1
Module not found: Can't resolve '@/components/RetroTerminal'
  3 | import SkillGrid from "@/components/SkillGrid";
  4 | import RetroComputer from "@/components/RetroComputer";
> 5 | import RetroTerminal from "@/components/RetroTerminal";
    | ^^^^^^^^^^^^^^^^^^^^^^^^^^^^^^^^^^^^^^^^^^^^^^^^^^^^^^^
  6 | import { getAllSkills } from "@/lib/skills";
  7 | import { isValidLocale, type Locale } from "@/i18n/config";
  8 | import { getDictionary } from "@/i18n/get-dictionary";

Import map: aliased to relative './src/components/RetroTerminal' inside of [project]/Desktop/I-Product/skillhub

https://nextjs.org/docs/messages/module-not-found @ http://localhost:3000/_next/static/chunks/c2fc1_next_dist_03d21e83._.js:3127
[   98953ms] [ERROR] ./Desktop/I-Product/skillhub/src/app/[locale]/page.tsx:5:1
Module not found: Can't resolve '@/components/RetroTerminal'
  3 | import SkillGrid from "@/components/SkillGrid";
  4 | import RetroComputer from "@/components/RetroComputer";
> 5 | import RetroTerminal from "@/components/RetroTerminal";
    | ^^^^^^^^^^^^^^^^^^^^^^^^^^^^^^^^^^^^^^^^^^^^^^^^^^^^^^^
  6 | import { getAllSkills } from "@/lib/skills";
  7 | import { isValidLocale, type Locale } from "@/i18n/config";
  8 | import { getDictionary } from "@/i18n/get-dictionary";

Import map: aliased to relative './src/components/RetroTerminal' inside of [project]/Desktop/I-Product/skillhub

https://nextjs.org/docs/messages/module-not-found @ http://localhost:3000/_next/static/chunks/c2fc1_next_dist_03d21e83._.js:3127
[   99005ms] [ERROR] ./Desktop/I-Product/skillhub/src/app/[locale]/page.tsx:5:1
Module not found: Can't resolve '@/components/RetroTerminal'
  3 | import SkillGrid from "@/components/SkillGrid";
  4 | import RetroComputer from "@/components/RetroComputer";
> 5 | import RetroTerminal from "@/components/RetroTerminal";
    | ^^^^^^^^^^^^^^^^^^^^^^^^^^^^^^^^^^^^^^^^^^^^^^^^^^^^^^^
  6 | import { getAllSkills } from "@/lib/skills";
  7 | import { isValidLocale, type Locale } from "@/i18n/config";
  8 | import { getDictionary } from "@/i18n/get-dictionary";

Import map: aliased to relative './src/components/RetroTerminal' inside of [project]/Desktop/I-Product/skillhub

https://nextjs.org/docs/messages/module-not-found @ http://localhost:3000/_next/static/chunks/c2fc1_next_dist_03d21e83._.js:3127
[   99054ms] [ERROR] ./Desktop/I-Product/skillhub/src/app/[locale]/page.tsx:5:1
Module not found: Can't resolve '@/components/RetroTerminal'
  3 | import SkillGrid from "@/components/SkillGrid";
  4 | import RetroComputer from "@/components/RetroComputer";
> 5 | import RetroTerminal from "@/components/RetroTerminal";
    | ^^^^^^^^^^^^^^^^^^^^^^^^^^^^^^^^^^^^^^^^^^^^^^^^^^^^^^^
  6 | import { getAllSkills } from "@/lib/skills";
  7 | import { isValidLocale, type Locale } from "@/i18n/config";
  8 | import { getDictionary } from "@/i18n/get-dictionary";

Import map: aliased to relative './src/components/RetroTerminal' inside of [project]/Desktop/I-Product/skillhub

https://nextjs.org/docs/messages/module-not-found @ http://localhost:3000/_next/static/chunks/c2fc1_next_dist_03d21e83._.js:3127
[   99104ms] [ERROR] ./Desktop/I-Product/skillhub/src/app/[locale]/page.tsx:5:1
Module not found: Can't resolve '@/components/RetroTerminal'
  3 | import SkillGrid from "@/components/SkillGrid";
  4 | import RetroComputer from "@/components/RetroComputer";
> 5 | import RetroTerminal from "@/components/RetroTerminal";
    | ^^^^^^^^^^^^^^^^^^^^^^^^^^^^^^^^^^^^^^^^^^^^^^^^^^^^^^^
  6 | import { getAllSkills } from "@/lib/skills";
  7 | import { isValidLocale, type Locale } from "@/i18n/config";
  8 | import { getDictionary } from "@/i18n/get-dictionary";

Import map: aliased to relative './src/components/RetroTerminal' inside of [project]/Desktop/I-Product/skillhub

https://nextjs.org/docs/messages/module-not-found @ http://localhost:3000/_next/static/chunks/c2fc1_next_dist_03d21e83._.js:3127
[   99155ms] [ERROR] ./Desktop/I-Product/skillhub/src/app/[locale]/page.tsx:5:1
Module not found: Can't resolve '@/components/RetroTerminal'
  3 | import SkillGrid from "@/components/SkillGrid";
  4 | import RetroComputer from "@/components/RetroComputer";
> 5 | import RetroTerminal from "@/components/RetroTerminal";
    | ^^^^^^^^^^^^^^^^^^^^^^^^^^^^^^^^^^^^^^^^^^^^^^^^^^^^^^^
  6 | import { getAllSkills } from "@/lib/skills";
  7 | import { isValidLocale, type Locale } from "@/i18n/config";
  8 | import { getDictionary } from "@/i18n/get-dictionary";

Import map: aliased to relative './src/components/RetroTerminal' inside of [project]/Desktop/I-Product/skillhub

https://nextjs.org/docs/messages/module-not-found @ http://localhost:3000/_next/static/chunks/c2fc1_next_dist_03d21e83._.js:3127
[   99206ms] [ERROR] ./Desktop/I-Product/skillhub/src/app/[locale]/page.tsx:5:1
Module not found: Can't resolve '@/components/RetroTerminal'
  3 | import SkillGrid from "@/components/SkillGrid";
  4 | import RetroComputer from "@/components/RetroComputer";
> 5 | import RetroTerminal from "@/components/RetroTerminal";
    | ^^^^^^^^^^^^^^^^^^^^^^^^^^^^^^^^^^^^^^^^^^^^^^^^^^^^^^^
  6 | import { getAllSkills } from "@/lib/skills";
  7 | import { isValidLocale, type Locale } from "@/i18n/config";
  8 | import { getDictionary } from "@/i18n/get-dictionary";

Import map: aliased to relative './src/components/RetroTerminal' inside of [project]/Desktop/I-Product/skillhub

https://nextjs.org/docs/messages/module-not-found @ http://localhost:3000/_next/static/chunks/c2fc1_next_dist_03d21e83._.js:3127
[   99254ms] [ERROR] ./Desktop/I-Product/skillhub/src/app/[locale]/page.tsx:5:1
Module not found: Can't resolve '@/components/RetroTerminal'
  3 | import SkillGrid from "@/components/SkillGrid";
  4 | import RetroComputer from "@/components/RetroComputer";
> 5 | import RetroTerminal from "@/components/RetroTerminal";
    | ^^^^^^^^^^^^^^^^^^^^^^^^^^^^^^^^^^^^^^^^^^^^^^^^^^^^^^^
  6 | import { getAllSkills } from "@/lib/skills";
  7 | import { isValidLocale, type Locale } from "@/i18n/config";
  8 | import { getDictionary } from "@/i18n/get-dictionary";

Import map: aliased to relative './src/components/RetroTerminal' inside of [project]/Desktop/I-Product/skillhub

https://nextjs.org/docs/messages/module-not-found @ http://localhost:3000/_next/static/chunks/c2fc1_next_dist_03d21e83._.js:3127
[   99303ms] [ERROR] ./Desktop/I-Product/skillhub/src/app/[locale]/page.tsx:5:1
Module not found: Can't resolve '@/components/RetroTerminal'
  3 | import SkillGrid from "@/components/SkillGrid";
  4 | import RetroComputer from "@/components/RetroComputer";
> 5 | import RetroTerminal from "@/components/RetroTerminal";
    | ^^^^^^^^^^^^^^^^^^^^^^^^^^^^^^^^^^^^^^^^^^^^^^^^^^^^^^^
  6 | import { getAllSkills } from "@/lib/skills";
  7 | import { isValidLocale, type Locale } from "@/i18n/config";
  8 | import { getDictionary } from "@/i18n/get-dictionary";

Import map: aliased to relative './src/components/RetroTerminal' inside of [project]/Desktop/I-Product/skillhub

https://nextjs.org/docs/messages/module-not-found @ http://localhost:3000/_next/static/chunks/c2fc1_next_dist_03d21e83._.js:3127
[   99352ms] [ERROR] ./Desktop/I-Product/skillhub/src/app/[locale]/page.tsx:5:1
Module not found: Can't resolve '@/components/RetroTerminal'
  3 | import SkillGrid from "@/components/SkillGrid";
  4 | import RetroComputer from "@/components/RetroComputer";
> 5 | import RetroTerminal from "@/components/RetroTerminal";
    | ^^^^^^^^^^^^^^^^^^^^^^^^^^^^^^^^^^^^^^^^^^^^^^^^^^^^^^^
  6 | import { getAllSkills } from "@/lib/skills";
  7 | import { isValidLocale, type Locale } from "@/i18n/config";
  8 | import { getDictionary } from "@/i18n/get-dictionary";

Import map: aliased to relative './src/components/RetroTerminal' inside of [project]/Desktop/I-Product/skillhub

https://nextjs.org/docs/messages/module-not-found @ http://localhost:3000/_next/static/chunks/c2fc1_next_dist_03d21e83._.js:3127
[   99401ms] [ERROR] ./Desktop/I-Product/skillhub/src/app/[locale]/page.tsx:5:1
Module not found: Can't resolve '@/components/RetroTerminal'
  3 | import SkillGrid from "@/components/SkillGrid";
  4 | import RetroComputer from "@/components/RetroComputer";
> 5 | import RetroTerminal from "@/components/RetroTerminal";
    | ^^^^^^^^^^^^^^^^^^^^^^^^^^^^^^^^^^^^^^^^^^^^^^^^^^^^^^^
  6 | import { getAllSkills } from "@/lib/skills";
  7 | import { isValidLocale, type Locale } from "@/i18n/config";
  8 | import { getDictionary } from "@/i18n/get-dictionary";

Import map: aliased to relative './src/components/RetroTerminal' inside of [project]/Desktop/I-Product/skillhub

https://nextjs.org/docs/messages/module-not-found @ http://localhost:3000/_next/static/chunks/c2fc1_next_dist_03d21e83._.js:3127
[   99466ms] [ERROR] ./Desktop/I-Product/skillhub/src/app/[locale]/page.tsx:5:1
Module not found: Can't resolve '@/components/RetroTerminal'
  3 | import SkillGrid from "@/components/SkillGrid";
  4 | import RetroComputer from "@/components/RetroComputer";
> 5 | import RetroTerminal from "@/components/RetroTerminal";
    | ^^^^^^^^^^^^^^^^^^^^^^^^^^^^^^^^^^^^^^^^^^^^^^^^^^^^^^^
  6 | import { getAllSkills } from "@/lib/skills";
  7 | import { isValidLocale, type Locale } from "@/i18n/config";
  8 | import { getDictionary } from "@/i18n/get-dictionary";

Import map: aliased to relative './src/components/RetroTerminal' inside of [project]/Desktop/I-Product/skillhub

https://nextjs.org/docs/messages/module-not-found @ http://localhost:3000/_next/static/chunks/c2fc1_next_dist_03d21e83._.js:3127
[   99519ms] [ERROR] ./Desktop/I-Product/skillhub/src/app/[locale]/page.tsx:5:1
Module not found: Can't resolve '@/components/RetroTerminal'
  3 | import SkillGrid from "@/components/SkillGrid";
  4 | import RetroComputer from "@/components/RetroComputer";
> 5 | import RetroTerminal from "@/components/RetroTerminal";
    | ^^^^^^^^^^^^^^^^^^^^^^^^^^^^^^^^^^^^^^^^^^^^^^^^^^^^^^^
  6 | import { getAllSkills } from "@/lib/skills";
  7 | import { isValidLocale, type Locale } from "@/i18n/config";
  8 | import { getDictionary } from "@/i18n/get-dictionary";

Import map: aliased to relative './src/components/RetroTerminal' inside of [project]/Desktop/I-Product/skillhub

https://nextjs.org/docs/messages/module-not-found @ http://localhost:3000/_next/static/chunks/c2fc1_next_dist_03d21e83._.js:3127
[   99620ms] [ERROR] ./Desktop/I-Product/skillhub/src/app/[locale]/page.tsx:5:1
Module not found: Can't resolve '@/components/RetroTerminal'
  3 | import SkillGrid from "@/components/SkillGrid";
  4 | import RetroComputer from "@/components/RetroComputer";
> 5 | import RetroTerminal from "@/components/RetroTerminal";
    | ^^^^^^^^^^^^^^^^^^^^^^^^^^^^^^^^^^^^^^^^^^^^^^^^^^^^^^^
  6 | import { getAllSkills } from "@/lib/skills";
  7 | import { isValidLocale, type Locale } from "@/i18n/config";
  8 | import { getDictionary } from "@/i18n/get-dictionary";

Import map: aliased to relative './src/components/RetroTerminal' inside of [project]/Desktop/I-Product/skillhub

https://nextjs.org/docs/messages/module-not-found @ http://localhost:3000/_next/static/chunks/c2fc1_next_dist_03d21e83._.js:3127
[   99704ms] [ERROR] ./Desktop/I-Product/skillhub/src/app/[locale]/page.tsx:5:1
Module not found: Can't resolve '@/components/RetroTerminal'
  3 | import SkillGrid from "@/components/SkillGrid";
  4 | import RetroComputer from "@/components/RetroComputer";
> 5 | import RetroTerminal from "@/components/RetroTerminal";
    | ^^^^^^^^^^^^^^^^^^^^^^^^^^^^^^^^^^^^^^^^^^^^^^^^^^^^^^^
  6 | import { getAllSkills } from "@/lib/skills";
  7 | import { isValidLocale, type Locale } from "@/i18n/config";
  8 | import { getDictionary } from "@/i18n/get-dictionary";

Import map: aliased to relative './src/components/RetroTerminal' inside of [project]/Desktop/I-Product/skillhub

https://nextjs.org/docs/messages/module-not-found @ http://localhost:3000/_next/static/chunks/c2fc1_next_dist_03d21e83._.js:3127
[   99755ms] [ERROR] ./Desktop/I-Product/skillhub/src/app/[locale]/page.tsx:5:1
Module not found: Can't resolve '@/components/RetroTerminal'
  3 | import SkillGrid from "@/components/SkillGrid";
  4 | import RetroComputer from "@/components/RetroComputer";
> 5 | import RetroTerminal from "@/components/RetroTerminal";
    | ^^^^^^^^^^^^^^^^^^^^^^^^^^^^^^^^^^^^^^^^^^^^^^^^^^^^^^^
  6 | import { getAllSkills } from "@/lib/skills";
  7 | import { isValidLocale, type Locale } from "@/i18n/config";
  8 | import { getDictionary } from "@/i18n/get-dictionary";

Import map: aliased to relative './src/components/RetroTerminal' inside of [project]/Desktop/I-Product/skillhub

https://nextjs.org/docs/messages/module-not-found @ http://localhost:3000/_next/static/chunks/c2fc1_next_dist_03d21e83._.js:3127
[   99806ms] [ERROR] ./Desktop/I-Product/skillhub/src/app/[locale]/page.tsx:5:1
Module not found: Can't resolve '@/components/RetroTerminal'
  3 | import SkillGrid from "@/components/SkillGrid";
  4 | import RetroComputer from "@/components/RetroComputer";
> 5 | import RetroTerminal from "@/components/RetroTerminal";
    | ^^^^^^^^^^^^^^^^^^^^^^^^^^^^^^^^^^^^^^^^^^^^^^^^^^^^^^^
  6 | import { getAllSkills } from "@/lib/skills";
  7 | import { isValidLocale, type Locale } from "@/i18n/config";
  8 | import { getDictionary } from "@/i18n/get-dictionary";

Import map: aliased to relative './src/components/RetroTerminal' inside of [project]/Desktop/I-Product/skillhub

https://nextjs.org/docs/messages/module-not-found @ http://localhost:3000/_next/static/chunks/c2fc1_next_dist_03d21e83._.js:3127
[   99856ms] [ERROR] ./Desktop/I-Product/skillhub/src/app/[locale]/page.tsx:5:1
Module not found: Can't resolve '@/components/RetroTerminal'
  3 | import SkillGrid from "@/components/SkillGrid";
  4 | import RetroComputer from "@/components/RetroComputer";
> 5 | import RetroTerminal from "@/components/RetroTerminal";
    | ^^^^^^^^^^^^^^^^^^^^^^^^^^^^^^^^^^^^^^^^^^^^^^^^^^^^^^^
  6 | import { getAllSkills } from "@/lib/skills";
  7 | import { isValidLocale, type Locale } from "@/i18n/config";
  8 | import { getDictionary } from "@/i18n/get-dictionary";

Import map: aliased to relative './src/components/RetroTerminal' inside of [project]/Desktop/I-Product/skillhub

https://nextjs.org/docs/messages/module-not-found @ http://localhost:3000/_next/static/chunks/c2fc1_next_dist_03d21e83._.js:3127
[   99907ms] [ERROR] ./Desktop/I-Product/skillhub/src/app/[locale]/page.tsx:5:1
Module not found: Can't resolve '@/components/RetroTerminal'
  3 | import SkillGrid from "@/components/SkillGrid";
  4 | import RetroComputer from "@/components/RetroComputer";
> 5 | import RetroTerminal from "@/components/RetroTerminal";
    | ^^^^^^^^^^^^^^^^^^^^^^^^^^^^^^^^^^^^^^^^^^^^^^^^^^^^^^^
  6 | import { getAllSkills } from "@/lib/skills";
  7 | import { isValidLocale, type Locale } from "@/i18n/config";
  8 | import { getDictionary } from "@/i18n/get-dictionary";

Import map: aliased to relative './src/components/RetroTerminal' inside of [project]/Desktop/I-Product/skillhub

https://nextjs.org/docs/messages/module-not-found @ http://localhost:3000/_next/static/chunks/c2fc1_next_dist_03d21e83._.js:3127
[   99955ms] [ERROR] ./Desktop/I-Product/skillhub/src/app/[locale]/page.tsx:5:1
Module not found: Can't resolve '@/components/RetroTerminal'
  3 | import SkillGrid from "@/components/SkillGrid";
  4 | import RetroComputer from "@/components/RetroComputer";
> 5 | import RetroTerminal from "@/components/RetroTerminal";
    | ^^^^^^^^^^^^^^^^^^^^^^^^^^^^^^^^^^^^^^^^^^^^^^^^^^^^^^^
  6 | import { getAllSkills } from "@/lib/skills";
  7 | import { isValidLocale, type Locale } from "@/i18n/config";
  8 | import { getDictionary } from "@/i18n/get-dictionary";

Import map: aliased to relative './src/components/RetroTerminal' inside of [project]/Desktop/I-Product/skillhub

https://nextjs.org/docs/messages/module-not-found @ http://localhost:3000/_next/static/chunks/c2fc1_next_dist_03d21e83._.js:3127
[  100005ms] [ERROR] ./Desktop/I-Product/skillhub/src/app/[locale]/page.tsx:5:1
Module not found: Can't resolve '@/components/RetroTerminal'
  3 | import SkillGrid from "@/components/SkillGrid";
  4 | import RetroComputer from "@/components/RetroComputer";
> 5 | import RetroTerminal from "@/components/RetroTerminal";
    | ^^^^^^^^^^^^^^^^^^^^^^^^^^^^^^^^^^^^^^^^^^^^^^^^^^^^^^^
  6 | import { getAllSkills } from "@/lib/skills";
  7 | import { isValidLocale, type Locale } from "@/i18n/config";
  8 | import { getDictionary } from "@/i18n/get-dictionary";

Import map: aliased to relative './src/components/RetroTerminal' inside of [project]/Desktop/I-Product/skillhub

https://nextjs.org/docs/messages/module-not-found @ http://localhost:3000/_next/static/chunks/c2fc1_next_dist_03d21e83._.js:3127
[  100053ms] [ERROR] ./Desktop/I-Product/skillhub/src/app/[locale]/page.tsx:5:1
Module not found: Can't resolve '@/components/RetroTerminal'
  3 | import SkillGrid from "@/components/SkillGrid";
  4 | import RetroComputer from "@/components/RetroComputer";
> 5 | import RetroTerminal from "@/components/RetroTerminal";
    | ^^^^^^^^^^^^^^^^^^^^^^^^^^^^^^^^^^^^^^^^^^^^^^^^^^^^^^^
  6 | import { getAllSkills } from "@/lib/skills";
  7 | import { isValidLocale, type Locale } from "@/i18n/config";
  8 | import { getDictionary } from "@/i18n/get-dictionary";

Import map: aliased to relative './src/components/RetroTerminal' inside of [project]/Desktop/I-Product/skillhub

https://nextjs.org/docs/messages/module-not-found @ http://localhost:3000/_next/static/chunks/c2fc1_next_dist_03d21e83._.js:3127
[  100103ms] [ERROR] ./Desktop/I-Product/skillhub/src/app/[locale]/page.tsx:5:1
Module not found: Can't resolve '@/components/RetroTerminal'
  3 | import SkillGrid from "@/components/SkillGrid";
  4 | import RetroComputer from "@/components/RetroComputer";
> 5 | import RetroTerminal from "@/components/RetroTerminal";
    | ^^^^^^^^^^^^^^^^^^^^^^^^^^^^^^^^^^^^^^^^^^^^^^^^^^^^^^^
  6 | import { getAllSkills } from "@/lib/skills";
  7 | import { isValidLocale, type Locale } from "@/i18n/config";
  8 | import { getDictionary } from "@/i18n/get-dictionary";

Import map: aliased to relative './src/components/RetroTerminal' inside of [project]/Desktop/I-Product/skillhub

https://nextjs.org/docs/messages/module-not-found @ http://localhost:3000/_next/static/chunks/c2fc1_next_dist_03d21e83._.js:3127
[  100156ms] [ERROR] ./Desktop/I-Product/skillhub/src/app/[locale]/page.tsx:5:1
Module not found: Can't resolve '@/components/RetroTerminal'
  3 | import SkillGrid from "@/components/SkillGrid";
  4 | import RetroComputer from "@/components/RetroComputer";
> 5 | import RetroTerminal from "@/components/RetroTerminal";
    | ^^^^^^^^^^^^^^^^^^^^^^^^^^^^^^^^^^^^^^^^^^^^^^^^^^^^^^^
  6 | import { getAllSkills } from "@/lib/skills";
  7 | import { isValidLocale, type Locale } from "@/i18n/config";
  8 | import { getDictionary } from "@/i18n/get-dictionary";

Import map: aliased to relative './src/components/RetroTerminal' inside of [project]/Desktop/I-Product/skillhub

https://nextjs.org/docs/messages/module-not-found @ http://localhost:3000/_next/static/chunks/c2fc1_next_dist_03d21e83._.js:3127
[  100285ms] [ERROR] ./Desktop/I-Product/skillhub/src/app/[locale]/page.tsx:5:1
Module not found: Can't resolve '@/components/RetroTerminal'
  3 | import SkillGrid from "@/components/SkillGrid";
  4 | import RetroComputer from "@/components/RetroComputer";
> 5 | import RetroTerminal from "@/components/RetroTerminal";
    | ^^^^^^^^^^^^^^^^^^^^^^^^^^^^^^^^^^^^^^^^^^^^^^^^^^^^^^^
  6 | import { getAllSkills } from "@/lib/skills";
  7 | import { isValidLocale, type Locale } from "@/i18n/config";
  8 | import { getDictionary } from "@/i18n/get-dictionary";

Import map: aliased to relative './src/components/RetroTerminal' inside of [project]/Desktop/I-Product/skillhub

https://nextjs.org/docs/messages/module-not-found @ http://localhost:3000/_next/static/chunks/c2fc1_next_dist_03d21e83._.js:3127
[  100333ms] [ERROR] ./Desktop/I-Product/skillhub/src/app/[locale]/page.tsx:5:1
Module not found: Can't resolve '@/components/RetroTerminal'
  3 | import SkillGrid from "@/components/SkillGrid";
  4 | import RetroComputer from "@/components/RetroComputer";
> 5 | import RetroTerminal from "@/components/RetroTerminal";
    | ^^^^^^^^^^^^^^^^^^^^^^^^^^^^^^^^^^^^^^^^^^^^^^^^^^^^^^^
  6 | import { getAllSkills } from "@/lib/skills";
  7 | import { isValidLocale, type Locale } from "@/i18n/config";
  8 | import { getDictionary } from "@/i18n/get-dictionary";

Import map: aliased to relative './src/components/RetroTerminal' inside of [project]/Desktop/I-Product/skillhub

https://nextjs.org/docs/messages/module-not-found @ http://localhost:3000/_next/static/chunks/c2fc1_next_dist_03d21e83._.js:3127
[  100383ms] [ERROR] ./Desktop/I-Product/skillhub/src/app/[locale]/page.tsx:5:1
Module not found: Can't resolve '@/components/RetroTerminal'
  3 | import SkillGrid from "@/components/SkillGrid";
  4 | import RetroComputer from "@/components/RetroComputer";
> 5 | import RetroTerminal from "@/components/RetroTerminal";
    | ^^^^^^^^^^^^^^^^^^^^^^^^^^^^^^^^^^^^^^^^^^^^^^^^^^^^^^^
  6 | import { getAllSkills } from "@/lib/skills";
  7 | import { isValidLocale, type Locale } from "@/i18n/config";
  8 | import { getDictionary } from "@/i18n/get-dictionary";

Import map: aliased to relative './src/components/RetroTerminal' inside of [project]/Desktop/I-Product/skillhub

https://nextjs.org/docs/messages/module-not-found @ http://localhost:3000/_next/static/chunks/c2fc1_next_dist_03d21e83._.js:3127
[  100433ms] [ERROR] ./Desktop/I-Product/skillhub/src/app/[locale]/page.tsx:5:1
Module not found: Can't resolve '@/components/RetroTerminal'
  3 | import SkillGrid from "@/components/SkillGrid";
  4 | import RetroComputer from "@/components/RetroComputer";
> 5 | import RetroTerminal from "@/components/RetroTerminal";
    | ^^^^^^^^^^^^^^^^^^^^^^^^^^^^^^^^^^^^^^^^^^^^^^^^^^^^^^^
  6 | import { getAllSkills } from "@/lib/skills";
  7 | import { isValidLocale, type Locale } from "@/i18n/config";
  8 | import { getDictionary } from "@/i18n/get-dictionary";

Import map: aliased to relative './src/components/RetroTerminal' inside of [project]/Desktop/I-Product/skillhub

https://nextjs.org/docs/messages/module-not-found @ http://localhost:3000/_next/static/chunks/c2fc1_next_dist_03d21e83._.js:3127
[  100484ms] [ERROR] ./Desktop/I-Product/skillhub/src/app/[locale]/page.tsx:5:1
Module not found: Can't resolve '@/components/RetroTerminal'
  3 | import SkillGrid from "@/components/SkillGrid";
  4 | import RetroComputer from "@/components/RetroComputer";
> 5 | import RetroTerminal from "@/components/RetroTerminal";
    | ^^^^^^^^^^^^^^^^^^^^^^^^^^^^^^^^^^^^^^^^^^^^^^^^^^^^^^^
  6 | import { getAllSkills } from "@/lib/skills";
  7 | import { isValidLocale, type Locale } from "@/i18n/config";
  8 | import { getDictionary } from "@/i18n/get-dictionary";

Import map: aliased to relative './src/components/RetroTerminal' inside of [project]/Desktop/I-Product/skillhub

https://nextjs.org/docs/messages/module-not-found @ http://localhost:3000/_next/static/chunks/c2fc1_next_dist_03d21e83._.js:3127
[  100532ms] [ERROR] ./Desktop/I-Product/skillhub/src/app/[locale]/page.tsx:5:1
Module not found: Can't resolve '@/components/RetroTerminal'
  3 | import SkillGrid from "@/components/SkillGrid";
  4 | import RetroComputer from "@/components/RetroComputer";
> 5 | import RetroTerminal from "@/components/RetroTerminal";
    | ^^^^^^^^^^^^^^^^^^^^^^^^^^^^^^^^^^^^^^^^^^^^^^^^^^^^^^^
  6 | import { getAllSkills } from "@/lib/skills";
  7 | import { isValidLocale, type Locale } from "@/i18n/config";
  8 | import { getDictionary } from "@/i18n/get-dictionary";

Import map: aliased to relative './src/components/RetroTerminal' inside of [project]/Desktop/I-Product/skillhub

https://nextjs.org/docs/messages/module-not-found @ http://localhost:3000/_next/static/chunks/c2fc1_next_dist_03d21e83._.js:3127
[  100588ms] [ERROR] ./Desktop/I-Product/skillhub/src/app/[locale]/page.tsx:5:1
Module not found: Can't resolve '@/components/RetroTerminal'
  3 | import SkillGrid from "@/components/SkillGrid";
  4 | import RetroComputer from "@/components/RetroComputer";
> 5 | import RetroTerminal from "@/components/RetroTerminal";
    | ^^^^^^^^^^^^^^^^^^^^^^^^^^^^^^^^^^^^^^^^^^^^^^^^^^^^^^^
  6 | import { getAllSkills } from "@/lib/skills";
  7 | import { isValidLocale, type Locale } from "@/i18n/config";
  8 | import { getDictionary } from "@/i18n/get-dictionary";

Import map: aliased to relative './src/components/RetroTerminal' inside of [project]/Desktop/I-Product/skillhub

https://nextjs.org/docs/messages/module-not-found @ http://localhost:3000/_next/static/chunks/c2fc1_next_dist_03d21e83._.js:3127
[  100637ms] [ERROR] ./Desktop/I-Product/skillhub/src/app/[locale]/page.tsx:5:1
Module not found: Can't resolve '@/components/RetroTerminal'
  3 | import SkillGrid from "@/components/SkillGrid";
  4 | import RetroComputer from "@/components/RetroComputer";
> 5 | import RetroTerminal from "@/components/RetroTerminal";
    | ^^^^^^^^^^^^^^^^^^^^^^^^^^^^^^^^^^^^^^^^^^^^^^^^^^^^^^^
  6 | import { getAllSkills } from "@/lib/skills";
  7 | import { isValidLocale, type Locale } from "@/i18n/config";
  8 | import { getDictionary } from "@/i18n/get-dictionary";

Import map: aliased to relative './src/components/RetroTerminal' inside of [project]/Desktop/I-Product/skillhub

https://nextjs.org/docs/messages/module-not-found @ http://localhost:3000/_next/static/chunks/c2fc1_next_dist_03d21e83._.js:3127
[  100686ms] [ERROR] ./Desktop/I-Product/skillhub/src/app/[locale]/page.tsx:5:1
Module not found: Can't resolve '@/components/RetroTerminal'
  3 | import SkillGrid from "@/components/SkillGrid";
  4 | import RetroComputer from "@/components/RetroComputer";
> 5 | import RetroTerminal from "@/components/RetroTerminal";
    | ^^^^^^^^^^^^^^^^^^^^^^^^^^^^^^^^^^^^^^^^^^^^^^^^^^^^^^^
  6 | import { getAllSkills } from "@/lib/skills";
  7 | import { isValidLocale, type Locale } from "@/i18n/config";
  8 | import { getDictionary } from "@/i18n/get-dictionary";

Import map: aliased to relative './src/components/RetroTerminal' inside of [project]/Desktop/I-Product/skillhub

https://nextjs.org/docs/messages/module-not-found @ http://localhost:3000/_next/static/chunks/c2fc1_next_dist_03d21e83._.js:3127
[  100731ms] [ERROR] ./Desktop/I-Product/skillhub/src/app/[locale]/page.tsx:5:1
Module not found: Can't resolve '@/components/RetroTerminal'
  3 | import SkillGrid from "@/components/SkillGrid";
  4 | import RetroComputer from "@/components/RetroComputer";
> 5 | import RetroTerminal from "@/components/RetroTerminal";
    | ^^^^^^^^^^^^^^^^^^^^^^^^^^^^^^^^^^^^^^^^^^^^^^^^^^^^^^^
  6 | import { getAllSkills } from "@/lib/skills";
  7 | import { isValidLocale, type Locale } from "@/i18n/config";
  8 | import { getDictionary } from "@/i18n/get-dictionary";

Import map: aliased to relative './src/components/RetroTerminal' inside of [project]/Desktop/I-Product/skillhub

https://nextjs.org/docs/messages/module-not-found @ http://localhost:3000/_next/static/chunks/c2fc1_next_dist_03d21e83._.js:3127
[  100781ms] [ERROR] ./Desktop/I-Product/skillhub/src/app/[locale]/page.tsx:5:1
Module not found: Can't resolve '@/components/RetroTerminal'
  3 | import SkillGrid from "@/components/SkillGrid";
  4 | import RetroComputer from "@/components/RetroComputer";
> 5 | import RetroTerminal from "@/components/RetroTerminal";
    | ^^^^^^^^^^^^^^^^^^^^^^^^^^^^^^^^^^^^^^^^^^^^^^^^^^^^^^^
  6 | import { getAllSkills } from "@/lib/skills";
  7 | import { isValidLocale, type Locale } from "@/i18n/config";
  8 | import { getDictionary } from "@/i18n/get-dictionary";

Import map: aliased to relative './src/components/RetroTerminal' inside of [project]/Desktop/I-Product/skillhub

https://nextjs.org/docs/messages/module-not-found @ http://localhost:3000/_next/static/chunks/c2fc1_next_dist_03d21e83._.js:3127
[  100831ms] [ERROR] ./Desktop/I-Product/skillhub/src/app/[locale]/page.tsx:5:1
Module not found: Can't resolve '@/components/RetroTerminal'
  3 | import SkillGrid from "@/components/SkillGrid";
  4 | import RetroComputer from "@/components/RetroComputer";
> 5 | import RetroTerminal from "@/components/RetroTerminal";
    | ^^^^^^^^^^^^^^^^^^^^^^^^^^^^^^^^^^^^^^^^^^^^^^^^^^^^^^^
  6 | import { getAllSkills } from "@/lib/skills";
  7 | import { isValidLocale, type Locale } from "@/i18n/config";
  8 | import { getDictionary } from "@/i18n/get-dictionary";

Import map: aliased to relative './src/components/RetroTerminal' inside of [project]/Desktop/I-Product/skillhub

https://nextjs.org/docs/messages/module-not-found @ http://localhost:3000/_next/static/chunks/c2fc1_next_dist_03d21e83._.js:3127
[  100882ms] [ERROR] ./Desktop/I-Product/skillhub/src/app/[locale]/page.tsx:5:1
Module not found: Can't resolve '@/components/RetroTerminal'
  3 | import SkillGrid from "@/components/SkillGrid";
  4 | import RetroComputer from "@/components/RetroComputer";
> 5 | import RetroTerminal from "@/components/RetroTerminal";
    | ^^^^^^^^^^^^^^^^^^^^^^^^^^^^^^^^^^^^^^^^^^^^^^^^^^^^^^^
  6 | import { getAllSkills } from "@/lib/skills";
  7 | import { isValidLocale, type Locale } from "@/i18n/config";
  8 | import { getDictionary } from "@/i18n/get-dictionary";

Import map: aliased to relative './src/components/RetroTerminal' inside of [project]/Desktop/I-Product/skillhub

https://nextjs.org/docs/messages/module-not-found @ http://localhost:3000/_next/static/chunks/c2fc1_next_dist_03d21e83._.js:3127
[  100932ms] [ERROR] ./Desktop/I-Product/skillhub/src/app/[locale]/page.tsx:5:1
Module not found: Can't resolve '@/components/RetroTerminal'
  3 | import SkillGrid from "@/components/SkillGrid";
  4 | import RetroComputer from "@/components/RetroComputer";
> 5 | import RetroTerminal from "@/components/RetroTerminal";
    | ^^^^^^^^^^^^^^^^^^^^^^^^^^^^^^^^^^^^^^^^^^^^^^^^^^^^^^^
  6 | import { getAllSkills } from "@/lib/skills";
  7 | import { isValidLocale, type Locale } from "@/i18n/config";
  8 | import { getDictionary } from "@/i18n/get-dictionary";

Import map: aliased to relative './src/components/RetroTerminal' inside of [project]/Desktop/I-Product/skillhub

https://nextjs.org/docs/messages/module-not-found @ http://localhost:3000/_next/static/chunks/c2fc1_next_dist_03d21e83._.js:3127
[  100983ms] [ERROR] ./Desktop/I-Product/skillhub/src/app/[locale]/page.tsx:5:1
Module not found: Can't resolve '@/components/RetroTerminal'
  3 | import SkillGrid from "@/components/SkillGrid";
  4 | import RetroComputer from "@/components/RetroComputer";
> 5 | import RetroTerminal from "@/components/RetroTerminal";
    | ^^^^^^^^^^^^^^^^^^^^^^^^^^^^^^^^^^^^^^^^^^^^^^^^^^^^^^^
  6 | import { getAllSkills } from "@/lib/skills";
  7 | import { isValidLocale, type Locale } from "@/i18n/config";
  8 | import { getDictionary } from "@/i18n/get-dictionary";

Import map: aliased to relative './src/components/RetroTerminal' inside of [project]/Desktop/I-Product/skillhub

https://nextjs.org/docs/messages/module-not-found @ http://localhost:3000/_next/static/chunks/c2fc1_next_dist_03d21e83._.js:3127
[  101034ms] [ERROR] ./Desktop/I-Product/skillhub/src/app/[locale]/page.tsx:5:1
Module not found: Can't resolve '@/components/RetroTerminal'
  3 | import SkillGrid from "@/components/SkillGrid";
  4 | import RetroComputer from "@/components/RetroComputer";
> 5 | import RetroTerminal from "@/components/RetroTerminal";
    | ^^^^^^^^^^^^^^^^^^^^^^^^^^^^^^^^^^^^^^^^^^^^^^^^^^^^^^^
  6 | import { getAllSkills } from "@/lib/skills";
  7 | import { isValidLocale, type Locale } from "@/i18n/config";
  8 | import { getDictionary } from "@/i18n/get-dictionary";

Import map: aliased to relative './src/components/RetroTerminal' inside of [project]/Desktop/I-Product/skillhub

https://nextjs.org/docs/messages/module-not-found @ http://localhost:3000/_next/static/chunks/c2fc1_next_dist_03d21e83._.js:3127
[  101084ms] [ERROR] ./Desktop/I-Product/skillhub/src/app/[locale]/page.tsx:5:1
Module not found: Can't resolve '@/components/RetroTerminal'
  3 | import SkillGrid from "@/components/SkillGrid";
  4 | import RetroComputer from "@/components/RetroComputer";
> 5 | import RetroTerminal from "@/components/RetroTerminal";
    | ^^^^^^^^^^^^^^^^^^^^^^^^^^^^^^^^^^^^^^^^^^^^^^^^^^^^^^^
  6 | import { getAllSkills } from "@/lib/skills";
  7 | import { isValidLocale, type Locale } from "@/i18n/config";
  8 | import { getDictionary } from "@/i18n/get-dictionary";

Import map: aliased to relative './src/components/RetroTerminal' inside of [project]/Desktop/I-Product/skillhub

https://nextjs.org/docs/messages/module-not-found @ http://localhost:3000/_next/static/chunks/c2fc1_next_dist_03d21e83._.js:3127
[  101132ms] [ERROR] ./Desktop/I-Product/skillhub/src/app/[locale]/page.tsx:5:1
Module not found: Can't resolve '@/components/RetroTerminal'
  3 | import SkillGrid from "@/components/SkillGrid";
  4 | import RetroComputer from "@/components/RetroComputer";
> 5 | import RetroTerminal from "@/components/RetroTerminal";
    | ^^^^^^^^^^^^^^^^^^^^^^^^^^^^^^^^^^^^^^^^^^^^^^^^^^^^^^^
  6 | import { getAllSkills } from "@/lib/skills";
  7 | import { isValidLocale, type Locale } from "@/i18n/config";
  8 | import { getDictionary } from "@/i18n/get-dictionary";

Import map: aliased to relative './src/components/RetroTerminal' inside of [project]/Desktop/I-Product/skillhub

https://nextjs.org/docs/messages/module-not-found @ http://localhost:3000/_next/static/chunks/c2fc1_next_dist_03d21e83._.js:3127
[  101182ms] [ERROR] ./Desktop/I-Product/skillhub/src/app/[locale]/page.tsx:5:1
Module not found: Can't resolve '@/components/RetroTerminal'
  3 | import SkillGrid from "@/components/SkillGrid";
  4 | import RetroComputer from "@/components/RetroComputer";
> 5 | import RetroTerminal from "@/components/RetroTerminal";
    | ^^^^^^^^^^^^^^^^^^^^^^^^^^^^^^^^^^^^^^^^^^^^^^^^^^^^^^^
  6 | import { getAllSkills } from "@/lib/skills";
  7 | import { isValidLocale, type Locale } from "@/i18n/config";
  8 | import { getDictionary } from "@/i18n/get-dictionary";

Import map: aliased to relative './src/components/RetroTerminal' inside of [project]/Desktop/I-Product/skillhub

https://nextjs.org/docs/messages/module-not-found @ http://localhost:3000/_next/static/chunks/c2fc1_next_dist_03d21e83._.js:3127
[  101232ms] [ERROR] ./Desktop/I-Product/skillhub/src/app/[locale]/page.tsx:5:1
Module not found: Can't resolve '@/components/RetroTerminal'
  3 | import SkillGrid from "@/components/SkillGrid";
  4 | import RetroComputer from "@/components/RetroComputer";
> 5 | import RetroTerminal from "@/components/RetroTerminal";
    | ^^^^^^^^^^^^^^^^^^^^^^^^^^^^^^^^^^^^^^^^^^^^^^^^^^^^^^^
  6 | import { getAllSkills } from "@/lib/skills";
  7 | import { isValidLocale, type Locale } from "@/i18n/config";
  8 | import { getDictionary } from "@/i18n/get-dictionary";

Import map: aliased to relative './src/components/RetroTerminal' inside of [project]/Desktop/I-Product/skillhub

https://nextjs.org/docs/messages/module-not-found @ http://localhost:3000/_next/static/chunks/c2fc1_next_dist_03d21e83._.js:3127
[  101282ms] [ERROR] ./Desktop/I-Product/skillhub/src/app/[locale]/page.tsx:5:1
Module not found: Can't resolve '@/components/RetroTerminal'
  3 | import SkillGrid from "@/components/SkillGrid";
  4 | import RetroComputer from "@/components/RetroComputer";
> 5 | import RetroTerminal from "@/components/RetroTerminal";
    | ^^^^^^^^^^^^^^^^^^^^^^^^^^^^^^^^^^^^^^^^^^^^^^^^^^^^^^^
  6 | import { getAllSkills } from "@/lib/skills";
  7 | import { isValidLocale, type Locale } from "@/i18n/config";
  8 | import { getDictionary } from "@/i18n/get-dictionary";

Import map: aliased to relative './src/components/RetroTerminal' inside of [project]/Desktop/I-Product/skillhub

https://nextjs.org/docs/messages/module-not-found @ http://localhost:3000/_next/static/chunks/c2fc1_next_dist_03d21e83._.js:3127
[  101332ms] [ERROR] ./Desktop/I-Product/skillhub/src/app/[locale]/page.tsx:5:1
Module not found: Can't resolve '@/components/RetroTerminal'
  3 | import SkillGrid from "@/components/SkillGrid";
  4 | import RetroComputer from "@/components/RetroComputer";
> 5 | import RetroTerminal from "@/components/RetroTerminal";
    | ^^^^^^^^^^^^^^^^^^^^^^^^^^^^^^^^^^^^^^^^^^^^^^^^^^^^^^^
  6 | import { getAllSkills } from "@/lib/skills";
  7 | import { isValidLocale, type Locale } from "@/i18n/config";
  8 | import { getDictionary } from "@/i18n/get-dictionary";

Import map: aliased to relative './src/components/RetroTerminal' inside of [project]/Desktop/I-Product/skillhub

https://nextjs.org/docs/messages/module-not-found @ http://localhost:3000/_next/static/chunks/c2fc1_next_dist_03d21e83._.js:3127
[  101382ms] [ERROR] ./Desktop/I-Product/skillhub/src/app/[locale]/page.tsx:5:1
Module not found: Can't resolve '@/components/RetroTerminal'
  3 | import SkillGrid from "@/components/SkillGrid";
  4 | import RetroComputer from "@/components/RetroComputer";
> 5 | import RetroTerminal from "@/components/RetroTerminal";
    | ^^^^^^^^^^^^^^^^^^^^^^^^^^^^^^^^^^^^^^^^^^^^^^^^^^^^^^^
  6 | import { getAllSkills } from "@/lib/skills";
  7 | import { isValidLocale, type Locale } from "@/i18n/config";
  8 | import { getDictionary } from "@/i18n/get-dictionary";

Import map: aliased to relative './src/components/RetroTerminal' inside of [project]/Desktop/I-Product/skillhub

https://nextjs.org/docs/messages/module-not-found @ http://localhost:3000/_next/static/chunks/c2fc1_next_dist_03d21e83._.js:3127
[  101434ms] [ERROR] ./Desktop/I-Product/skillhub/src/app/[locale]/page.tsx:5:1
Module not found: Can't resolve '@/components/RetroTerminal'
  3 | import SkillGrid from "@/components/SkillGrid";
  4 | import RetroComputer from "@/components/RetroComputer";
> 5 | import RetroTerminal from "@/components/RetroTerminal";
    | ^^^^^^^^^^^^^^^^^^^^^^^^^^^^^^^^^^^^^^^^^^^^^^^^^^^^^^^
  6 | import { getAllSkills } from "@/lib/skills";
  7 | import { isValidLocale, type Locale } from "@/i18n/config";
  8 | import { getDictionary } from "@/i18n/get-dictionary";

Import map: aliased to relative './src/components/RetroTerminal' inside of [project]/Desktop/I-Product/skillhub

https://nextjs.org/docs/messages/module-not-found @ http://localhost:3000/_next/static/chunks/c2fc1_next_dist_03d21e83._.js:3127
[  101489ms] [ERROR] ./Desktop/I-Product/skillhub/src/app/[locale]/page.tsx:5:1
Module not found: Can't resolve '@/components/RetroTerminal'
  3 | import SkillGrid from "@/components/SkillGrid";
  4 | import RetroComputer from "@/components/RetroComputer";
> 5 | import RetroTerminal from "@/components/RetroTerminal";
    | ^^^^^^^^^^^^^^^^^^^^^^^^^^^^^^^^^^^^^^^^^^^^^^^^^^^^^^^
  6 | import { getAllSkills } from "@/lib/skills";
  7 | import { isValidLocale, type Locale } from "@/i18n/config";
  8 | import { getDictionary } from "@/i18n/get-dictionary";

Import map: aliased to relative './src/components/RetroTerminal' inside of [project]/Desktop/I-Product/skillhub

https://nextjs.org/docs/messages/module-not-found @ http://localhost:3000/_next/static/chunks/c2fc1_next_dist_03d21e83._.js:3127
[  101539ms] [ERROR] ./Desktop/I-Product/skillhub/src/app/[locale]/page.tsx:5:1
Module not found: Can't resolve '@/components/RetroTerminal'
  3 | import SkillGrid from "@/components/SkillGrid";
  4 | import RetroComputer from "@/components/RetroComputer";
> 5 | import RetroTerminal from "@/components/RetroTerminal";
    | ^^^^^^^^^^^^^^^^^^^^^^^^^^^^^^^^^^^^^^^^^^^^^^^^^^^^^^^
  6 | import { getAllSkills } from "@/lib/skills";
  7 | import { isValidLocale, type Locale } from "@/i18n/config";
  8 | import { getDictionary } from "@/i18n/get-dictionary";

Import map: aliased to relative './src/components/RetroTerminal' inside of [project]/Desktop/I-Product/skillhub

https://nextjs.org/docs/messages/module-not-found @ http://localhost:3000/_next/static/chunks/c2fc1_next_dist_03d21e83._.js:3127
[  101588ms] [ERROR] ./Desktop/I-Product/skillhub/src/app/[locale]/page.tsx:5:1
Module not found: Can't resolve '@/components/RetroTerminal'
  3 | import SkillGrid from "@/components/SkillGrid";
  4 | import RetroComputer from "@/components/RetroComputer";
> 5 | import RetroTerminal from "@/components/RetroTerminal";
    | ^^^^^^^^^^^^^^^^^^^^^^^^^^^^^^^^^^^^^^^^^^^^^^^^^^^^^^^
  6 | import { getAllSkills } from "@/lib/skills";
  7 | import { isValidLocale, type Locale } from "@/i18n/config";
  8 | import { getDictionary } from "@/i18n/get-dictionary";

Import map: aliased to relative './src/components/RetroTerminal' inside of [project]/Desktop/I-Product/skillhub

https://nextjs.org/docs/messages/module-not-found @ http://localhost:3000/_next/static/chunks/c2fc1_next_dist_03d21e83._.js:3127
[  101637ms] [ERROR] ./Desktop/I-Product/skillhub/src/app/[locale]/page.tsx:5:1
Module not found: Can't resolve '@/components/RetroTerminal'
  3 | import SkillGrid from "@/components/SkillGrid";
  4 | import RetroComputer from "@/components/RetroComputer";
> 5 | import RetroTerminal from "@/components/RetroTerminal";
    | ^^^^^^^^^^^^^^^^^^^^^^^^^^^^^^^^^^^^^^^^^^^^^^^^^^^^^^^
  6 | import { getAllSkills } from "@/lib/skills";
  7 | import { isValidLocale, type Locale } from "@/i18n/config";
  8 | import { getDictionary } from "@/i18n/get-dictionary";

Import map: aliased to relative './src/components/RetroTerminal' inside of [project]/Desktop/I-Product/skillhub

https://nextjs.org/docs/messages/module-not-found @ http://localhost:3000/_next/static/chunks/c2fc1_next_dist_03d21e83._.js:3127
[  101696ms] [ERROR] ./Desktop/I-Product/skillhub/src/app/[locale]/page.tsx:5:1
Module not found: Can't resolve '@/components/RetroTerminal'
  3 | import SkillGrid from "@/components/SkillGrid";
  4 | import RetroComputer from "@/components/RetroComputer";
> 5 | import RetroTerminal from "@/components/RetroTerminal";
    | ^^^^^^^^^^^^^^^^^^^^^^^^^^^^^^^^^^^^^^^^^^^^^^^^^^^^^^^
  6 | import { getAllSkills } from "@/lib/skills";
  7 | import { isValidLocale, type Locale } from "@/i18n/config";
  8 | import { getDictionary } from "@/i18n/get-dictionary";

Import map: aliased to relative './src/components/RetroTerminal' inside of [project]/Desktop/I-Product/skillhub

https://nextjs.org/docs/messages/module-not-found @ http://localhost:3000/_next/static/chunks/c2fc1_next_dist_03d21e83._.js:3127
[  101746ms] [ERROR] ./Desktop/I-Product/skillhub/src/app/[locale]/page.tsx:5:1
Module not found: Can't resolve '@/components/RetroTerminal'
  3 | import SkillGrid from "@/components/SkillGrid";
  4 | import RetroComputer from "@/components/RetroComputer";
> 5 | import RetroTerminal from "@/components/RetroTerminal";
    | ^^^^^^^^^^^^^^^^^^^^^^^^^^^^^^^^^^^^^^^^^^^^^^^^^^^^^^^
  6 | import { getAllSkills } from "@/lib/skills";
  7 | import { isValidLocale, type Locale } from "@/i18n/config";
  8 | import { getDictionary } from "@/i18n/get-dictionary";

Import map: aliased to relative './src/components/RetroTerminal' inside of [project]/Desktop/I-Product/skillhub

https://nextjs.org/docs/messages/module-not-found @ http://localhost:3000/_next/static/chunks/c2fc1_next_dist_03d21e83._.js:3127
[  101798ms] [ERROR] ./Desktop/I-Product/skillhub/src/app/[locale]/page.tsx:5:1
Module not found: Can't resolve '@/components/RetroTerminal'
  3 | import SkillGrid from "@/components/SkillGrid";
  4 | import RetroComputer from "@/components/RetroComputer";
> 5 | import RetroTerminal from "@/components/RetroTerminal";
    | ^^^^^^^^^^^^^^^^^^^^^^^^^^^^^^^^^^^^^^^^^^^^^^^^^^^^^^^
  6 | import { getAllSkills } from "@/lib/skills";
  7 | import { isValidLocale, type Locale } from "@/i18n/config";
  8 | import { getDictionary } from "@/i18n/get-dictionary";

Import map: aliased to relative './src/components/RetroTerminal' inside of [project]/Desktop/I-Product/skillhub

https://nextjs.org/docs/messages/module-not-found @ http://localhost:3000/_next/static/chunks/c2fc1_next_dist_03d21e83._.js:3127
[  101851ms] [ERROR] ./Desktop/I-Product/skillhub/src/app/[locale]/page.tsx:5:1
Module not found: Can't resolve '@/components/RetroTerminal'
  3 | import SkillGrid from "@/components/SkillGrid";
  4 | import RetroComputer from "@/components/RetroComputer";
> 5 | import RetroTerminal from "@/components/RetroTerminal";
    | ^^^^^^^^^^^^^^^^^^^^^^^^^^^^^^^^^^^^^^^^^^^^^^^^^^^^^^^
  6 | import { getAllSkills } from "@/lib/skills";
  7 | import { isValidLocale, type Locale } from "@/i18n/config";
  8 | import { getDictionary } from "@/i18n/get-dictionary";

Import map: aliased to relative './src/components/RetroTerminal' inside of [project]/Desktop/I-Product/skillhub

https://nextjs.org/docs/messages/module-not-found @ http://localhost:3000/_next/static/chunks/c2fc1_next_dist_03d21e83._.js:3127
[  101904ms] [ERROR] ./Desktop/I-Product/skillhub/src/app/[locale]/page.tsx:5:1
Module not found: Can't resolve '@/components/RetroTerminal'
  3 | import SkillGrid from "@/components/SkillGrid";
  4 | import RetroComputer from "@/components/RetroComputer";
> 5 | import RetroTerminal from "@/components/RetroTerminal";
    | ^^^^^^^^^^^^^^^^^^^^^^^^^^^^^^^^^^^^^^^^^^^^^^^^^^^^^^^
  6 | import { getAllSkills } from "@/lib/skills";
  7 | import { isValidLocale, type Locale } from "@/i18n/config";
  8 | import { getDictionary } from "@/i18n/get-dictionary";

Import map: aliased to relative './src/components/RetroTerminal' inside of [project]/Desktop/I-Product/skillhub

https://nextjs.org/docs/messages/module-not-found @ http://localhost:3000/_next/static/chunks/c2fc1_next_dist_03d21e83._.js:3127
[  101954ms] [ERROR] ./Desktop/I-Product/skillhub/src/app/[locale]/page.tsx:5:1
Module not found: Can't resolve '@/components/RetroTerminal'
  3 | import SkillGrid from "@/components/SkillGrid";
  4 | import RetroComputer from "@/components/RetroComputer";
> 5 | import RetroTerminal from "@/components/RetroTerminal";
    | ^^^^^^^^^^^^^^^^^^^^^^^^^^^^^^^^^^^^^^^^^^^^^^^^^^^^^^^
  6 | import { getAllSkills } from "@/lib/skills";
  7 | import { isValidLocale, type Locale } from "@/i18n/config";
  8 | import { getDictionary } from "@/i18n/get-dictionary";

Import map: aliased to relative './src/components/RetroTerminal' inside of [project]/Desktop/I-Product/skillhub

https://nextjs.org/docs/messages/module-not-found @ http://localhost:3000/_next/static/chunks/c2fc1_next_dist_03d21e83._.js:3127
[  102001ms] [ERROR] ./Desktop/I-Product/skillhub/src/app/[locale]/page.tsx:5:1
Module not found: Can't resolve '@/components/RetroTerminal'
  3 | import SkillGrid from "@/components/SkillGrid";
  4 | import RetroComputer from "@/components/RetroComputer";
> 5 | import RetroTerminal from "@/components/RetroTerminal";
    | ^^^^^^^^^^^^^^^^^^^^^^^^^^^^^^^^^^^^^^^^^^^^^^^^^^^^^^^
  6 | import { getAllSkills } from "@/lib/skills";
  7 | import { isValidLocale, type Locale } from "@/i18n/config";
  8 | import { getDictionary } from "@/i18n/get-dictionary";

Import map: aliased to relative './src/components/RetroTerminal' inside of [project]/Desktop/I-Product/skillhub

https://nextjs.org/docs/messages/module-not-found @ http://localhost:3000/_next/static/chunks/c2fc1_next_dist_03d21e83._.js:3127
[  102050ms] [ERROR] ./Desktop/I-Product/skillhub/src/app/[locale]/page.tsx:5:1
Module not found: Can't resolve '@/components/RetroTerminal'
  3 | import SkillGrid from "@/components/SkillGrid";
  4 | import RetroComputer from "@/components/RetroComputer";
> 5 | import RetroTerminal from "@/components/RetroTerminal";
    | ^^^^^^^^^^^^^^^^^^^^^^^^^^^^^^^^^^^^^^^^^^^^^^^^^^^^^^^
  6 | import { getAllSkills } from "@/lib/skills";
  7 | import { isValidLocale, type Locale } from "@/i18n/config";
  8 | import { getDictionary } from "@/i18n/get-dictionary";

Import map: aliased to relative './src/components/RetroTerminal' inside of [project]/Desktop/I-Product/skillhub

https://nextjs.org/docs/messages/module-not-found @ http://localhost:3000/_next/static/chunks/c2fc1_next_dist_03d21e83._.js:3127
[  102100ms] [ERROR] ./Desktop/I-Product/skillhub/src/app/[locale]/page.tsx:5:1
Module not found: Can't resolve '@/components/RetroTerminal'
  3 | import SkillGrid from "@/components/SkillGrid";
  4 | import RetroComputer from "@/components/RetroComputer";
> 5 | import RetroTerminal from "@/components/RetroTerminal";
    | ^^^^^^^^^^^^^^^^^^^^^^^^^^^^^^^^^^^^^^^^^^^^^^^^^^^^^^^
  6 | import { getAllSkills } from "@/lib/skills";
  7 | import { isValidLocale, type Locale } from "@/i18n/config";
  8 | import { getDictionary } from "@/i18n/get-dictionary";

Import map: aliased to relative './src/components/RetroTerminal' inside of [project]/Desktop/I-Product/skillhub

https://nextjs.org/docs/messages/module-not-found @ http://localhost:3000/_next/static/chunks/c2fc1_next_dist_03d21e83._.js:3127
[  102151ms] [ERROR] ./Desktop/I-Product/skillhub/src/app/[locale]/page.tsx:5:1
Module not found: Can't resolve '@/components/RetroTerminal'
  3 | import SkillGrid from "@/components/SkillGrid";
  4 | import RetroComputer from "@/components/RetroComputer";
> 5 | import RetroTerminal from "@/components/RetroTerminal";
    | ^^^^^^^^^^^^^^^^^^^^^^^^^^^^^^^^^^^^^^^^^^^^^^^^^^^^^^^
  6 | import { getAllSkills } from "@/lib/skills";
  7 | import { isValidLocale, type Locale } from "@/i18n/config";
  8 | import { getDictionary } from "@/i18n/get-dictionary";

Import map: aliased to relative './src/components/RetroTerminal' inside of [project]/Desktop/I-Product/skillhub

https://nextjs.org/docs/messages/module-not-found @ http://localhost:3000/_next/static/chunks/c2fc1_next_dist_03d21e83._.js:3127
[  102202ms] [ERROR] ./Desktop/I-Product/skillhub/src/app/[locale]/page.tsx:5:1
Module not found: Can't resolve '@/components/RetroTerminal'
  3 | import SkillGrid from "@/components/SkillGrid";
  4 | import RetroComputer from "@/components/RetroComputer";
> 5 | import RetroTerminal from "@/components/RetroTerminal";
    | ^^^^^^^^^^^^^^^^^^^^^^^^^^^^^^^^^^^^^^^^^^^^^^^^^^^^^^^
  6 | import { getAllSkills } from "@/lib/skills";
  7 | import { isValidLocale, type Locale } from "@/i18n/config";
  8 | import { getDictionary } from "@/i18n/get-dictionary";

Import map: aliased to relative './src/components/RetroTerminal' inside of [project]/Desktop/I-Product/skillhub

https://nextjs.org/docs/messages/module-not-found @ http://localhost:3000/_next/static/chunks/c2fc1_next_dist_03d21e83._.js:3127
[  102251ms] [ERROR] ./Desktop/I-Product/skillhub/src/app/[locale]/page.tsx:5:1
Module not found: Can't resolve '@/components/RetroTerminal'
  3 | import SkillGrid from "@/components/SkillGrid";
  4 | import RetroComputer from "@/components/RetroComputer";
> 5 | import RetroTerminal from "@/components/RetroTerminal";
    | ^^^^^^^^^^^^^^^^^^^^^^^^^^^^^^^^^^^^^^^^^^^^^^^^^^^^^^^
  6 | import { getAllSkills } from "@/lib/skills";
  7 | import { isValidLocale, type Locale } from "@/i18n/config";
  8 | import { getDictionary } from "@/i18n/get-dictionary";

Import map: aliased to relative './src/components/RetroTerminal' inside of [project]/Desktop/I-Product/skillhub

https://nextjs.org/docs/messages/module-not-found @ http://localhost:3000/_next/static/chunks/c2fc1_next_dist_03d21e83._.js:3127
[  102302ms] [ERROR] ./Desktop/I-Product/skillhub/src/app/[locale]/page.tsx:5:1
Module not found: Can't resolve '@/components/RetroTerminal'
  3 | import SkillGrid from "@/components/SkillGrid";
  4 | import RetroComputer from "@/components/RetroComputer";
> 5 | import RetroTerminal from "@/components/RetroTerminal";
    | ^^^^^^^^^^^^^^^^^^^^^^^^^^^^^^^^^^^^^^^^^^^^^^^^^^^^^^^
  6 | import { getAllSkills } from "@/lib/skills";
  7 | import { isValidLocale, type Locale } from "@/i18n/config";
  8 | import { getDictionary } from "@/i18n/get-dictionary";

Import map: aliased to relative './src/components/RetroTerminal' inside of [project]/Desktop/I-Product/skillhub

https://nextjs.org/docs/messages/module-not-found @ http://localhost:3000/_next/static/chunks/c2fc1_next_dist_03d21e83._.js:3127
[  102353ms] [ERROR] ./Desktop/I-Product/skillhub/src/app/[locale]/page.tsx:5:1
Module not found: Can't resolve '@/components/RetroTerminal'
  3 | import SkillGrid from "@/components/SkillGrid";
  4 | import RetroComputer from "@/components/RetroComputer";
> 5 | import RetroTerminal from "@/components/RetroTerminal";
    | ^^^^^^^^^^^^^^^^^^^^^^^^^^^^^^^^^^^^^^^^^^^^^^^^^^^^^^^
  6 | import { getAllSkills } from "@/lib/skills";
  7 | import { isValidLocale, type Locale } from "@/i18n/config";
  8 | import { getDictionary } from "@/i18n/get-dictionary";

Import map: aliased to relative './src/components/RetroTerminal' inside of [project]/Desktop/I-Product/skillhub

https://nextjs.org/docs/messages/module-not-found @ http://localhost:3000/_next/static/chunks/c2fc1_next_dist_03d21e83._.js:3127
[  102405ms] [ERROR] ./Desktop/I-Product/skillhub/src/app/[locale]/page.tsx:5:1
Module not found: Can't resolve '@/components/RetroTerminal'
  3 | import SkillGrid from "@/components/SkillGrid";
  4 | import RetroComputer from "@/components/RetroComputer";
> 5 | import RetroTerminal from "@/components/RetroTerminal";
    | ^^^^^^^^^^^^^^^^^^^^^^^^^^^^^^^^^^^^^^^^^^^^^^^^^^^^^^^
  6 | import { getAllSkills } from "@/lib/skills";
  7 | import { isValidLocale, type Locale } from "@/i18n/config";
  8 | import { getDictionary } from "@/i18n/get-dictionary";

Import map: aliased to relative './src/components/RetroTerminal' inside of [project]/Desktop/I-Product/skillhub

https://nextjs.org/docs/messages/module-not-found @ http://localhost:3000/_next/static/chunks/c2fc1_next_dist_03d21e83._.js:3127
[  102455ms] [ERROR] ./Desktop/I-Product/skillhub/src/app/[locale]/page.tsx:5:1
Module not found: Can't resolve '@/components/RetroTerminal'
  3 | import SkillGrid from "@/components/SkillGrid";
  4 | import RetroComputer from "@/components/RetroComputer";
> 5 | import RetroTerminal from "@/components/RetroTerminal";
    | ^^^^^^^^^^^^^^^^^^^^^^^^^^^^^^^^^^^^^^^^^^^^^^^^^^^^^^^
  6 | import { getAllSkills } from "@/lib/skills";
  7 | import { isValidLocale, type Locale } from "@/i18n/config";
  8 | import { getDictionary } from "@/i18n/get-dictionary";

Import map: aliased to relative './src/components/RetroTerminal' inside of [project]/Desktop/I-Product/skillhub

https://nextjs.org/docs/messages/module-not-found @ http://localhost:3000/_next/static/chunks/c2fc1_next_dist_03d21e83._.js:3127
[  102583ms] [ERROR] ./Desktop/I-Product/skillhub/src/app/[locale]/page.tsx:5:1
Module not found: Can't resolve '@/components/RetroTerminal'
  3 | import SkillGrid from "@/components/SkillGrid";
  4 | import RetroComputer from "@/components/RetroComputer";
> 5 | import RetroTerminal from "@/components/RetroTerminal";
    | ^^^^^^^^^^^^^^^^^^^^^^^^^^^^^^^^^^^^^^^^^^^^^^^^^^^^^^^
  6 | import { getAllSkills } from "@/lib/skills";
  7 | import { isValidLocale, type Locale } from "@/i18n/config";
  8 | import { getDictionary } from "@/i18n/get-dictionary";

Import map: aliased to relative './src/components/RetroTerminal' inside of [project]/Desktop/I-Product/skillhub

https://nextjs.org/docs/messages/module-not-found @ http://localhost:3000/_next/static/chunks/c2fc1_next_dist_03d21e83._.js:3127
[  102648ms] [ERROR] ./Desktop/I-Product/skillhub/src/app/[locale]/page.tsx:5:1
Module not found: Can't resolve '@/components/RetroTerminal'
  3 | import SkillGrid from "@/components/SkillGrid";
  4 | import RetroComputer from "@/components/RetroComputer";
> 5 | import RetroTerminal from "@/components/RetroTerminal";
    | ^^^^^^^^^^^^^^^^^^^^^^^^^^^^^^^^^^^^^^^^^^^^^^^^^^^^^^^
  6 | import { getAllSkills } from "@/lib/skills";
  7 | import { isValidLocale, type Locale } from "@/i18n/config";
  8 | import { getDictionary } from "@/i18n/get-dictionary";

Import map: aliased to relative './src/components/RetroTerminal' inside of [project]/Desktop/I-Product/skillhub

https://nextjs.org/docs/messages/module-not-found @ http://localhost:3000/_next/static/chunks/c2fc1_next_dist_03d21e83._.js:3127
[  102703ms] [ERROR] ./Desktop/I-Product/skillhub/src/app/[locale]/page.tsx:5:1
Module not found: Can't resolve '@/components/RetroTerminal'
  3 | import SkillGrid from "@/components/SkillGrid";
  4 | import RetroComputer from "@/components/RetroComputer";
> 5 | import RetroTerminal from "@/components/RetroTerminal";
    | ^^^^^^^^^^^^^^^^^^^^^^^^^^^^^^^^^^^^^^^^^^^^^^^^^^^^^^^
  6 | import { getAllSkills } from "@/lib/skills";
  7 | import { isValidLocale, type Locale } from "@/i18n/config";
  8 | import { getDictionary } from "@/i18n/get-dictionary";

Import map: aliased to relative './src/components/RetroTerminal' inside of [project]/Desktop/I-Product/skillhub

https://nextjs.org/docs/messages/module-not-found @ http://localhost:3000/_next/static/chunks/c2fc1_next_dist_03d21e83._.js:3127
[  102748ms] [ERROR] ./Desktop/I-Product/skillhub/src/app/[locale]/page.tsx:5:1
Module not found: Can't resolve '@/components/RetroTerminal'
  3 | import SkillGrid from "@/components/SkillGrid";
  4 | import RetroComputer from "@/components/RetroComputer";
> 5 | import RetroTerminal from "@/components/RetroTerminal";
    | ^^^^^^^^^^^^^^^^^^^^^^^^^^^^^^^^^^^^^^^^^^^^^^^^^^^^^^^
  6 | import { getAllSkills } from "@/lib/skills";
  7 | import { isValidLocale, type Locale } from "@/i18n/config";
  8 | import { getDictionary } from "@/i18n/get-dictionary";

Import map: aliased to relative './src/components/RetroTerminal' inside of [project]/Desktop/I-Product/skillhub

https://nextjs.org/docs/messages/module-not-found @ http://localhost:3000/_next/static/chunks/c2fc1_next_dist_03d21e83._.js:3127
[  102798ms] [ERROR] ./Desktop/I-Product/skillhub/src/app/[locale]/page.tsx:5:1
Module not found: Can't resolve '@/components/RetroTerminal'
  3 | import SkillGrid from "@/components/SkillGrid";
  4 | import RetroComputer from "@/components/RetroComputer";
> 5 | import RetroTerminal from "@/components/RetroTerminal";
    | ^^^^^^^^^^^^^^^^^^^^^^^^^^^^^^^^^^^^^^^^^^^^^^^^^^^^^^^
  6 | import { getAllSkills } from "@/lib/skills";
  7 | import { isValidLocale, type Locale } from "@/i18n/config";
  8 | import { getDictionary } from "@/i18n/get-dictionary";

Import map: aliased to relative './src/components/RetroTerminal' inside of [project]/Desktop/I-Product/skillhub

https://nextjs.org/docs/messages/module-not-found @ http://localhost:3000/_next/static/chunks/c2fc1_next_dist_03d21e83._.js:3127
[  102847ms] [ERROR] ./Desktop/I-Product/skillhub/src/app/[locale]/page.tsx:5:1
Module not found: Can't resolve '@/components/RetroTerminal'
  3 | import SkillGrid from "@/components/SkillGrid";
  4 | import RetroComputer from "@/components/RetroComputer";
> 5 | import RetroTerminal from "@/components/RetroTerminal";
    | ^^^^^^^^^^^^^^^^^^^^^^^^^^^^^^^^^^^^^^^^^^^^^^^^^^^^^^^
  6 | import { getAllSkills } from "@/lib/skills";
  7 | import { isValidLocale, type Locale } from "@/i18n/config";
  8 | import { getDictionary } from "@/i18n/get-dictionary";

Import map: aliased to relative './src/components/RetroTerminal' inside of [project]/Desktop/I-Product/skillhub

https://nextjs.org/docs/messages/module-not-found @ http://localhost:3000/_next/static/chunks/c2fc1_next_dist_03d21e83._.js:3127
[  102898ms] [ERROR] ./Desktop/I-Product/skillhub/src/app/[locale]/page.tsx:5:1
Module not found: Can't resolve '@/components/RetroTerminal'
  3 | import SkillGrid from "@/components/SkillGrid";
  4 | import RetroComputer from "@/components/RetroComputer";
> 5 | import RetroTerminal from "@/components/RetroTerminal";
    | ^^^^^^^^^^^^^^^^^^^^^^^^^^^^^^^^^^^^^^^^^^^^^^^^^^^^^^^
  6 | import { getAllSkills } from "@/lib/skills";
  7 | import { isValidLocale, type Locale } from "@/i18n/config";
  8 | import { getDictionary } from "@/i18n/get-dictionary";

Import map: aliased to relative './src/components/RetroTerminal' inside of [project]/Desktop/I-Product/skillhub

https://nextjs.org/docs/messages/module-not-found @ http://localhost:3000/_next/static/chunks/c2fc1_next_dist_03d21e83._.js:3127
[  102948ms] [ERROR] ./Desktop/I-Product/skillhub/src/app/[locale]/page.tsx:5:1
Module not found: Can't resolve '@/components/RetroTerminal'
  3 | import SkillGrid from "@/components/SkillGrid";
  4 | import RetroComputer from "@/components/RetroComputer";
> 5 | import RetroTerminal from "@/components/RetroTerminal";
    | ^^^^^^^^^^^^^^^^^^^^^^^^^^^^^^^^^^^^^^^^^^^^^^^^^^^^^^^
  6 | import { getAllSkills } from "@/lib/skills";
  7 | import { isValidLocale, type Locale } from "@/i18n/config";
  8 | import { getDictionary } from "@/i18n/get-dictionary";

Import map: aliased to relative './src/components/RetroTerminal' inside of [project]/Desktop/I-Product/skillhub

https://nextjs.org/docs/messages/module-not-found @ http://localhost:3000/_next/static/chunks/c2fc1_next_dist_03d21e83._.js:3127
[  102999ms] [ERROR] ./Desktop/I-Product/skillhub/src/app/[locale]/page.tsx:5:1
Module not found: Can't resolve '@/components/RetroTerminal'
  3 | import SkillGrid from "@/components/SkillGrid";
  4 | import RetroComputer from "@/components/RetroComputer";
> 5 | import RetroTerminal from "@/components/RetroTerminal";
    | ^^^^^^^^^^^^^^^^^^^^^^^^^^^^^^^^^^^^^^^^^^^^^^^^^^^^^^^
  6 | import { getAllSkills } from "@/lib/skills";
  7 | import { isValidLocale, type Locale } from "@/i18n/config";
  8 | import { getDictionary } from "@/i18n/get-dictionary";

Import map: aliased to relative './src/components/RetroTerminal' inside of [project]/Desktop/I-Product/skillhub

https://nextjs.org/docs/messages/module-not-found @ http://localhost:3000/_next/static/chunks/c2fc1_next_dist_03d21e83._.js:3127
[  103048ms] [ERROR] ./Desktop/I-Product/skillhub/src/app/[locale]/page.tsx:5:1
Module not found: Can't resolve '@/components/RetroTerminal'
  3 | import SkillGrid from "@/components/SkillGrid";
  4 | import RetroComputer from "@/components/RetroComputer";
> 5 | import RetroTerminal from "@/components/RetroTerminal";
    | ^^^^^^^^^^^^^^^^^^^^^^^^^^^^^^^^^^^^^^^^^^^^^^^^^^^^^^^
  6 | import { getAllSkills } from "@/lib/skills";
  7 | import { isValidLocale, type Locale } from "@/i18n/config";
  8 | import { getDictionary } from "@/i18n/get-dictionary";

Import map: aliased to relative './src/components/RetroTerminal' inside of [project]/Desktop/I-Product/skillhub

https://nextjs.org/docs/messages/module-not-found @ http://localhost:3000/_next/static/chunks/c2fc1_next_dist_03d21e83._.js:3127
[  103098ms] [ERROR] ./Desktop/I-Product/skillhub/src/app/[locale]/page.tsx:5:1
Module not found: Can't resolve '@/components/RetroTerminal'
  3 | import SkillGrid from "@/components/SkillGrid";
  4 | import RetroComputer from "@/components/RetroComputer";
> 5 | import RetroTerminal from "@/components/RetroTerminal";
    | ^^^^^^^^^^^^^^^^^^^^^^^^^^^^^^^^^^^^^^^^^^^^^^^^^^^^^^^
  6 | import { getAllSkills } from "@/lib/skills";
  7 | import { isValidLocale, type Locale } from "@/i18n/config";
  8 | import { getDictionary } from "@/i18n/get-dictionary";

Import map: aliased to relative './src/components/RetroTerminal' inside of [project]/Desktop/I-Product/skillhub

https://nextjs.org/docs/messages/module-not-found @ http://localhost:3000/_next/static/chunks/c2fc1_next_dist_03d21e83._.js:3127
[  103148ms] [ERROR] ./Desktop/I-Product/skillhub/src/app/[locale]/page.tsx:5:1
Module not found: Can't resolve '@/components/RetroTerminal'
  3 | import SkillGrid from "@/components/SkillGrid";
  4 | import RetroComputer from "@/components/RetroComputer";
> 5 | import RetroTerminal from "@/components/RetroTerminal";
    | ^^^^^^^^^^^^^^^^^^^^^^^^^^^^^^^^^^^^^^^^^^^^^^^^^^^^^^^
  6 | import { getAllSkills } from "@/lib/skills";
  7 | import { isValidLocale, type Locale } from "@/i18n/config";
  8 | import { getDictionary } from "@/i18n/get-dictionary";

Import map: aliased to relative './src/components/RetroTerminal' inside of [project]/Desktop/I-Product/skillhub

https://nextjs.org/docs/messages/module-not-found @ http://localhost:3000/_next/static/chunks/c2fc1_next_dist_03d21e83._.js:3127
[  103198ms] [ERROR] ./Desktop/I-Product/skillhub/src/app/[locale]/page.tsx:5:1
Module not found: Can't resolve '@/components/RetroTerminal'
  3 | import SkillGrid from "@/components/SkillGrid";
  4 | import RetroComputer from "@/components/RetroComputer";
> 5 | import RetroTerminal from "@/components/RetroTerminal";
    | ^^^^^^^^^^^^^^^^^^^^^^^^^^^^^^^^^^^^^^^^^^^^^^^^^^^^^^^
  6 | import { getAllSkills } from "@/lib/skills";
  7 | import { isValidLocale, type Locale } from "@/i18n/config";
  8 | import { getDictionary } from "@/i18n/get-dictionary";

Import map: aliased to relative './src/components/RetroTerminal' inside of [project]/Desktop/I-Product/skillhub

https://nextjs.org/docs/messages/module-not-found @ http://localhost:3000/_next/static/chunks/c2fc1_next_dist_03d21e83._.js:3127
[  103249ms] [ERROR] ./Desktop/I-Product/skillhub/src/app/[locale]/page.tsx:5:1
Module not found: Can't resolve '@/components/RetroTerminal'
  3 | import SkillGrid from "@/components/SkillGrid";
  4 | import RetroComputer from "@/components/RetroComputer";
> 5 | import RetroTerminal from "@/components/RetroTerminal";
    | ^^^^^^^^^^^^^^^^^^^^^^^^^^^^^^^^^^^^^^^^^^^^^^^^^^^^^^^
  6 | import { getAllSkills } from "@/lib/skills";
  7 | import { isValidLocale, type Locale } from "@/i18n/config";
  8 | import { getDictionary } from "@/i18n/get-dictionary";

Import map: aliased to relative './src/components/RetroTerminal' inside of [project]/Desktop/I-Product/skillhub

https://nextjs.org/docs/messages/module-not-found @ http://localhost:3000/_next/static/chunks/c2fc1_next_dist_03d21e83._.js:3127
[  103298ms] [ERROR] ./Desktop/I-Product/skillhub/src/app/[locale]/page.tsx:5:1
Module not found: Can't resolve '@/components/RetroTerminal'
  3 | import SkillGrid from "@/components/SkillGrid";
  4 | import RetroComputer from "@/components/RetroComputer";
> 5 | import RetroTerminal from "@/components/RetroTerminal";
    | ^^^^^^^^^^^^^^^^^^^^^^^^^^^^^^^^^^^^^^^^^^^^^^^^^^^^^^^
  6 | import { getAllSkills } from "@/lib/skills";
  7 | import { isValidLocale, type Locale } from "@/i18n/config";
  8 | import { getDictionary } from "@/i18n/get-dictionary";

Import map: aliased to relative './src/components/RetroTerminal' inside of [project]/Desktop/I-Product/skillhub

https://nextjs.org/docs/messages/module-not-found @ http://localhost:3000/_next/static/chunks/c2fc1_next_dist_03d21e83._.js:3127
[  103347ms] [ERROR] ./Desktop/I-Product/skillhub/src/app/[locale]/page.tsx:5:1
Module not found: Can't resolve '@/components/RetroTerminal'
  3 | import SkillGrid from "@/components/SkillGrid";
  4 | import RetroComputer from "@/components/RetroComputer";
> 5 | import RetroTerminal from "@/components/RetroTerminal";
    | ^^^^^^^^^^^^^^^^^^^^^^^^^^^^^^^^^^^^^^^^^^^^^^^^^^^^^^^
  6 | import { getAllSkills } from "@/lib/skills";
  7 | import { isValidLocale, type Locale } from "@/i18n/config";
  8 | import { getDictionary } from "@/i18n/get-dictionary";

Import map: aliased to relative './src/components/RetroTerminal' inside of [project]/Desktop/I-Product/skillhub

https://nextjs.org/docs/messages/module-not-found @ http://localhost:3000/_next/static/chunks/c2fc1_next_dist_03d21e83._.js:3127
[  103398ms] [ERROR] ./Desktop/I-Product/skillhub/src/app/[locale]/page.tsx:5:1
Module not found: Can't resolve '@/components/RetroTerminal'
  3 | import SkillGrid from "@/components/SkillGrid";
  4 | import RetroComputer from "@/components/RetroComputer";
> 5 | import RetroTerminal from "@/components/RetroTerminal";
    | ^^^^^^^^^^^^^^^^^^^^^^^^^^^^^^^^^^^^^^^^^^^^^^^^^^^^^^^
  6 | import { getAllSkills } from "@/lib/skills";
  7 | import { isValidLocale, type Locale } from "@/i18n/config";
  8 | import { getDictionary } from "@/i18n/get-dictionary";

Import map: aliased to relative './src/components/RetroTerminal' inside of [project]/Desktop/I-Product/skillhub

https://nextjs.org/docs/messages/module-not-found @ http://localhost:3000/_next/static/chunks/c2fc1_next_dist_03d21e83._.js:3127
[  103448ms] [ERROR] ./Desktop/I-Product/skillhub/src/app/[locale]/page.tsx:5:1
Module not found: Can't resolve '@/components/RetroTerminal'
  3 | import SkillGrid from "@/components/SkillGrid";
  4 | import RetroComputer from "@/components/RetroComputer";
> 5 | import RetroTerminal from "@/components/RetroTerminal";
    | ^^^^^^^^^^^^^^^^^^^^^^^^^^^^^^^^^^^^^^^^^^^^^^^^^^^^^^^
  6 | import { getAllSkills } from "@/lib/skills";
  7 | import { isValidLocale, type Locale } from "@/i18n/config";
  8 | import { getDictionary } from "@/i18n/get-dictionary";

Import map: aliased to relative './src/components/RetroTerminal' inside of [project]/Desktop/I-Product/skillhub

https://nextjs.org/docs/messages/module-not-found @ http://localhost:3000/_next/static/chunks/c2fc1_next_dist_03d21e83._.js:3127
[  103499ms] [ERROR] ./Desktop/I-Product/skillhub/src/app/[locale]/page.tsx:5:1
Module not found: Can't resolve '@/components/RetroTerminal'
  3 | import SkillGrid from "@/components/SkillGrid";
  4 | import RetroComputer from "@/components/RetroComputer";
> 5 | import RetroTerminal from "@/components/RetroTerminal";
    | ^^^^^^^^^^^^^^^^^^^^^^^^^^^^^^^^^^^^^^^^^^^^^^^^^^^^^^^
  6 | import { getAllSkills } from "@/lib/skills";
  7 | import { isValidLocale, type Locale } from "@/i18n/config";
  8 | import { getDictionary } from "@/i18n/get-dictionary";

Import map: aliased to relative './src/components/RetroTerminal' inside of [project]/Desktop/I-Product/skillhub

https://nextjs.org/docs/messages/module-not-found @ http://localhost:3000/_next/static/chunks/c2fc1_next_dist_03d21e83._.js:3127
[  103550ms] [ERROR] ./Desktop/I-Product/skillhub/src/app/[locale]/page.tsx:5:1
Module not found: Can't resolve '@/components/RetroTerminal'
  3 | import SkillGrid from "@/components/SkillGrid";
  4 | import RetroComputer from "@/components/RetroComputer";
> 5 | import RetroTerminal from "@/components/RetroTerminal";
    | ^^^^^^^^^^^^^^^^^^^^^^^^^^^^^^^^^^^^^^^^^^^^^^^^^^^^^^^
  6 | import { getAllSkills } from "@/lib/skills";
  7 | import { isValidLocale, type Locale } from "@/i18n/config";
  8 | import { getDictionary } from "@/i18n/get-dictionary";

Import map: aliased to relative './src/components/RetroTerminal' inside of [project]/Desktop/I-Product/skillhub

https://nextjs.org/docs/messages/module-not-found @ http://localhost:3000/_next/static/chunks/c2fc1_next_dist_03d21e83._.js:3127
[  103603ms] [ERROR] ./Desktop/I-Product/skillhub/src/app/[locale]/page.tsx:5:1
Module not found: Can't resolve '@/components/RetroTerminal'
  3 | import SkillGrid from "@/components/SkillGrid";
  4 | import RetroComputer from "@/components/RetroComputer";
> 5 | import RetroTerminal from "@/components/RetroTerminal";
    | ^^^^^^^^^^^^^^^^^^^^^^^^^^^^^^^^^^^^^^^^^^^^^^^^^^^^^^^
  6 | import { getAllSkills } from "@/lib/skills";
  7 | import { isValidLocale, type Locale } from "@/i18n/config";
  8 | import { getDictionary } from "@/i18n/get-dictionary";

Import map: aliased to relative './src/components/RetroTerminal' inside of [project]/Desktop/I-Product/skillhub

https://nextjs.org/docs/messages/module-not-found @ http://localhost:3000/_next/static/chunks/c2fc1_next_dist_03d21e83._.js:3127
[  103653ms] [ERROR] ./Desktop/I-Product/skillhub/src/app/[locale]/page.tsx:5:1
Module not found: Can't resolve '@/components/RetroTerminal'
  3 | import SkillGrid from "@/components/SkillGrid";
  4 | import RetroComputer from "@/components/RetroComputer";
> 5 | import RetroTerminal from "@/components/RetroTerminal";
    | ^^^^^^^^^^^^^^^^^^^^^^^^^^^^^^^^^^^^^^^^^^^^^^^^^^^^^^^
  6 | import { getAllSkills } from "@/lib/skills";
  7 | import { isValidLocale, type Locale } from "@/i18n/config";
  8 | import { getDictionary } from "@/i18n/get-dictionary";

Import map: aliased to relative './src/components/RetroTerminal' inside of [project]/Desktop/I-Product/skillhub

https://nextjs.org/docs/messages/module-not-found @ http://localhost:3000/_next/static/chunks/c2fc1_next_dist_03d21e83._.js:3127
[  103702ms] [ERROR] ./Desktop/I-Product/skillhub/src/app/[locale]/page.tsx:5:1
Module not found: Can't resolve '@/components/RetroTerminal'
  3 | import SkillGrid from "@/components/SkillGrid";
  4 | import RetroComputer from "@/components/RetroComputer";
> 5 | import RetroTerminal from "@/components/RetroTerminal";
    | ^^^^^^^^^^^^^^^^^^^^^^^^^^^^^^^^^^^^^^^^^^^^^^^^^^^^^^^
  6 | import { getAllSkills } from "@/lib/skills";
  7 | import { isValidLocale, type Locale } from "@/i18n/config";
  8 | import { getDictionary } from "@/i18n/get-dictionary";

Import map: aliased to relative './src/components/RetroTerminal' inside of [project]/Desktop/I-Product/skillhub

https://nextjs.org/docs/messages/module-not-found @ http://localhost:3000/_next/static/chunks/c2fc1_next_dist_03d21e83._.js:3127
[  103753ms] [ERROR] ./Desktop/I-Product/skillhub/src/app/[locale]/page.tsx:5:1
Module not found: Can't resolve '@/components/RetroTerminal'
  3 | import SkillGrid from "@/components/SkillGrid";
  4 | import RetroComputer from "@/components/RetroComputer";
> 5 | import RetroTerminal from "@/components/RetroTerminal";
    | ^^^^^^^^^^^^^^^^^^^^^^^^^^^^^^^^^^^^^^^^^^^^^^^^^^^^^^^
  6 | import { getAllSkills } from "@/lib/skills";
  7 | import { isValidLocale, type Locale } from "@/i18n/config";
  8 | import { getDictionary } from "@/i18n/get-dictionary";

Import map: aliased to relative './src/components/RetroTerminal' inside of [project]/Desktop/I-Product/skillhub

https://nextjs.org/docs/messages/module-not-found @ http://localhost:3000/_next/static/chunks/c2fc1_next_dist_03d21e83._.js:3127
[  103803ms] [ERROR] ./Desktop/I-Product/skillhub/src/app/[locale]/page.tsx:5:1
Module not found: Can't resolve '@/components/RetroTerminal'
  3 | import SkillGrid from "@/components/SkillGrid";
  4 | import RetroComputer from "@/components/RetroComputer";
> 5 | import RetroTerminal from "@/components/RetroTerminal";
    | ^^^^^^^^^^^^^^^^^^^^^^^^^^^^^^^^^^^^^^^^^^^^^^^^^^^^^^^
  6 | import { getAllSkills } from "@/lib/skills";
  7 | import { isValidLocale, type Locale } from "@/i18n/config";
  8 | import { getDictionary } from "@/i18n/get-dictionary";

Import map: aliased to relative './src/components/RetroTerminal' inside of [project]/Desktop/I-Product/skillhub

https://nextjs.org/docs/messages/module-not-found @ http://localhost:3000/_next/static/chunks/c2fc1_next_dist_03d21e83._.js:3127
[  103852ms] [ERROR] ./Desktop/I-Product/skillhub/src/app/[locale]/page.tsx:5:1
Module not found: Can't resolve '@/components/RetroTerminal'
  3 | import SkillGrid from "@/components/SkillGrid";
  4 | import RetroComputer from "@/components/RetroComputer";
> 5 | import RetroTerminal from "@/components/RetroTerminal";
    | ^^^^^^^^^^^^^^^^^^^^^^^^^^^^^^^^^^^^^^^^^^^^^^^^^^^^^^^
  6 | import { getAllSkills } from "@/lib/skills";
  7 | import { isValidLocale, type Locale } from "@/i18n/config";
  8 | import { getDictionary } from "@/i18n/get-dictionary";

Import map: aliased to relative './src/components/RetroTerminal' inside of [project]/Desktop/I-Product/skillhub

https://nextjs.org/docs/messages/module-not-found @ http://localhost:3000/_next/static/chunks/c2fc1_next_dist_03d21e83._.js:3127
[  103901ms] [ERROR] ./Desktop/I-Product/skillhub/src/app/[locale]/page.tsx:5:1
Module not found: Can't resolve '@/components/RetroTerminal'
  3 | import SkillGrid from "@/components/SkillGrid";
  4 | import RetroComputer from "@/components/RetroComputer";
> 5 | import RetroTerminal from "@/components/RetroTerminal";
    | ^^^^^^^^^^^^^^^^^^^^^^^^^^^^^^^^^^^^^^^^^^^^^^^^^^^^^^^
  6 | import { getAllSkills } from "@/lib/skills";
  7 | import { isValidLocale, type Locale } from "@/i18n/config";
  8 | import { getDictionary } from "@/i18n/get-dictionary";

Import map: aliased to relative './src/components/RetroTerminal' inside of [project]/Desktop/I-Product/skillhub

https://nextjs.org/docs/messages/module-not-found @ http://localhost:3000/_next/static/chunks/c2fc1_next_dist_03d21e83._.js:3127
[  103951ms] [ERROR] ./Desktop/I-Product/skillhub/src/app/[locale]/page.tsx:5:1
Module not found: Can't resolve '@/components/RetroTerminal'
  3 | import SkillGrid from "@/components/SkillGrid";
  4 | import RetroComputer from "@/components/RetroComputer";
> 5 | import RetroTerminal from "@/components/RetroTerminal";
    | ^^^^^^^^^^^^^^^^^^^^^^^^^^^^^^^^^^^^^^^^^^^^^^^^^^^^^^^
  6 | import { getAllSkills } from "@/lib/skills";
  7 | import { isValidLocale, type Locale } from "@/i18n/config";
  8 | import { getDictionary } from "@/i18n/get-dictionary";

Import map: aliased to relative './src/components/RetroTerminal' inside of [project]/Desktop/I-Product/skillhub

https://nextjs.org/docs/messages/module-not-found @ http://localhost:3000/_next/static/chunks/c2fc1_next_dist_03d21e83._.js:3127
[  104000ms] [ERROR] ./Desktop/I-Product/skillhub/src/app/[locale]/page.tsx:5:1
Module not found: Can't resolve '@/components/RetroTerminal'
  3 | import SkillGrid from "@/components/SkillGrid";
  4 | import RetroComputer from "@/components/RetroComputer";
> 5 | import RetroTerminal from "@/components/RetroTerminal";
    | ^^^^^^^^^^^^^^^^^^^^^^^^^^^^^^^^^^^^^^^^^^^^^^^^^^^^^^^
  6 | import { getAllSkills } from "@/lib/skills";
  7 | import { isValidLocale, type Locale } from "@/i18n/config";
  8 | import { getDictionary } from "@/i18n/get-dictionary";

Import map: aliased to relative './src/components/RetroTerminal' inside of [project]/Desktop/I-Product/skillhub

https://nextjs.org/docs/messages/module-not-found @ http://localhost:3000/_next/static/chunks/c2fc1_next_dist_03d21e83._.js:3127
[  104051ms] [ERROR] ./Desktop/I-Product/skillhub/src/app/[locale]/page.tsx:5:1
Module not found: Can't resolve '@/components/RetroTerminal'
  3 | import SkillGrid from "@/components/SkillGrid";
  4 | import RetroComputer from "@/components/RetroComputer";
> 5 | import RetroTerminal from "@/components/RetroTerminal";
    | ^^^^^^^^^^^^^^^^^^^^^^^^^^^^^^^^^^^^^^^^^^^^^^^^^^^^^^^
  6 | import { getAllSkills } from "@/lib/skills";
  7 | import { isValidLocale, type Locale } from "@/i18n/config";
  8 | import { getDictionary } from "@/i18n/get-dictionary";

Import map: aliased to relative './src/components/RetroTerminal' inside of [project]/Desktop/I-Product/skillhub

https://nextjs.org/docs/messages/module-not-found @ http://localhost:3000/_next/static/chunks/c2fc1_next_dist_03d21e83._.js:3127
[  104101ms] [ERROR] ./Desktop/I-Product/skillhub/src/app/[locale]/page.tsx:5:1
Module not found: Can't resolve '@/components/RetroTerminal'
  3 | import SkillGrid from "@/components/SkillGrid";
  4 | import RetroComputer from "@/components/RetroComputer";
> 5 | import RetroTerminal from "@/components/RetroTerminal";
    | ^^^^^^^^^^^^^^^^^^^^^^^^^^^^^^^^^^^^^^^^^^^^^^^^^^^^^^^
  6 | import { getAllSkills } from "@/lib/skills";
  7 | import { isValidLocale, type Locale } from "@/i18n/config";
  8 | import { getDictionary } from "@/i18n/get-dictionary";

Import map: aliased to relative './src/components/RetroTerminal' inside of [project]/Desktop/I-Product/skillhub

https://nextjs.org/docs/messages/module-not-found @ http://localhost:3000/_next/static/chunks/c2fc1_next_dist_03d21e83._.js:3127
[  104149ms] [ERROR] ./Desktop/I-Product/skillhub/src/app/[locale]/page.tsx:5:1
Module not found: Can't resolve '@/components/RetroTerminal'
  3 | import SkillGrid from "@/components/SkillGrid";
  4 | import RetroComputer from "@/components/RetroComputer";
> 5 | import RetroTerminal from "@/components/RetroTerminal";
    | ^^^^^^^^^^^^^^^^^^^^^^^^^^^^^^^^^^^^^^^^^^^^^^^^^^^^^^^
  6 | import { getAllSkills } from "@/lib/skills";
  7 | import { isValidLocale, type Locale } from "@/i18n/config";
  8 | import { getDictionary } from "@/i18n/get-dictionary";

Import map: aliased to relative './src/components/RetroTerminal' inside of [project]/Desktop/I-Product/skillhub

https://nextjs.org/docs/messages/module-not-found @ http://localhost:3000/_next/static/chunks/c2fc1_next_dist_03d21e83._.js:3127
[  104199ms] [ERROR] ./Desktop/I-Product/skillhub/src/app/[locale]/page.tsx:5:1
Module not found: Can't resolve '@/components/RetroTerminal'
  3 | import SkillGrid from "@/components/SkillGrid";
  4 | import RetroComputer from "@/components/RetroComputer";
> 5 | import RetroTerminal from "@/components/RetroTerminal";
    | ^^^^^^^^^^^^^^^^^^^^^^^^^^^^^^^^^^^^^^^^^^^^^^^^^^^^^^^
  6 | import { getAllSkills } from "@/lib/skills";
  7 | import { isValidLocale, type Locale } from "@/i18n/config";
  8 | import { getDictionary } from "@/i18n/get-dictionary";

Import map: aliased to relative './src/components/RetroTerminal' inside of [project]/Desktop/I-Product/skillhub

https://nextjs.org/docs/messages/module-not-found @ http://localhost:3000/_next/static/chunks/c2fc1_next_dist_03d21e83._.js:3127
[  104249ms] [ERROR] ./Desktop/I-Product/skillhub/src/app/[locale]/page.tsx:5:1
Module not found: Can't resolve '@/components/RetroTerminal'
  3 | import SkillGrid from "@/components/SkillGrid";
  4 | import RetroComputer from "@/components/RetroComputer";
> 5 | import RetroTerminal from "@/components/RetroTerminal";
    | ^^^^^^^^^^^^^^^^^^^^^^^^^^^^^^^^^^^^^^^^^^^^^^^^^^^^^^^
  6 | import { getAllSkills } from "@/lib/skills";
  7 | import { isValidLocale, type Locale } from "@/i18n/config";
  8 | import { getDictionary } from "@/i18n/get-dictionary";

Import map: aliased to relative './src/components/RetroTerminal' inside of [project]/Desktop/I-Product/skillhub

https://nextjs.org/docs/messages/module-not-found @ http://localhost:3000/_next/static/chunks/c2fc1_next_dist_03d21e83._.js:3127
[  104304ms] [ERROR] ./Desktop/I-Product/skillhub/src/app/[locale]/page.tsx:5:1
Module not found: Can't resolve '@/components/RetroTerminal'
  3 | import SkillGrid from "@/components/SkillGrid";
  4 | import RetroComputer from "@/components/RetroComputer";
> 5 | import RetroTerminal from "@/components/RetroTerminal";
    | ^^^^^^^^^^^^^^^^^^^^^^^^^^^^^^^^^^^^^^^^^^^^^^^^^^^^^^^
  6 | import { getAllSkills } from "@/lib/skills";
  7 | import { isValidLocale, type Locale } from "@/i18n/config";
  8 | import { getDictionary } from "@/i18n/get-dictionary";

Import map: aliased to relative './src/components/RetroTerminal' inside of [project]/Desktop/I-Product/skillhub

https://nextjs.org/docs/messages/module-not-found @ http://localhost:3000/_next/static/chunks/c2fc1_next_dist_03d21e83._.js:3127
[  104359ms] [ERROR] ./Desktop/I-Product/skillhub/src/app/[locale]/page.tsx:5:1
Module not found: Can't resolve '@/components/RetroTerminal'
  3 | import SkillGrid from "@/components/SkillGrid";
  4 | import RetroComputer from "@/components/RetroComputer";
> 5 | import RetroTerminal from "@/components/RetroTerminal";
    | ^^^^^^^^^^^^^^^^^^^^^^^^^^^^^^^^^^^^^^^^^^^^^^^^^^^^^^^
  6 | import { getAllSkills } from "@/lib/skills";
  7 | import { isValidLocale, type Locale } from "@/i18n/config";
  8 | import { getDictionary } from "@/i18n/get-dictionary";

Import map: aliased to relative './src/components/RetroTerminal' inside of [project]/Desktop/I-Product/skillhub

https://nextjs.org/docs/messages/module-not-found @ http://localhost:3000/_next/static/chunks/c2fc1_next_dist_03d21e83._.js:3127
[  104410ms] [ERROR] ./Desktop/I-Product/skillhub/src/app/[locale]/page.tsx:5:1
Module not found: Can't resolve '@/components/RetroTerminal'
  3 | import SkillGrid from "@/components/SkillGrid";
  4 | import RetroComputer from "@/components/RetroComputer";
> 5 | import RetroTerminal from "@/components/RetroTerminal";
    | ^^^^^^^^^^^^^^^^^^^^^^^^^^^^^^^^^^^^^^^^^^^^^^^^^^^^^^^
  6 | import { getAllSkills } from "@/lib/skills";
  7 | import { isValidLocale, type Locale } from "@/i18n/config";
  8 | import { getDictionary } from "@/i18n/get-dictionary";

Import map: aliased to relative './src/components/RetroTerminal' inside of [project]/Desktop/I-Product/skillhub

https://nextjs.org/docs/messages/module-not-found @ http://localhost:3000/_next/static/chunks/c2fc1_next_dist_03d21e83._.js:3127
[  104462ms] [ERROR] ./Desktop/I-Product/skillhub/src/app/[locale]/page.tsx:5:1
Module not found: Can't resolve '@/components/RetroTerminal'
  3 | import SkillGrid from "@/components/SkillGrid";
  4 | import RetroComputer from "@/components/RetroComputer";
> 5 | import RetroTerminal from "@/components/RetroTerminal";
    | ^^^^^^^^^^^^^^^^^^^^^^^^^^^^^^^^^^^^^^^^^^^^^^^^^^^^^^^
  6 | import { getAllSkills } from "@/lib/skills";
  7 | import { isValidLocale, type Locale } from "@/i18n/config";
  8 | import { getDictionary } from "@/i18n/get-dictionary";

Import map: aliased to relative './src/components/RetroTerminal' inside of [project]/Desktop/I-Product/skillhub

https://nextjs.org/docs/messages/module-not-found @ http://localhost:3000/_next/static/chunks/c2fc1_next_dist_03d21e83._.js:3127
[  104513ms] [ERROR] ./Desktop/I-Product/skillhub/src/app/[locale]/page.tsx:5:1
Module not found: Can't resolve '@/components/RetroTerminal'
  3 | import SkillGrid from "@/components/SkillGrid";
  4 | import RetroComputer from "@/components/RetroComputer";
> 5 | import RetroTerminal from "@/components/RetroTerminal";
    | ^^^^^^^^^^^^^^^^^^^^^^^^^^^^^^^^^^^^^^^^^^^^^^^^^^^^^^^
  6 | import { getAllSkills } from "@/lib/skills";
  7 | import { isValidLocale, type Locale } from "@/i18n/config";
  8 | import { getDictionary } from "@/i18n/get-dictionary";

Import map: aliased to relative './src/components/RetroTerminal' inside of [project]/Desktop/I-Product/skillhub

https://nextjs.org/docs/messages/module-not-found @ http://localhost:3000/_next/static/chunks/c2fc1_next_dist_03d21e83._.js:3127
[  104553ms] [ERROR] ./Desktop/I-Product/skillhub/src/app/[locale]/page.tsx:5:1
Module not found: Can't resolve '@/components/RetroTerminal'
  3 | import SkillGrid from "@/components/SkillGrid";
  4 | import RetroComputer from "@/components/RetroComputer";
> 5 | import RetroTerminal from "@/components/RetroTerminal";
    | ^^^^^^^^^^^^^^^^^^^^^^^^^^^^^^^^^^^^^^^^^^^^^^^^^^^^^^^
  6 | import { getAllSkills } from "@/lib/skills";
  7 | import { isValidLocale, type Locale } from "@/i18n/config";
  8 | import { getDictionary } from "@/i18n/get-dictionary";

Import map: aliased to relative './src/components/RetroTerminal' inside of [project]/Desktop/I-Product/skillhub

https://nextjs.org/docs/messages/module-not-found @ http://localhost:3000/_next/static/chunks/c2fc1_next_dist_03d21e83._.js:3127
[  104601ms] [ERROR] ./Desktop/I-Product/skillhub/src/app/[locale]/page.tsx:5:1
Module not found: Can't resolve '@/components/RetroTerminal'
  3 | import SkillGrid from "@/components/SkillGrid";
  4 | import RetroComputer from "@/components/RetroComputer";
> 5 | import RetroTerminal from "@/components/RetroTerminal";
    | ^^^^^^^^^^^^^^^^^^^^^^^^^^^^^^^^^^^^^^^^^^^^^^^^^^^^^^^
  6 | import { getAllSkills } from "@/lib/skills";
  7 | import { isValidLocale, type Locale } from "@/i18n/config";
  8 | import { getDictionary } from "@/i18n/get-dictionary";

Import map: aliased to relative './src/components/RetroTerminal' inside of [project]/Desktop/I-Product/skillhub

https://nextjs.org/docs/messages/module-not-found @ http://localhost:3000/_next/static/chunks/c2fc1_next_dist_03d21e83._.js:3127
[  104650ms] [ERROR] ./Desktop/I-Product/skillhub/src/app/[locale]/page.tsx:5:1
Module not found: Can't resolve '@/components/RetroTerminal'
  3 | import SkillGrid from "@/components/SkillGrid";
  4 | import RetroComputer from "@/components/RetroComputer";
> 5 | import RetroTerminal from "@/components/RetroTerminal";
    | ^^^^^^^^^^^^^^^^^^^^^^^^^^^^^^^^^^^^^^^^^^^^^^^^^^^^^^^
  6 | import { getAllSkills } from "@/lib/skills";
  7 | import { isValidLocale, type Locale } from "@/i18n/config";
  8 | import { getDictionary } from "@/i18n/get-dictionary";

Import map: aliased to relative './src/components/RetroTerminal' inside of [project]/Desktop/I-Product/skillhub

https://nextjs.org/docs/messages/module-not-found @ http://localhost:3000/_next/static/chunks/c2fc1_next_dist_03d21e83._.js:3127
[  104702ms] [ERROR] ./Desktop/I-Product/skillhub/src/app/[locale]/page.tsx:5:1
Module not found: Can't resolve '@/components/RetroTerminal'
  3 | import SkillGrid from "@/components/SkillGrid";
  4 | import RetroComputer from "@/components/RetroComputer";
> 5 | import RetroTerminal from "@/components/RetroTerminal";
    | ^^^^^^^^^^^^^^^^^^^^^^^^^^^^^^^^^^^^^^^^^^^^^^^^^^^^^^^
  6 | import { getAllSkills } from "@/lib/skills";
  7 | import { isValidLocale, type Locale } from "@/i18n/config";
  8 | import { getDictionary } from "@/i18n/get-dictionary";

Import map: aliased to relative './src/components/RetroTerminal' inside of [project]/Desktop/I-Product/skillhub

https://nextjs.org/docs/messages/module-not-found @ http://localhost:3000/_next/static/chunks/c2fc1_next_dist_03d21e83._.js:3127
[  104772ms] [ERROR] ./Desktop/I-Product/skillhub/src/app/[locale]/page.tsx:5:1
Module not found: Can't resolve '@/components/RetroTerminal'
  3 | import SkillGrid from "@/components/SkillGrid";
  4 | import RetroComputer from "@/components/RetroComputer";
> 5 | import RetroTerminal from "@/components/RetroTerminal";
    | ^^^^^^^^^^^^^^^^^^^^^^^^^^^^^^^^^^^^^^^^^^^^^^^^^^^^^^^
  6 | import { getAllSkills } from "@/lib/skills";
  7 | import { isValidLocale, type Locale } from "@/i18n/config";
  8 | import { getDictionary } from "@/i18n/get-dictionary";

Import map: aliased to relative './src/components/RetroTerminal' inside of [project]/Desktop/I-Product/skillhub

https://nextjs.org/docs/messages/module-not-found @ http://localhost:3000/_next/static/chunks/c2fc1_next_dist_03d21e83._.js:3127
[  104821ms] [ERROR] ./Desktop/I-Product/skillhub/src/app/[locale]/page.tsx:5:1
Module not found: Can't resolve '@/components/RetroTerminal'
  3 | import SkillGrid from "@/components/SkillGrid";
  4 | import RetroComputer from "@/components/RetroComputer";
> 5 | import RetroTerminal from "@/components/RetroTerminal";
    | ^^^^^^^^^^^^^^^^^^^^^^^^^^^^^^^^^^^^^^^^^^^^^^^^^^^^^^^
  6 | import { getAllSkills } from "@/lib/skills";
  7 | import { isValidLocale, type Locale } from "@/i18n/config";
  8 | import { getDictionary } from "@/i18n/get-dictionary";

Import map: aliased to relative './src/components/RetroTerminal' inside of [project]/Desktop/I-Product/skillhub

https://nextjs.org/docs/messages/module-not-found @ http://localhost:3000/_next/static/chunks/c2fc1_next_dist_03d21e83._.js:3127
[  104869ms] [ERROR] ./Desktop/I-Product/skillhub/src/app/[locale]/page.tsx:5:1
Module not found: Can't resolve '@/components/RetroTerminal'
  3 | import SkillGrid from "@/components/SkillGrid";
  4 | import RetroComputer from "@/components/RetroComputer";
> 5 | import RetroTerminal from "@/components/RetroTerminal";
    | ^^^^^^^^^^^^^^^^^^^^^^^^^^^^^^^^^^^^^^^^^^^^^^^^^^^^^^^
  6 | import { getAllSkills } from "@/lib/skills";
  7 | import { isValidLocale, type Locale } from "@/i18n/config";
  8 | import { getDictionary } from "@/i18n/get-dictionary";

Import map: aliased to relative './src/components/RetroTerminal' inside of [project]/Desktop/I-Product/skillhub

https://nextjs.org/docs/messages/module-not-found @ http://localhost:3000/_next/static/chunks/c2fc1_next_dist_03d21e83._.js:3127
[  104925ms] [ERROR] ./Desktop/I-Product/skillhub/src/app/[locale]/page.tsx:5:1
Module not found: Can't resolve '@/components/RetroTerminal'
  3 | import SkillGrid from "@/components/SkillGrid";
  4 | import RetroComputer from "@/components/RetroComputer";
> 5 | import RetroTerminal from "@/components/RetroTerminal";
    | ^^^^^^^^^^^^^^^^^^^^^^^^^^^^^^^^^^^^^^^^^^^^^^^^^^^^^^^
  6 | import { getAllSkills } from "@/lib/skills";
  7 | import { isValidLocale, type Locale } from "@/i18n/config";
  8 | import { getDictionary } from "@/i18n/get-dictionary";

Import map: aliased to relative './src/components/RetroTerminal' inside of [project]/Desktop/I-Product/skillhub

https://nextjs.org/docs/messages/module-not-found @ http://localhost:3000/_next/static/chunks/c2fc1_next_dist_03d21e83._.js:3127
[  104967ms] [ERROR] ./Desktop/I-Product/skillhub/src/app/[locale]/page.tsx:5:1
Module not found: Can't resolve '@/components/RetroTerminal'
  3 | import SkillGrid from "@/components/SkillGrid";
  4 | import RetroComputer from "@/components/RetroComputer";
> 5 | import RetroTerminal from "@/components/RetroTerminal";
    | ^^^^^^^^^^^^^^^^^^^^^^^^^^^^^^^^^^^^^^^^^^^^^^^^^^^^^^^
  6 | import { getAllSkills } from "@/lib/skills";
  7 | import { isValidLocale, type Locale } from "@/i18n/config";
  8 | import { getDictionary } from "@/i18n/get-dictionary";

Import map: aliased to relative './src/components/RetroTerminal' inside of [project]/Desktop/I-Product/skillhub

https://nextjs.org/docs/messages/module-not-found @ http://localhost:3000/_next/static/chunks/c2fc1_next_dist_03d21e83._.js:3127
[  105019ms] [ERROR] ./Desktop/I-Product/skillhub/src/app/[locale]/page.tsx:5:1
Module not found: Can't resolve '@/components/RetroTerminal'
  3 | import SkillGrid from "@/components/SkillGrid";
  4 | import RetroComputer from "@/components/RetroComputer";
> 5 | import RetroTerminal from "@/components/RetroTerminal";
    | ^^^^^^^^^^^^^^^^^^^^^^^^^^^^^^^^^^^^^^^^^^^^^^^^^^^^^^^
  6 | import { getAllSkills } from "@/lib/skills";
  7 | import { isValidLocale, type Locale } from "@/i18n/config";
  8 | import { getDictionary } from "@/i18n/get-dictionary";

Import map: aliased to relative './src/components/RetroTerminal' inside of [project]/Desktop/I-Product/skillhub

https://nextjs.org/docs/messages/module-not-found @ http://localhost:3000/_next/static/chunks/c2fc1_next_dist_03d21e83._.js:3127
[  105070ms] [ERROR] ./Desktop/I-Product/skillhub/src/app/[locale]/page.tsx:5:1
Module not found: Can't resolve '@/components/RetroTerminal'
  3 | import SkillGrid from "@/components/SkillGrid";
  4 | import RetroComputer from "@/components/RetroComputer";
> 5 | import RetroTerminal from "@/components/RetroTerminal";
    | ^^^^^^^^^^^^^^^^^^^^^^^^^^^^^^^^^^^^^^^^^^^^^^^^^^^^^^^
  6 | import { getAllSkills } from "@/lib/skills";
  7 | import { isValidLocale, type Locale } from "@/i18n/config";
  8 | import { getDictionary } from "@/i18n/get-dictionary";

Import map: aliased to relative './src/components/RetroTerminal' inside of [project]/Desktop/I-Product/skillhub

https://nextjs.org/docs/messages/module-not-found @ http://localhost:3000/_next/static/chunks/c2fc1_next_dist_03d21e83._.js:3127
[  105118ms] [ERROR] ./Desktop/I-Product/skillhub/src/app/[locale]/page.tsx:5:1
Module not found: Can't resolve '@/components/RetroTerminal'
  3 | import SkillGrid from "@/components/SkillGrid";
  4 | import RetroComputer from "@/components/RetroComputer";
> 5 | import RetroTerminal from "@/components/RetroTerminal";
    | ^^^^^^^^^^^^^^^^^^^^^^^^^^^^^^^^^^^^^^^^^^^^^^^^^^^^^^^
  6 | import { getAllSkills } from "@/lib/skills";
  7 | import { isValidLocale, type Locale } from "@/i18n/config";
  8 | import { getDictionary } from "@/i18n/get-dictionary";

Import map: aliased to relative './src/components/RetroTerminal' inside of [project]/Desktop/I-Product/skillhub

https://nextjs.org/docs/messages/module-not-found @ http://localhost:3000/_next/static/chunks/c2fc1_next_dist_03d21e83._.js:3127
[  105162ms] [ERROR] ./Desktop/I-Product/skillhub/src/app/[locale]/page.tsx:5:1
Module not found: Can't resolve '@/components/RetroTerminal'
  3 | import SkillGrid from "@/components/SkillGrid";
  4 | import RetroComputer from "@/components/RetroComputer";
> 5 | import RetroTerminal from "@/components/RetroTerminal";
    | ^^^^^^^^^^^^^^^^^^^^^^^^^^^^^^^^^^^^^^^^^^^^^^^^^^^^^^^
  6 | import { getAllSkills } from "@/lib/skills";
  7 | import { isValidLocale, type Locale } from "@/i18n/config";
  8 | import { getDictionary } from "@/i18n/get-dictionary";

Import map: aliased to relative './src/components/RetroTerminal' inside of [project]/Desktop/I-Product/skillhub

https://nextjs.org/docs/messages/module-not-found @ http://localhost:3000/_next/static/chunks/c2fc1_next_dist_03d21e83._.js:3127
[  105215ms] [ERROR] ./Desktop/I-Product/skillhub/src/app/[locale]/page.tsx:5:1
Module not found: Can't resolve '@/components/RetroTerminal'
  3 | import SkillGrid from "@/components/SkillGrid";
  4 | import RetroComputer from "@/components/RetroComputer";
> 5 | import RetroTerminal from "@/components/RetroTerminal";
    | ^^^^^^^^^^^^^^^^^^^^^^^^^^^^^^^^^^^^^^^^^^^^^^^^^^^^^^^
  6 | import { getAllSkills } from "@/lib/skills";
  7 | import { isValidLocale, type Locale } from "@/i18n/config";
  8 | import { getDictionary } from "@/i18n/get-dictionary";

Import map: aliased to relative './src/components/RetroTerminal' inside of [project]/Desktop/I-Product/skillhub

https://nextjs.org/docs/messages/module-not-found @ http://localhost:3000/_next/static/chunks/c2fc1_next_dist_03d21e83._.js:3127
[  105266ms] [ERROR] ./Desktop/I-Product/skillhub/src/app/[locale]/page.tsx:5:1
Module not found: Can't resolve '@/components/RetroTerminal'
  3 | import SkillGrid from "@/components/SkillGrid";
  4 | import RetroComputer from "@/components/RetroComputer";
> 5 | import RetroTerminal from "@/components/RetroTerminal";
    | ^^^^^^^^^^^^^^^^^^^^^^^^^^^^^^^^^^^^^^^^^^^^^^^^^^^^^^^
  6 | import { getAllSkills } from "@/lib/skills";
  7 | import { isValidLocale, type Locale } from "@/i18n/config";
  8 | import { getDictionary } from "@/i18n/get-dictionary";

Import map: aliased to relative './src/components/RetroTerminal' inside of [project]/Desktop/I-Product/skillhub

https://nextjs.org/docs/messages/module-not-found @ http://localhost:3000/_next/static/chunks/c2fc1_next_dist_03d21e83._.js:3127
[  105317ms] [ERROR] ./Desktop/I-Product/skillhub/src/app/[locale]/page.tsx:5:1
Module not found: Can't resolve '@/components/RetroTerminal'
  3 | import SkillGrid from "@/components/SkillGrid";
  4 | import RetroComputer from "@/components/RetroComputer";
> 5 | import RetroTerminal from "@/components/RetroTerminal";
    | ^^^^^^^^^^^^^^^^^^^^^^^^^^^^^^^^^^^^^^^^^^^^^^^^^^^^^^^
  6 | import { getAllSkills } from "@/lib/skills";
  7 | import { isValidLocale, type Locale } from "@/i18n/config";
  8 | import { getDictionary } from "@/i18n/get-dictionary";

Import map: aliased to relative './src/components/RetroTerminal' inside of [project]/Desktop/I-Product/skillhub

https://nextjs.org/docs/messages/module-not-found @ http://localhost:3000/_next/static/chunks/c2fc1_next_dist_03d21e83._.js:3127
[  105363ms] [ERROR] ./Desktop/I-Product/skillhub/src/app/[locale]/page.tsx:5:1
Module not found: Can't resolve '@/components/RetroTerminal'
  3 | import SkillGrid from "@/components/SkillGrid";
  4 | import RetroComputer from "@/components/RetroComputer";
> 5 | import RetroTerminal from "@/components/RetroTerminal";
    | ^^^^^^^^^^^^^^^^^^^^^^^^^^^^^^^^^^^^^^^^^^^^^^^^^^^^^^^
  6 | import { getAllSkills } from "@/lib/skills";
  7 | import { isValidLocale, type Locale } from "@/i18n/config";
  8 | import { getDictionary } from "@/i18n/get-dictionary";

Import map: aliased to relative './src/components/RetroTerminal' inside of [project]/Desktop/I-Product/skillhub

https://nextjs.org/docs/messages/module-not-found @ http://localhost:3000/_next/static/chunks/c2fc1_next_dist_03d21e83._.js:3127
[  105414ms] [ERROR] ./Desktop/I-Product/skillhub/src/app/[locale]/page.tsx:5:1
Module not found: Can't resolve '@/components/RetroTerminal'
  3 | import SkillGrid from "@/components/SkillGrid";
  4 | import RetroComputer from "@/components/RetroComputer";
> 5 | import RetroTerminal from "@/components/RetroTerminal";
    | ^^^^^^^^^^^^^^^^^^^^^^^^^^^^^^^^^^^^^^^^^^^^^^^^^^^^^^^
  6 | import { getAllSkills } from "@/lib/skills";
  7 | import { isValidLocale, type Locale } from "@/i18n/config";
  8 | import { getDictionary } from "@/i18n/get-dictionary";

Import map: aliased to relative './src/components/RetroTerminal' inside of [project]/Desktop/I-Product/skillhub

https://nextjs.org/docs/messages/module-not-found @ http://localhost:3000/_next/static/chunks/c2fc1_next_dist_03d21e83._.js:3127
[  105464ms] [ERROR] ./Desktop/I-Product/skillhub/src/app/[locale]/page.tsx:5:1
Module not found: Can't resolve '@/components/RetroTerminal'
  3 | import SkillGrid from "@/components/SkillGrid";
  4 | import RetroComputer from "@/components/RetroComputer";
> 5 | import RetroTerminal from "@/components/RetroTerminal";
    | ^^^^^^^^^^^^^^^^^^^^^^^^^^^^^^^^^^^^^^^^^^^^^^^^^^^^^^^
  6 | import { getAllSkills } from "@/lib/skills";
  7 | import { isValidLocale, type Locale } from "@/i18n/config";
  8 | import { getDictionary } from "@/i18n/get-dictionary";

Import map: aliased to relative './src/components/RetroTerminal' inside of [project]/Desktop/I-Product/skillhub

https://nextjs.org/docs/messages/module-not-found @ http://localhost:3000/_next/static/chunks/c2fc1_next_dist_03d21e83._.js:3127
[  105569ms] [ERROR] ./Desktop/I-Product/skillhub/src/app/[locale]/page.tsx:5:1
Module not found: Can't resolve '@/components/RetroTerminal'
  3 | import SkillGrid from "@/components/SkillGrid";
  4 | import RetroComputer from "@/components/RetroComputer";
> 5 | import RetroTerminal from "@/components/RetroTerminal";
    | ^^^^^^^^^^^^^^^^^^^^^^^^^^^^^^^^^^^^^^^^^^^^^^^^^^^^^^^
  6 | import { getAllSkills } from "@/lib/skills";
  7 | import { isValidLocale, type Locale } from "@/i18n/config";
  8 | import { getDictionary } from "@/i18n/get-dictionary";

Import map: aliased to relative './src/components/RetroTerminal' inside of [project]/Desktop/I-Product/skillhub

https://nextjs.org/docs/messages/module-not-found @ http://localhost:3000/_next/static/chunks/c2fc1_next_dist_03d21e83._.js:3127
[  105639ms] [ERROR] ./Desktop/I-Product/skillhub/src/app/[locale]/page.tsx:5:1
Module not found: Can't resolve '@/components/RetroTerminal'
  3 | import SkillGrid from "@/components/SkillGrid";
  4 | import RetroComputer from "@/components/RetroComputer";
> 5 | import RetroTerminal from "@/components/RetroTerminal";
    | ^^^^^^^^^^^^^^^^^^^^^^^^^^^^^^^^^^^^^^^^^^^^^^^^^^^^^^^
  6 | import { getAllSkills } from "@/lib/skills";
  7 | import { isValidLocale, type Locale } from "@/i18n/config";
  8 | import { getDictionary } from "@/i18n/get-dictionary";

Import map: aliased to relative './src/components/RetroTerminal' inside of [project]/Desktop/I-Product/skillhub

https://nextjs.org/docs/messages/module-not-found @ http://localhost:3000/_next/static/chunks/c2fc1_next_dist_03d21e83._.js:3127
[  105687ms] [ERROR] ./Desktop/I-Product/skillhub/src/app/[locale]/page.tsx:5:1
Module not found: Can't resolve '@/components/RetroTerminal'
  3 | import SkillGrid from "@/components/SkillGrid";
  4 | import RetroComputer from "@/components/RetroComputer";
> 5 | import RetroTerminal from "@/components/RetroTerminal";
    | ^^^^^^^^^^^^^^^^^^^^^^^^^^^^^^^^^^^^^^^^^^^^^^^^^^^^^^^
  6 | import { getAllSkills } from "@/lib/skills";
  7 | import { isValidLocale, type Locale } from "@/i18n/config";
  8 | import { getDictionary } from "@/i18n/get-dictionary";

Import map: aliased to relative './src/components/RetroTerminal' inside of [project]/Desktop/I-Product/skillhub

https://nextjs.org/docs/messages/module-not-found @ http://localhost:3000/_next/static/chunks/c2fc1_next_dist_03d21e83._.js:3127
[  105730ms] [ERROR] ./Desktop/I-Product/skillhub/src/app/[locale]/page.tsx:5:1
Module not found: Can't resolve '@/components/RetroTerminal'
  3 | import SkillGrid from "@/components/SkillGrid";
  4 | import RetroComputer from "@/components/RetroComputer";
> 5 | import RetroTerminal from "@/components/RetroTerminal";
    | ^^^^^^^^^^^^^^^^^^^^^^^^^^^^^^^^^^^^^^^^^^^^^^^^^^^^^^^
  6 | import { getAllSkills } from "@/lib/skills";
  7 | import { isValidLocale, type Locale } from "@/i18n/config";
  8 | import { getDictionary } from "@/i18n/get-dictionary";

Import map: aliased to relative './src/components/RetroTerminal' inside of [project]/Desktop/I-Product/skillhub

https://nextjs.org/docs/messages/module-not-found @ http://localhost:3000/_next/static/chunks/c2fc1_next_dist_03d21e83._.js:3127
[  105781ms] [ERROR] ./Desktop/I-Product/skillhub/src/app/[locale]/page.tsx:5:1
Module not found: Can't resolve '@/components/RetroTerminal'
  3 | import SkillGrid from "@/components/SkillGrid";
  4 | import RetroComputer from "@/components/RetroComputer";
> 5 | import RetroTerminal from "@/components/RetroTerminal";
    | ^^^^^^^^^^^^^^^^^^^^^^^^^^^^^^^^^^^^^^^^^^^^^^^^^^^^^^^
  6 | import { getAllSkills } from "@/lib/skills";
  7 | import { isValidLocale, type Locale } from "@/i18n/config";
  8 | import { getDictionary } from "@/i18n/get-dictionary";

Import map: aliased to relative './src/components/RetroTerminal' inside of [project]/Desktop/I-Product/skillhub

https://nextjs.org/docs/messages/module-not-found @ http://localhost:3000/_next/static/chunks/c2fc1_next_dist_03d21e83._.js:3127
[  105831ms] [ERROR] ./Desktop/I-Product/skillhub/src/app/[locale]/page.tsx:5:1
Module not found: Can't resolve '@/components/RetroTerminal'
  3 | import SkillGrid from "@/components/SkillGrid";
  4 | import RetroComputer from "@/components/RetroComputer";
> 5 | import RetroTerminal from "@/components/RetroTerminal";
    | ^^^^^^^^^^^^^^^^^^^^^^^^^^^^^^^^^^^^^^^^^^^^^^^^^^^^^^^
  6 | import { getAllSkills } from "@/lib/skills";
  7 | import { isValidLocale, type Locale } from "@/i18n/config";
  8 | import { getDictionary } from "@/i18n/get-dictionary";

Import map: aliased to relative './src/components/RetroTerminal' inside of [project]/Desktop/I-Product/skillhub

https://nextjs.org/docs/messages/module-not-found @ http://localhost:3000/_next/static/chunks/c2fc1_next_dist_03d21e83._.js:3127
[  105882ms] [ERROR] ./Desktop/I-Product/skillhub/src/app/[locale]/page.tsx:5:1
Module not found: Can't resolve '@/components/RetroTerminal'
  3 | import SkillGrid from "@/components/SkillGrid";
  4 | import RetroComputer from "@/components/RetroComputer";
> 5 | import RetroTerminal from "@/components/RetroTerminal";
    | ^^^^^^^^^^^^^^^^^^^^^^^^^^^^^^^^^^^^^^^^^^^^^^^^^^^^^^^
  6 | import { getAllSkills } from "@/lib/skills";
  7 | import { isValidLocale, type Locale } from "@/i18n/config";
  8 | import { getDictionary } from "@/i18n/get-dictionary";

Import map: aliased to relative './src/components/RetroTerminal' inside of [project]/Desktop/I-Product/skillhub

https://nextjs.org/docs/messages/module-not-found @ http://localhost:3000/_next/static/chunks/c2fc1_next_dist_03d21e83._.js:3127
[  105932ms] [ERROR] ./Desktop/I-Product/skillhub/src/app/[locale]/page.tsx:5:1
Module not found: Can't resolve '@/components/RetroTerminal'
  3 | import SkillGrid from "@/components/SkillGrid";
  4 | import RetroComputer from "@/components/RetroComputer";
> 5 | import RetroTerminal from "@/components/RetroTerminal";
    | ^^^^^^^^^^^^^^^^^^^^^^^^^^^^^^^^^^^^^^^^^^^^^^^^^^^^^^^
  6 | import { getAllSkills } from "@/lib/skills";
  7 | import { isValidLocale, type Locale } from "@/i18n/config";
  8 | import { getDictionary } from "@/i18n/get-dictionary";

Import map: aliased to relative './src/components/RetroTerminal' inside of [project]/Desktop/I-Product/skillhub

https://nextjs.org/docs/messages/module-not-found @ http://localhost:3000/_next/static/chunks/c2fc1_next_dist_03d21e83._.js:3127
[  105987ms] [ERROR] ./Desktop/I-Product/skillhub/src/app/[locale]/page.tsx:5:1
Module not found: Can't resolve '@/components/RetroTerminal'
  3 | import SkillGrid from "@/components/SkillGrid";
  4 | import RetroComputer from "@/components/RetroComputer";
> 5 | import RetroTerminal from "@/components/RetroTerminal";
    | ^^^^^^^^^^^^^^^^^^^^^^^^^^^^^^^^^^^^^^^^^^^^^^^^^^^^^^^
  6 | import { getAllSkills } from "@/lib/skills";
  7 | import { isValidLocale, type Locale } from "@/i18n/config";
  8 | import { getDictionary } from "@/i18n/get-dictionary";

Import map: aliased to relative './src/components/RetroTerminal' inside of [project]/Desktop/I-Product/skillhub

https://nextjs.org/docs/messages/module-not-found @ http://localhost:3000/_next/static/chunks/c2fc1_next_dist_03d21e83._.js:3127
[  106035ms] [ERROR] ./Desktop/I-Product/skillhub/src/app/[locale]/page.tsx:5:1
Module not found: Can't resolve '@/components/RetroTerminal'
  3 | import SkillGrid from "@/components/SkillGrid";
  4 | import RetroComputer from "@/components/RetroComputer";
> 5 | import RetroTerminal from "@/components/RetroTerminal";
    | ^^^^^^^^^^^^^^^^^^^^^^^^^^^^^^^^^^^^^^^^^^^^^^^^^^^^^^^
  6 | import { getAllSkills } from "@/lib/skills";
  7 | import { isValidLocale, type Locale } from "@/i18n/config";
  8 | import { getDictionary } from "@/i18n/get-dictionary";

Import map: aliased to relative './src/components/RetroTerminal' inside of [project]/Desktop/I-Product/skillhub

https://nextjs.org/docs/messages/module-not-found @ http://localhost:3000/_next/static/chunks/c2fc1_next_dist_03d21e83._.js:3127
[  106078ms] [ERROR] ./Desktop/I-Product/skillhub/src/app/[locale]/page.tsx:5:1
Module not found: Can't resolve '@/components/RetroTerminal'
  3 | import SkillGrid from "@/components/SkillGrid";
  4 | import RetroComputer from "@/components/RetroComputer";
> 5 | import RetroTerminal from "@/components/RetroTerminal";
    | ^^^^^^^^^^^^^^^^^^^^^^^^^^^^^^^^^^^^^^^^^^^^^^^^^^^^^^^
  6 | import { getAllSkills } from "@/lib/skills";
  7 | import { isValidLocale, type Locale } from "@/i18n/config";
  8 | import { getDictionary } from "@/i18n/get-dictionary";

Import map: aliased to relative './src/components/RetroTerminal' inside of [project]/Desktop/I-Product/skillhub

https://nextjs.org/docs/messages/module-not-found @ http://localhost:3000/_next/static/chunks/c2fc1_next_dist_03d21e83._.js:3127
[  106132ms] [ERROR] ./Desktop/I-Product/skillhub/src/app/[locale]/page.tsx:5:1
Module not found: Can't resolve '@/components/RetroTerminal'
  3 | import SkillGrid from "@/components/SkillGrid";
  4 | import RetroComputer from "@/components/RetroComputer";
> 5 | import RetroTerminal from "@/components/RetroTerminal";
    | ^^^^^^^^^^^^^^^^^^^^^^^^^^^^^^^^^^^^^^^^^^^^^^^^^^^^^^^
  6 | import { getAllSkills } from "@/lib/skills";
  7 | import { isValidLocale, type Locale } from "@/i18n/config";
  8 | import { getDictionary } from "@/i18n/get-dictionary";

Import map: aliased to relative './src/components/RetroTerminal' inside of [project]/Desktop/I-Product/skillhub

https://nextjs.org/docs/messages/module-not-found @ http://localhost:3000/_next/static/chunks/c2fc1_next_dist_03d21e83._.js:3127
[  106183ms] [ERROR] ./Desktop/I-Product/skillhub/src/app/[locale]/page.tsx:5:1
Module not found: Can't resolve '@/components/RetroTerminal'
  3 | import SkillGrid from "@/components/SkillGrid";
  4 | import RetroComputer from "@/components/RetroComputer";
> 5 | import RetroTerminal from "@/components/RetroTerminal";
    | ^^^^^^^^^^^^^^^^^^^^^^^^^^^^^^^^^^^^^^^^^^^^^^^^^^^^^^^
  6 | import { getAllSkills } from "@/lib/skills";
  7 | import { isValidLocale, type Locale } from "@/i18n/config";
  8 | import { getDictionary } from "@/i18n/get-dictionary";

Import map: aliased to relative './src/components/RetroTerminal' inside of [project]/Desktop/I-Product/skillhub

https://nextjs.org/docs/messages/module-not-found @ http://localhost:3000/_next/static/chunks/c2fc1_next_dist_03d21e83._.js:3127
[  106237ms] [ERROR] ./Desktop/I-Product/skillhub/src/app/[locale]/page.tsx:5:1
Module not found: Can't resolve '@/components/RetroTerminal'
  3 | import SkillGrid from "@/components/SkillGrid";
  4 | import RetroComputer from "@/components/RetroComputer";
> 5 | import RetroTerminal from "@/components/RetroTerminal";
    | ^^^^^^^^^^^^^^^^^^^^^^^^^^^^^^^^^^^^^^^^^^^^^^^^^^^^^^^
  6 | import { getAllSkills } from "@/lib/skills";
  7 | import { isValidLocale, type Locale } from "@/i18n/config";
  8 | import { getDictionary } from "@/i18n/get-dictionary";

Import map: aliased to relative './src/components/RetroTerminal' inside of [project]/Desktop/I-Product/skillhub

https://nextjs.org/docs/messages/module-not-found @ http://localhost:3000/_next/static/chunks/c2fc1_next_dist_03d21e83._.js:3127
[  106285ms] [ERROR] ./Desktop/I-Product/skillhub/src/app/[locale]/page.tsx:5:1
Module not found: Can't resolve '@/components/RetroTerminal'
  3 | import SkillGrid from "@/components/SkillGrid";
  4 | import RetroComputer from "@/components/RetroComputer";
> 5 | import RetroTerminal from "@/components/RetroTerminal";
    | ^^^^^^^^^^^^^^^^^^^^^^^^^^^^^^^^^^^^^^^^^^^^^^^^^^^^^^^
  6 | import { getAllSkills } from "@/lib/skills";
  7 | import { isValidLocale, type Locale } from "@/i18n/config";
  8 | import { getDictionary } from "@/i18n/get-dictionary";

Import map: aliased to relative './src/components/RetroTerminal' inside of [project]/Desktop/I-Product/skillhub

https://nextjs.org/docs/messages/module-not-found @ http://localhost:3000/_next/static/chunks/c2fc1_next_dist_03d21e83._.js:3127
[  106335ms] [ERROR] ./Desktop/I-Product/skillhub/src/app/[locale]/page.tsx:5:1
Module not found: Can't resolve '@/components/RetroTerminal'
  3 | import SkillGrid from "@/components/SkillGrid";
  4 | import RetroComputer from "@/components/RetroComputer";
> 5 | import RetroTerminal from "@/components/RetroTerminal";
    | ^^^^^^^^^^^^^^^^^^^^^^^^^^^^^^^^^^^^^^^^^^^^^^^^^^^^^^^
  6 | import { getAllSkills } from "@/lib/skills";
  7 | import { isValidLocale, type Locale } from "@/i18n/config";
  8 | import { getDictionary } from "@/i18n/get-dictionary";

Import map: aliased to relative './src/components/RetroTerminal' inside of [project]/Desktop/I-Product/skillhub

https://nextjs.org/docs/messages/module-not-found @ http://localhost:3000/_next/static/chunks/c2fc1_next_dist_03d21e83._.js:3127
[  106384ms] [ERROR] ./Desktop/I-Product/skillhub/src/app/[locale]/page.tsx:5:1
Module not found: Can't resolve '@/components/RetroTerminal'
  3 | import SkillGrid from "@/components/SkillGrid";
  4 | import RetroComputer from "@/components/RetroComputer";
> 5 | import RetroTerminal from "@/components/RetroTerminal";
    | ^^^^^^^^^^^^^^^^^^^^^^^^^^^^^^^^^^^^^^^^^^^^^^^^^^^^^^^
  6 | import { getAllSkills } from "@/lib/skills";
  7 | import { isValidLocale, type Locale } from "@/i18n/config";
  8 | import { getDictionary } from "@/i18n/get-dictionary";

Import map: aliased to relative './src/components/RetroTerminal' inside of [project]/Desktop/I-Product/skillhub

https://nextjs.org/docs/messages/module-not-found @ http://localhost:3000/_next/static/chunks/c2fc1_next_dist_03d21e83._.js:3127
[  106435ms] [ERROR] ./Desktop/I-Product/skillhub/src/app/[locale]/page.tsx:5:1
Module not found: Can't resolve '@/components/RetroTerminal'
  3 | import SkillGrid from "@/components/SkillGrid";
  4 | import RetroComputer from "@/components/RetroComputer";
> 5 | import RetroTerminal from "@/components/RetroTerminal";
    | ^^^^^^^^^^^^^^^^^^^^^^^^^^^^^^^^^^^^^^^^^^^^^^^^^^^^^^^
  6 | import { getAllSkills } from "@/lib/skills";
  7 | import { isValidLocale, type Locale } from "@/i18n/config";
  8 | import { getDictionary } from "@/i18n/get-dictionary";

Import map: aliased to relative './src/components/RetroTerminal' inside of [project]/Desktop/I-Product/skillhub

https://nextjs.org/docs/messages/module-not-found @ http://localhost:3000/_next/static/chunks/c2fc1_next_dist_03d21e83._.js:3127
[  106484ms] [ERROR] ./Desktop/I-Product/skillhub/src/app/[locale]/page.tsx:5:1
Module not found: Can't resolve '@/components/RetroTerminal'
  3 | import SkillGrid from "@/components/SkillGrid";
  4 | import RetroComputer from "@/components/RetroComputer";
> 5 | import RetroTerminal from "@/components/RetroTerminal";
    | ^^^^^^^^^^^^^^^^^^^^^^^^^^^^^^^^^^^^^^^^^^^^^^^^^^^^^^^
  6 | import { getAllSkills } from "@/lib/skills";
  7 | import { isValidLocale, type Locale } from "@/i18n/config";
  8 | import { getDictionary } from "@/i18n/get-dictionary";

Import map: aliased to relative './src/components/RetroTerminal' inside of [project]/Desktop/I-Product/skillhub

https://nextjs.org/docs/messages/module-not-found @ http://localhost:3000/_next/static/chunks/c2fc1_next_dist_03d21e83._.js:3127
[  106532ms] [ERROR] ./Desktop/I-Product/skillhub/src/app/[locale]/page.tsx:5:1
Module not found: Can't resolve '@/components/RetroTerminal'
  3 | import SkillGrid from "@/components/SkillGrid";
  4 | import RetroComputer from "@/components/RetroComputer";
> 5 | import RetroTerminal from "@/components/RetroTerminal";
    | ^^^^^^^^^^^^^^^^^^^^^^^^^^^^^^^^^^^^^^^^^^^^^^^^^^^^^^^
  6 | import { getAllSkills } from "@/lib/skills";
  7 | import { isValidLocale, type Locale } from "@/i18n/config";
  8 | import { getDictionary } from "@/i18n/get-dictionary";

Import map: aliased to relative './src/components/RetroTerminal' inside of [project]/Desktop/I-Product/skillhub

https://nextjs.org/docs/messages/module-not-found @ http://localhost:3000/_next/static/chunks/c2fc1_next_dist_03d21e83._.js:3127
[  106582ms] [ERROR] ./Desktop/I-Product/skillhub/src/app/[locale]/page.tsx:5:1
Module not found: Can't resolve '@/components/RetroTerminal'
  3 | import SkillGrid from "@/components/SkillGrid";
  4 | import RetroComputer from "@/components/RetroComputer";
> 5 | import RetroTerminal from "@/components/RetroTerminal";
    | ^^^^^^^^^^^^^^^^^^^^^^^^^^^^^^^^^^^^^^^^^^^^^^^^^^^^^^^
  6 | import { getAllSkills } from "@/lib/skills";
  7 | import { isValidLocale, type Locale } from "@/i18n/config";
  8 | import { getDictionary } from "@/i18n/get-dictionary";

Import map: aliased to relative './src/components/RetroTerminal' inside of [project]/Desktop/I-Product/skillhub

https://nextjs.org/docs/messages/module-not-found @ http://localhost:3000/_next/static/chunks/c2fc1_next_dist_03d21e83._.js:3127
[  106632ms] [ERROR] ./Desktop/I-Product/skillhub/src/app/[locale]/page.tsx:5:1
Module not found: Can't resolve '@/components/RetroTerminal'
  3 | import SkillGrid from "@/components/SkillGrid";
  4 | import RetroComputer from "@/components/RetroComputer";
> 5 | import RetroTerminal from "@/components/RetroTerminal";
    | ^^^^^^^^^^^^^^^^^^^^^^^^^^^^^^^^^^^^^^^^^^^^^^^^^^^^^^^
  6 | import { getAllSkills } from "@/lib/skills";
  7 | import { isValidLocale, type Locale } from "@/i18n/config";
  8 | import { getDictionary } from "@/i18n/get-dictionary";

Import map: aliased to relative './src/components/RetroTerminal' inside of [project]/Desktop/I-Product/skillhub

https://nextjs.org/docs/messages/module-not-found @ http://localhost:3000/_next/static/chunks/c2fc1_next_dist_03d21e83._.js:3127
[  106682ms] [ERROR] ./Desktop/I-Product/skillhub/src/app/[locale]/page.tsx:5:1
Module not found: Can't resolve '@/components/RetroTerminal'
  3 | import SkillGrid from "@/components/SkillGrid";
  4 | import RetroComputer from "@/components/RetroComputer";
> 5 | import RetroTerminal from "@/components/RetroTerminal";
    | ^^^^^^^^^^^^^^^^^^^^^^^^^^^^^^^^^^^^^^^^^^^^^^^^^^^^^^^
  6 | import { getAllSkills } from "@/lib/skills";
  7 | import { isValidLocale, type Locale } from "@/i18n/config";
  8 | import { getDictionary } from "@/i18n/get-dictionary";

Import map: aliased to relative './src/components/RetroTerminal' inside of [project]/Desktop/I-Product/skillhub

https://nextjs.org/docs/messages/module-not-found @ http://localhost:3000/_next/static/chunks/c2fc1_next_dist_03d21e83._.js:3127
[  106737ms] [ERROR] ./Desktop/I-Product/skillhub/src/app/[locale]/page.tsx:5:1
Module not found: Can't resolve '@/components/RetroTerminal'
  3 | import SkillGrid from "@/components/SkillGrid";
  4 | import RetroComputer from "@/components/RetroComputer";
> 5 | import RetroTerminal from "@/components/RetroTerminal";
    | ^^^^^^^^^^^^^^^^^^^^^^^^^^^^^^^^^^^^^^^^^^^^^^^^^^^^^^^
  6 | import { getAllSkills } from "@/lib/skills";
  7 | import { isValidLocale, type Locale } from "@/i18n/config";
  8 | import { getDictionary } from "@/i18n/get-dictionary";

Import map: aliased to relative './src/components/RetroTerminal' inside of [project]/Desktop/I-Product/skillhub

https://nextjs.org/docs/messages/module-not-found @ http://localhost:3000/_next/static/chunks/c2fc1_next_dist_03d21e83._.js:3127
[  106789ms] [ERROR] ./Desktop/I-Product/skillhub/src/app/[locale]/page.tsx:5:1
Module not found: Can't resolve '@/components/RetroTerminal'
  3 | import SkillGrid from "@/components/SkillGrid";
  4 | import RetroComputer from "@/components/RetroComputer";
> 5 | import RetroTerminal from "@/components/RetroTerminal";
    | ^^^^^^^^^^^^^^^^^^^^^^^^^^^^^^^^^^^^^^^^^^^^^^^^^^^^^^^
  6 | import { getAllSkills } from "@/lib/skills";
  7 | import { isValidLocale, type Locale } from "@/i18n/config";
  8 | import { getDictionary } from "@/i18n/get-dictionary";

Import map: aliased to relative './src/components/RetroTerminal' inside of [project]/Desktop/I-Product/skillhub

https://nextjs.org/docs/messages/module-not-found @ http://localhost:3000/_next/static/chunks/c2fc1_next_dist_03d21e83._.js:3127
[  106838ms] [ERROR] ./Desktop/I-Product/skillhub/src/app/[locale]/page.tsx:5:1
Module not found: Can't resolve '@/components/RetroTerminal'
  3 | import SkillGrid from "@/components/SkillGrid";
  4 | import RetroComputer from "@/components/RetroComputer";
> 5 | import RetroTerminal from "@/components/RetroTerminal";
    | ^^^^^^^^^^^^^^^^^^^^^^^^^^^^^^^^^^^^^^^^^^^^^^^^^^^^^^^
  6 | import { getAllSkills } from "@/lib/skills";
  7 | import { isValidLocale, type Locale } from "@/i18n/config";
  8 | import { getDictionary } from "@/i18n/get-dictionary";

Import map: aliased to relative './src/components/RetroTerminal' inside of [project]/Desktop/I-Product/skillhub

https://nextjs.org/docs/messages/module-not-found @ http://localhost:3000/_next/static/chunks/c2fc1_next_dist_03d21e83._.js:3127
[  106889ms] [ERROR] ./Desktop/I-Product/skillhub/src/app/[locale]/page.tsx:5:1
Module not found: Can't resolve '@/components/RetroTerminal'
  3 | import SkillGrid from "@/components/SkillGrid";
  4 | import RetroComputer from "@/components/RetroComputer";
> 5 | import RetroTerminal from "@/components/RetroTerminal";
    | ^^^^^^^^^^^^^^^^^^^^^^^^^^^^^^^^^^^^^^^^^^^^^^^^^^^^^^^
  6 | import { getAllSkills } from "@/lib/skills";
  7 | import { isValidLocale, type Locale } from "@/i18n/config";
  8 | import { getDictionary } from "@/i18n/get-dictionary";

Import map: aliased to relative './src/components/RetroTerminal' inside of [project]/Desktop/I-Product/skillhub

https://nextjs.org/docs/messages/module-not-found @ http://localhost:3000/_next/static/chunks/c2fc1_next_dist_03d21e83._.js:3127
[  106937ms] [ERROR] ./Desktop/I-Product/skillhub/src/app/[locale]/page.tsx:5:1
Module not found: Can't resolve '@/components/RetroTerminal'
  3 | import SkillGrid from "@/components/SkillGrid";
  4 | import RetroComputer from "@/components/RetroComputer";
> 5 | import RetroTerminal from "@/components/RetroTerminal";
    | ^^^^^^^^^^^^^^^^^^^^^^^^^^^^^^^^^^^^^^^^^^^^^^^^^^^^^^^
  6 | import { getAllSkills } from "@/lib/skills";
  7 | import { isValidLocale, type Locale } from "@/i18n/config";
  8 | import { getDictionary } from "@/i18n/get-dictionary";

Import map: aliased to relative './src/components/RetroTerminal' inside of [project]/Desktop/I-Product/skillhub

https://nextjs.org/docs/messages/module-not-found @ http://localhost:3000/_next/static/chunks/c2fc1_next_dist_03d21e83._.js:3127
[  106984ms] [ERROR] ./Desktop/I-Product/skillhub/src/app/[locale]/page.tsx:5:1
Module not found: Can't resolve '@/components/RetroTerminal'
  3 | import SkillGrid from "@/components/SkillGrid";
  4 | import RetroComputer from "@/components/RetroComputer";
> 5 | import RetroTerminal from "@/components/RetroTerminal";
    | ^^^^^^^^^^^^^^^^^^^^^^^^^^^^^^^^^^^^^^^^^^^^^^^^^^^^^^^
  6 | import { getAllSkills } from "@/lib/skills";
  7 | import { isValidLocale, type Locale } from "@/i18n/config";
  8 | import { getDictionary } from "@/i18n/get-dictionary";

Import map: aliased to relative './src/components/RetroTerminal' inside of [project]/Desktop/I-Product/skillhub

https://nextjs.org/docs/messages/module-not-found @ http://localhost:3000/_next/static/chunks/c2fc1_next_dist_03d21e83._.js:3127
[  107036ms] [ERROR] ./Desktop/I-Product/skillhub/src/app/[locale]/page.tsx:5:1
Module not found: Can't resolve '@/components/RetroTerminal'
  3 | import SkillGrid from "@/components/SkillGrid";
  4 | import RetroComputer from "@/components/RetroComputer";
> 5 | import RetroTerminal from "@/components/RetroTerminal";
    | ^^^^^^^^^^^^^^^^^^^^^^^^^^^^^^^^^^^^^^^^^^^^^^^^^^^^^^^
  6 | import { getAllSkills } from "@/lib/skills";
  7 | import { isValidLocale, type Locale } from "@/i18n/config";
  8 | import { getDictionary } from "@/i18n/get-dictionary";

Import map: aliased to relative './src/components/RetroTerminal' inside of [project]/Desktop/I-Product/skillhub

https://nextjs.org/docs/messages/module-not-found @ http://localhost:3000/_next/static/chunks/c2fc1_next_dist_03d21e83._.js:3127
[  107086ms] [ERROR] ./Desktop/I-Product/skillhub/src/app/[locale]/page.tsx:5:1
Module not found: Can't resolve '@/components/RetroTerminal'
  3 | import SkillGrid from "@/components/SkillGrid";
  4 | import RetroComputer from "@/components/RetroComputer";
> 5 | import RetroTerminal from "@/components/RetroTerminal";
    | ^^^^^^^^^^^^^^^^^^^^^^^^^^^^^^^^^^^^^^^^^^^^^^^^^^^^^^^
  6 | import { getAllSkills } from "@/lib/skills";
  7 | import { isValidLocale, type Locale } from "@/i18n/config";
  8 | import { getDictionary } from "@/i18n/get-dictionary";

Import map: aliased to relative './src/components/RetroTerminal' inside of [project]/Desktop/I-Product/skillhub

https://nextjs.org/docs/messages/module-not-found @ http://localhost:3000/_next/static/chunks/c2fc1_next_dist_03d21e83._.js:3127
[  107139ms] [ERROR] ./Desktop/I-Product/skillhub/src/app/[locale]/page.tsx:5:1
Module not found: Can't resolve '@/components/RetroTerminal'
  3 | import SkillGrid from "@/components/SkillGrid";
  4 | import RetroComputer from "@/components/RetroComputer";
> 5 | import RetroTerminal from "@/components/RetroTerminal";
    | ^^^^^^^^^^^^^^^^^^^^^^^^^^^^^^^^^^^^^^^^^^^^^^^^^^^^^^^
  6 | import { getAllSkills } from "@/lib/skills";
  7 | import { isValidLocale, type Locale } from "@/i18n/config";
  8 | import { getDictionary } from "@/i18n/get-dictionary";

Import map: aliased to relative './src/components/RetroTerminal' inside of [project]/Desktop/I-Product/skillhub

https://nextjs.org/docs/messages/module-not-found @ http://localhost:3000/_next/static/chunks/c2fc1_next_dist_03d21e83._.js:3127
[  107189ms] [ERROR] ./Desktop/I-Product/skillhub/src/app/[locale]/page.tsx:5:1
Module not found: Can't resolve '@/components/RetroTerminal'
  3 | import SkillGrid from "@/components/SkillGrid";
  4 | import RetroComputer from "@/components/RetroComputer";
> 5 | import RetroTerminal from "@/components/RetroTerminal";
    | ^^^^^^^^^^^^^^^^^^^^^^^^^^^^^^^^^^^^^^^^^^^^^^^^^^^^^^^
  6 | import { getAllSkills } from "@/lib/skills";
  7 | import { isValidLocale, type Locale } from "@/i18n/config";
  8 | import { getDictionary } from "@/i18n/get-dictionary";

Import map: aliased to relative './src/components/RetroTerminal' inside of [project]/Desktop/I-Product/skillhub

https://nextjs.org/docs/messages/module-not-found @ http://localhost:3000/_next/static/chunks/c2fc1_next_dist_03d21e83._.js:3127
[  107235ms] [ERROR] ./Desktop/I-Product/skillhub/src/app/[locale]/page.tsx:5:1
Module not found: Can't resolve '@/components/RetroTerminal'
  3 | import SkillGrid from "@/components/SkillGrid";
  4 | import RetroComputer from "@/components/RetroComputer";
> 5 | import RetroTerminal from "@/components/RetroTerminal";
    | ^^^^^^^^^^^^^^^^^^^^^^^^^^^^^^^^^^^^^^^^^^^^^^^^^^^^^^^
  6 | import { getAllSkills } from "@/lib/skills";
  7 | import { isValidLocale, type Locale } from "@/i18n/config";
  8 | import { getDictionary } from "@/i18n/get-dictionary";

Import map: aliased to relative './src/components/RetroTerminal' inside of [project]/Desktop/I-Product/skillhub

https://nextjs.org/docs/messages/module-not-found @ http://localhost:3000/_next/static/chunks/c2fc1_next_dist_03d21e83._.js:3127
[  107286ms] [ERROR] ./Desktop/I-Product/skillhub/src/app/[locale]/page.tsx:5:1
Module not found: Can't resolve '@/components/RetroTerminal'
  3 | import SkillGrid from "@/components/SkillGrid";
  4 | import RetroComputer from "@/components/RetroComputer";
> 5 | import RetroTerminal from "@/components/RetroTerminal";
    | ^^^^^^^^^^^^^^^^^^^^^^^^^^^^^^^^^^^^^^^^^^^^^^^^^^^^^^^
  6 | import { getAllSkills } from "@/lib/skills";
  7 | import { isValidLocale, type Locale } from "@/i18n/config";
  8 | import { getDictionary } from "@/i18n/get-dictionary";

Import map: aliased to relative './src/components/RetroTerminal' inside of [project]/Desktop/I-Product/skillhub

https://nextjs.org/docs/messages/module-not-found @ http://localhost:3000/_next/static/chunks/c2fc1_next_dist_03d21e83._.js:3127
[  107374ms] [ERROR] ./Desktop/I-Product/skillhub/src/app/[locale]/page.tsx:5:1
Module not found: Can't resolve '@/components/RetroTerminal'
  3 | import SkillGrid from "@/components/SkillGrid";
  4 | import RetroComputer from "@/components/RetroComputer";
> 5 | import RetroTerminal from "@/components/RetroTerminal";
    | ^^^^^^^^^^^^^^^^^^^^^^^^^^^^^^^^^^^^^^^^^^^^^^^^^^^^^^^
  6 | import { getAllSkills } from "@/lib/skills";
  7 | import { isValidLocale, type Locale } from "@/i18n/config";
  8 | import { getDictionary } from "@/i18n/get-dictionary";

Import map: aliased to relative './src/components/RetroTerminal' inside of [project]/Desktop/I-Product/skillhub

https://nextjs.org/docs/messages/module-not-found @ http://localhost:3000/_next/static/chunks/c2fc1_next_dist_03d21e83._.js:3127
[  107430ms] [ERROR] ./Desktop/I-Product/skillhub/src/app/[locale]/page.tsx:5:1
Module not found: Can't resolve '@/components/RetroTerminal'
  3 | import SkillGrid from "@/components/SkillGrid";
  4 | import RetroComputer from "@/components/RetroComputer";
> 5 | import RetroTerminal from "@/components/RetroTerminal";
    | ^^^^^^^^^^^^^^^^^^^^^^^^^^^^^^^^^^^^^^^^^^^^^^^^^^^^^^^
  6 | import { getAllSkills } from "@/lib/skills";
  7 | import { isValidLocale, type Locale } from "@/i18n/config";
  8 | import { getDictionary } from "@/i18n/get-dictionary";

Import map: aliased to relative './src/components/RetroTerminal' inside of [project]/Desktop/I-Product/skillhub

https://nextjs.org/docs/messages/module-not-found @ http://localhost:3000/_next/static/chunks/c2fc1_next_dist_03d21e83._.js:3127
[  107482ms] [ERROR] ./Desktop/I-Product/skillhub/src/app/[locale]/page.tsx:5:1
Module not found: Can't resolve '@/components/RetroTerminal'
  3 | import SkillGrid from "@/components/SkillGrid";
  4 | import RetroComputer from "@/components/RetroComputer";
> 5 | import RetroTerminal from "@/components/RetroTerminal";
    | ^^^^^^^^^^^^^^^^^^^^^^^^^^^^^^^^^^^^^^^^^^^^^^^^^^^^^^^
  6 | import { getAllSkills } from "@/lib/skills";
  7 | import { isValidLocale, type Locale } from "@/i18n/config";
  8 | import { getDictionary } from "@/i18n/get-dictionary";

Import map: aliased to relative './src/components/RetroTerminal' inside of [project]/Desktop/I-Product/skillhub

https://nextjs.org/docs/messages/module-not-found @ http://localhost:3000/_next/static/chunks/c2fc1_next_dist_03d21e83._.js:3127
[  107532ms] [ERROR] ./Desktop/I-Product/skillhub/src/app/[locale]/page.tsx:5:1
Module not found: Can't resolve '@/components/RetroTerminal'
  3 | import SkillGrid from "@/components/SkillGrid";
  4 | import RetroComputer from "@/components/RetroComputer";
> 5 | import RetroTerminal from "@/components/RetroTerminal";
    | ^^^^^^^^^^^^^^^^^^^^^^^^^^^^^^^^^^^^^^^^^^^^^^^^^^^^^^^
  6 | import { getAllSkills } from "@/lib/skills";
  7 | import { isValidLocale, type Locale } from "@/i18n/config";
  8 | import { getDictionary } from "@/i18n/get-dictionary";

Import map: aliased to relative './src/components/RetroTerminal' inside of [project]/Desktop/I-Product/skillhub

https://nextjs.org/docs/messages/module-not-found @ http://localhost:3000/_next/static/chunks/c2fc1_next_dist_03d21e83._.js:3127
[  107580ms] [ERROR] ./Desktop/I-Product/skillhub/src/app/[locale]/page.tsx:5:1
Module not found: Can't resolve '@/components/RetroTerminal'
  3 | import SkillGrid from "@/components/SkillGrid";
  4 | import RetroComputer from "@/components/RetroComputer";
> 5 | import RetroTerminal from "@/components/RetroTerminal";
    | ^^^^^^^^^^^^^^^^^^^^^^^^^^^^^^^^^^^^^^^^^^^^^^^^^^^^^^^
  6 | import { getAllSkills } from "@/lib/skills";
  7 | import { isValidLocale, type Locale } from "@/i18n/config";
  8 | import { getDictionary } from "@/i18n/get-dictionary";

Import map: aliased to relative './src/components/RetroTerminal' inside of [project]/Desktop/I-Product/skillhub

https://nextjs.org/docs/messages/module-not-found @ http://localhost:3000/_next/static/chunks/c2fc1_next_dist_03d21e83._.js:3127
[  107632ms] [ERROR] ./Desktop/I-Product/skillhub/src/app/[locale]/page.tsx:5:1
Module not found: Can't resolve '@/components/RetroTerminal'
  3 | import SkillGrid from "@/components/SkillGrid";
  4 | import RetroComputer from "@/components/RetroComputer";
> 5 | import RetroTerminal from "@/components/RetroTerminal";
    | ^^^^^^^^^^^^^^^^^^^^^^^^^^^^^^^^^^^^^^^^^^^^^^^^^^^^^^^
  6 | import { getAllSkills } from "@/lib/skills";
  7 | import { isValidLocale, type Locale } from "@/i18n/config";
  8 | import { getDictionary } from "@/i18n/get-dictionary";

Import map: aliased to relative './src/components/RetroTerminal' inside of [project]/Desktop/I-Product/skillhub

https://nextjs.org/docs/messages/module-not-found @ http://localhost:3000/_next/static/chunks/c2fc1_next_dist_03d21e83._.js:3127
[  107681ms] [ERROR] ./Desktop/I-Product/skillhub/src/app/[locale]/page.tsx:5:1
Module not found: Can't resolve '@/components/RetroTerminal'
  3 | import SkillGrid from "@/components/SkillGrid";
  4 | import RetroComputer from "@/components/RetroComputer";
> 5 | import RetroTerminal from "@/components/RetroTerminal";
    | ^^^^^^^^^^^^^^^^^^^^^^^^^^^^^^^^^^^^^^^^^^^^^^^^^^^^^^^
  6 | import { getAllSkills } from "@/lib/skills";
  7 | import { isValidLocale, type Locale } from "@/i18n/config";
  8 | import { getDictionary } from "@/i18n/get-dictionary";

Import map: aliased to relative './src/components/RetroTerminal' inside of [project]/Desktop/I-Product/skillhub

https://nextjs.org/docs/messages/module-not-found @ http://localhost:3000/_next/static/chunks/c2fc1_next_dist_03d21e83._.js:3127
[  107736ms] [ERROR] ./Desktop/I-Product/skillhub/src/app/[locale]/page.tsx:5:1
Module not found: Can't resolve '@/components/RetroTerminal'
  3 | import SkillGrid from "@/components/SkillGrid";
  4 | import RetroComputer from "@/components/RetroComputer";
> 5 | import RetroTerminal from "@/components/RetroTerminal";
    | ^^^^^^^^^^^^^^^^^^^^^^^^^^^^^^^^^^^^^^^^^^^^^^^^^^^^^^^
  6 | import { getAllSkills } from "@/lib/skills";
  7 | import { isValidLocale, type Locale } from "@/i18n/config";
  8 | import { getDictionary } from "@/i18n/get-dictionary";

Import map: aliased to relative './src/components/RetroTerminal' inside of [project]/Desktop/I-Product/skillhub

https://nextjs.org/docs/messages/module-not-found @ http://localhost:3000/_next/static/chunks/c2fc1_next_dist_03d21e83._.js:3127
[  107774ms] [ERROR] ./Desktop/I-Product/skillhub/src/app/[locale]/page.tsx:5:1
Module not found: Can't resolve '@/components/RetroTerminal'
  3 | import SkillGrid from "@/components/SkillGrid";
  4 | import RetroComputer from "@/components/RetroComputer";
> 5 | import RetroTerminal from "@/components/RetroTerminal";
    | ^^^^^^^^^^^^^^^^^^^^^^^^^^^^^^^^^^^^^^^^^^^^^^^^^^^^^^^
  6 | import { getAllSkills } from "@/lib/skills";
  7 | import { isValidLocale, type Locale } from "@/i18n/config";
  8 | import { getDictionary } from "@/i18n/get-dictionary";

Import map: aliased to relative './src/components/RetroTerminal' inside of [project]/Desktop/I-Product/skillhub

https://nextjs.org/docs/messages/module-not-found @ http://localhost:3000/_next/static/chunks/c2fc1_next_dist_03d21e83._.js:3127
[  107821ms] [ERROR] ./Desktop/I-Product/skillhub/src/app/[locale]/page.tsx:5:1
Module not found: Can't resolve '@/components/RetroTerminal'
  3 | import SkillGrid from "@/components/SkillGrid";
  4 | import RetroComputer from "@/components/RetroComputer";
> 5 | import RetroTerminal from "@/components/RetroTerminal";
    | ^^^^^^^^^^^^^^^^^^^^^^^^^^^^^^^^^^^^^^^^^^^^^^^^^^^^^^^
  6 | import { getAllSkills } from "@/lib/skills";
  7 | import { isValidLocale, type Locale } from "@/i18n/config";
  8 | import { getDictionary } from "@/i18n/get-dictionary";

Import map: aliased to relative './src/components/RetroTerminal' inside of [project]/Desktop/I-Product/skillhub

https://nextjs.org/docs/messages/module-not-found @ http://localhost:3000/_next/static/chunks/c2fc1_next_dist_03d21e83._.js:3127
[  107871ms] [ERROR] ./Desktop/I-Product/skillhub/src/app/[locale]/page.tsx:5:1
Module not found: Can't resolve '@/components/RetroTerminal'
  3 | import SkillGrid from "@/components/SkillGrid";
  4 | import RetroComputer from "@/components/RetroComputer";
> 5 | import RetroTerminal from "@/components/RetroTerminal";
    | ^^^^^^^^^^^^^^^^^^^^^^^^^^^^^^^^^^^^^^^^^^^^^^^^^^^^^^^
  6 | import { getAllSkills } from "@/lib/skills";
  7 | import { isValidLocale, type Locale } from "@/i18n/config";
  8 | import { getDictionary } from "@/i18n/get-dictionary";

Import map: aliased to relative './src/components/RetroTerminal' inside of [project]/Desktop/I-Product/skillhub

https://nextjs.org/docs/messages/module-not-found @ http://localhost:3000/_next/static/chunks/c2fc1_next_dist_03d21e83._.js:3127
[  107917ms] [ERROR] ./Desktop/I-Product/skillhub/src/app/[locale]/page.tsx:5:1
Module not found: Can't resolve '@/components/RetroTerminal'
  3 | import SkillGrid from "@/components/SkillGrid";
  4 | import RetroComputer from "@/components/RetroComputer";
> 5 | import RetroTerminal from "@/components/RetroTerminal";
    | ^^^^^^^^^^^^^^^^^^^^^^^^^^^^^^^^^^^^^^^^^^^^^^^^^^^^^^^
  6 | import { getAllSkills } from "@/lib/skills";
  7 | import { isValidLocale, type Locale } from "@/i18n/config";
  8 | import { getDictionary } from "@/i18n/get-dictionary";

Import map: aliased to relative './src/components/RetroTerminal' inside of [project]/Desktop/I-Product/skillhub

https://nextjs.org/docs/messages/module-not-found @ http://localhost:3000/_next/static/chunks/c2fc1_next_dist_03d21e83._.js:3127
[  107965ms] [ERROR] ./Desktop/I-Product/skillhub/src/app/[locale]/page.tsx:5:1
Module not found: Can't resolve '@/components/RetroTerminal'
  3 | import SkillGrid from "@/components/SkillGrid";
  4 | import RetroComputer from "@/components/RetroComputer";
> 5 | import RetroTerminal from "@/components/RetroTerminal";
    | ^^^^^^^^^^^^^^^^^^^^^^^^^^^^^^^^^^^^^^^^^^^^^^^^^^^^^^^
  6 | import { getAllSkills } from "@/lib/skills";
  7 | import { isValidLocale, type Locale } from "@/i18n/config";
  8 | import { getDictionary } from "@/i18n/get-dictionary";

Import map: aliased to relative './src/components/RetroTerminal' inside of [project]/Desktop/I-Product/skillhub

https://nextjs.org/docs/messages/module-not-found @ http://localhost:3000/_next/static/chunks/c2fc1_next_dist_03d21e83._.js:3127
[  108015ms] [ERROR] ./Desktop/I-Product/skillhub/src/app/[locale]/page.tsx:5:1
Module not found: Can't resolve '@/components/RetroTerminal'
  3 | import SkillGrid from "@/components/SkillGrid";
  4 | import RetroComputer from "@/components/RetroComputer";
> 5 | import RetroTerminal from "@/components/RetroTerminal";
    | ^^^^^^^^^^^^^^^^^^^^^^^^^^^^^^^^^^^^^^^^^^^^^^^^^^^^^^^
  6 | import { getAllSkills } from "@/lib/skills";
  7 | import { isValidLocale, type Locale } from "@/i18n/config";
  8 | import { getDictionary } from "@/i18n/get-dictionary";

Import map: aliased to relative './src/components/RetroTerminal' inside of [project]/Desktop/I-Product/skillhub

https://nextjs.org/docs/messages/module-not-found @ http://localhost:3000/_next/static/chunks/c2fc1_next_dist_03d21e83._.js:3127
[  108064ms] [ERROR] ./Desktop/I-Product/skillhub/src/app/[locale]/page.tsx:5:1
Module not found: Can't resolve '@/components/RetroTerminal'
  3 | import SkillGrid from "@/components/SkillGrid";
  4 | import RetroComputer from "@/components/RetroComputer";
> 5 | import RetroTerminal from "@/components/RetroTerminal";
    | ^^^^^^^^^^^^^^^^^^^^^^^^^^^^^^^^^^^^^^^^^^^^^^^^^^^^^^^
  6 | import { getAllSkills } from "@/lib/skills";
  7 | import { isValidLocale, type Locale } from "@/i18n/config";
  8 | import { getDictionary } from "@/i18n/get-dictionary";

Import map: aliased to relative './src/components/RetroTerminal' inside of [project]/Desktop/I-Product/skillhub

https://nextjs.org/docs/messages/module-not-found @ http://localhost:3000/_next/static/chunks/c2fc1_next_dist_03d21e83._.js:3127
[  108114ms] [ERROR] ./Desktop/I-Product/skillhub/src/app/[locale]/page.tsx:5:1
Module not found: Can't resolve '@/components/RetroTerminal'
  3 | import SkillGrid from "@/components/SkillGrid";
  4 | import RetroComputer from "@/components/RetroComputer";
> 5 | import RetroTerminal from "@/components/RetroTerminal";
    | ^^^^^^^^^^^^^^^^^^^^^^^^^^^^^^^^^^^^^^^^^^^^^^^^^^^^^^^
  6 | import { getAllSkills } from "@/lib/skills";
  7 | import { isValidLocale, type Locale } from "@/i18n/config";
  8 | import { getDictionary } from "@/i18n/get-dictionary";

Import map: aliased to relative './src/components/RetroTerminal' inside of [project]/Desktop/I-Product/skillhub

https://nextjs.org/docs/messages/module-not-found @ http://localhost:3000/_next/static/chunks/c2fc1_next_dist_03d21e83._.js:3127
[  108167ms] [ERROR] ./Desktop/I-Product/skillhub/src/app/[locale]/page.tsx:5:1
Module not found: Can't resolve '@/components/RetroTerminal'
  3 | import SkillGrid from "@/components/SkillGrid";
  4 | import RetroComputer from "@/components/RetroComputer";
> 5 | import RetroTerminal from "@/components/RetroTerminal";
    | ^^^^^^^^^^^^^^^^^^^^^^^^^^^^^^^^^^^^^^^^^^^^^^^^^^^^^^^
  6 | import { getAllSkills } from "@/lib/skills";
  7 | import { isValidLocale, type Locale } from "@/i18n/config";
  8 | import { getDictionary } from "@/i18n/get-dictionary";

Import map: aliased to relative './src/components/RetroTerminal' inside of [project]/Desktop/I-Product/skillhub

https://nextjs.org/docs/messages/module-not-found @ http://localhost:3000/_next/static/chunks/c2fc1_next_dist_03d21e83._.js:3127
[  108217ms] [ERROR] ./Desktop/I-Product/skillhub/src/app/[locale]/page.tsx:5:1
Module not found: Can't resolve '@/components/RetroTerminal'
  3 | import SkillGrid from "@/components/SkillGrid";
  4 | import RetroComputer from "@/components/RetroComputer";
> 5 | import RetroTerminal from "@/components/RetroTerminal";
    | ^^^^^^^^^^^^^^^^^^^^^^^^^^^^^^^^^^^^^^^^^^^^^^^^^^^^^^^
  6 | import { getAllSkills } from "@/lib/skills";
  7 | import { isValidLocale, type Locale } from "@/i18n/config";
  8 | import { getDictionary } from "@/i18n/get-dictionary";

Import map: aliased to relative './src/components/RetroTerminal' inside of [project]/Desktop/I-Product/skillhub

https://nextjs.org/docs/messages/module-not-found @ http://localhost:3000/_next/static/chunks/c2fc1_next_dist_03d21e83._.js:3127
[  108265ms] [ERROR] ./Desktop/I-Product/skillhub/src/app/[locale]/page.tsx:5:1
Module not found: Can't resolve '@/components/RetroTerminal'
  3 | import SkillGrid from "@/components/SkillGrid";
  4 | import RetroComputer from "@/components/RetroComputer";
> 5 | import RetroTerminal from "@/components/RetroTerminal";
    | ^^^^^^^^^^^^^^^^^^^^^^^^^^^^^^^^^^^^^^^^^^^^^^^^^^^^^^^
  6 | import { getAllSkills } from "@/lib/skills";
  7 | import { isValidLocale, type Locale } from "@/i18n/config";
  8 | import { getDictionary } from "@/i18n/get-dictionary";

Import map: aliased to relative './src/components/RetroTerminal' inside of [project]/Desktop/I-Product/skillhub

https://nextjs.org/docs/messages/module-not-found @ http://localhost:3000/_next/static/chunks/c2fc1_next_dist_03d21e83._.js:3127
[  108315ms] [ERROR] ./Desktop/I-Product/skillhub/src/app/[locale]/page.tsx:5:1
Module not found: Can't resolve '@/components/RetroTerminal'
  3 | import SkillGrid from "@/components/SkillGrid";
  4 | import RetroComputer from "@/components/RetroComputer";
> 5 | import RetroTerminal from "@/components/RetroTerminal";
    | ^^^^^^^^^^^^^^^^^^^^^^^^^^^^^^^^^^^^^^^^^^^^^^^^^^^^^^^
  6 | import { getAllSkills } from "@/lib/skills";
  7 | import { isValidLocale, type Locale } from "@/i18n/config";
  8 | import { getDictionary } from "@/i18n/get-dictionary";

Import map: aliased to relative './src/components/RetroTerminal' inside of [project]/Desktop/I-Product/skillhub

https://nextjs.org/docs/messages/module-not-found @ http://localhost:3000/_next/static/chunks/c2fc1_next_dist_03d21e83._.js:3127
[  108366ms] [ERROR] ./Desktop/I-Product/skillhub/src/app/[locale]/page.tsx:5:1
Module not found: Can't resolve '@/components/RetroTerminal'
  3 | import SkillGrid from "@/components/SkillGrid";
  4 | import RetroComputer from "@/components/RetroComputer";
> 5 | import RetroTerminal from "@/components/RetroTerminal";
    | ^^^^^^^^^^^^^^^^^^^^^^^^^^^^^^^^^^^^^^^^^^^^^^^^^^^^^^^
  6 | import { getAllSkills } from "@/lib/skills";
  7 | import { isValidLocale, type Locale } from "@/i18n/config";
  8 | import { getDictionary } from "@/i18n/get-dictionary";

Import map: aliased to relative './src/components/RetroTerminal' inside of [project]/Desktop/I-Product/skillhub

https://nextjs.org/docs/messages/module-not-found @ http://localhost:3000/_next/static/chunks/c2fc1_next_dist_03d21e83._.js:3127
[  108415ms] [ERROR] ./Desktop/I-Product/skillhub/src/app/[locale]/page.tsx:5:1
Module not found: Can't resolve '@/components/RetroTerminal'
  3 | import SkillGrid from "@/components/SkillGrid";
  4 | import RetroComputer from "@/components/RetroComputer";
> 5 | import RetroTerminal from "@/components/RetroTerminal";
    | ^^^^^^^^^^^^^^^^^^^^^^^^^^^^^^^^^^^^^^^^^^^^^^^^^^^^^^^
  6 | import { getAllSkills } from "@/lib/skills";
  7 | import { isValidLocale, type Locale } from "@/i18n/config";
  8 | import { getDictionary } from "@/i18n/get-dictionary";

Import map: aliased to relative './src/components/RetroTerminal' inside of [project]/Desktop/I-Product/skillhub

https://nextjs.org/docs/messages/module-not-found @ http://localhost:3000/_next/static/chunks/c2fc1_next_dist_03d21e83._.js:3127
[  108464ms] [ERROR] ./Desktop/I-Product/skillhub/src/app/[locale]/page.tsx:5:1
Module not found: Can't resolve '@/components/RetroTerminal'
  3 | import SkillGrid from "@/components/SkillGrid";
  4 | import RetroComputer from "@/components/RetroComputer";
> 5 | import RetroTerminal from "@/components/RetroTerminal";
    | ^^^^^^^^^^^^^^^^^^^^^^^^^^^^^^^^^^^^^^^^^^^^^^^^^^^^^^^
  6 | import { getAllSkills } from "@/lib/skills";
  7 | import { isValidLocale, type Locale } from "@/i18n/config";
  8 | import { getDictionary } from "@/i18n/get-dictionary";

Import map: aliased to relative './src/components/RetroTerminal' inside of [project]/Desktop/I-Product/skillhub

https://nextjs.org/docs/messages/module-not-found @ http://localhost:3000/_next/static/chunks/c2fc1_next_dist_03d21e83._.js:3127
[  108514ms] [ERROR] ./Desktop/I-Product/skillhub/src/app/[locale]/page.tsx:5:1
Module not found: Can't resolve '@/components/RetroTerminal'
  3 | import SkillGrid from "@/components/SkillGrid";
  4 | import RetroComputer from "@/components/RetroComputer";
> 5 | import RetroTerminal from "@/components/RetroTerminal";
    | ^^^^^^^^^^^^^^^^^^^^^^^^^^^^^^^^^^^^^^^^^^^^^^^^^^^^^^^
  6 | import { getAllSkills } from "@/lib/skills";
  7 | import { isValidLocale, type Locale } from "@/i18n/config";
  8 | import { getDictionary } from "@/i18n/get-dictionary";

Import map: aliased to relative './src/components/RetroTerminal' inside of [project]/Desktop/I-Product/skillhub

https://nextjs.org/docs/messages/module-not-found @ http://localhost:3000/_next/static/chunks/c2fc1_next_dist_03d21e83._.js:3127
[  108565ms] [ERROR] ./Desktop/I-Product/skillhub/src/app/[locale]/page.tsx:5:1
Module not found: Can't resolve '@/components/RetroTerminal'
  3 | import SkillGrid from "@/components/SkillGrid";
  4 | import RetroComputer from "@/components/RetroComputer";
> 5 | import RetroTerminal from "@/components/RetroTerminal";
    | ^^^^^^^^^^^^^^^^^^^^^^^^^^^^^^^^^^^^^^^^^^^^^^^^^^^^^^^
  6 | import { getAllSkills } from "@/lib/skills";
  7 | import { isValidLocale, type Locale } from "@/i18n/config";
  8 | import { getDictionary } from "@/i18n/get-dictionary";

Import map: aliased to relative './src/components/RetroTerminal' inside of [project]/Desktop/I-Product/skillhub

https://nextjs.org/docs/messages/module-not-found @ http://localhost:3000/_next/static/chunks/c2fc1_next_dist_03d21e83._.js:3127
[  108697ms] [ERROR] ./Desktop/I-Product/skillhub/src/app/[locale]/page.tsx:5:1
Module not found: Can't resolve '@/components/RetroTerminal'
  3 | import SkillGrid from "@/components/SkillGrid";
  4 | import RetroComputer from "@/components/RetroComputer";
> 5 | import RetroTerminal from "@/components/RetroTerminal";
    | ^^^^^^^^^^^^^^^^^^^^^^^^^^^^^^^^^^^^^^^^^^^^^^^^^^^^^^^
  6 | import { getAllSkills } from "@/lib/skills";
  7 | import { isValidLocale, type Locale } from "@/i18n/config";
  8 | import { getDictionary } from "@/i18n/get-dictionary";

Import map: aliased to relative './src/components/RetroTerminal' inside of [project]/Desktop/I-Product/skillhub

https://nextjs.org/docs/messages/module-not-found @ http://localhost:3000/_next/static/chunks/c2fc1_next_dist_03d21e83._.js:3127
[  108756ms] [ERROR] ./Desktop/I-Product/skillhub/src/app/[locale]/page.tsx:5:1
Module not found: Can't resolve '@/components/RetroTerminal'
  3 | import SkillGrid from "@/components/SkillGrid";
  4 | import RetroComputer from "@/components/RetroComputer";
> 5 | import RetroTerminal from "@/components/RetroTerminal";
    | ^^^^^^^^^^^^^^^^^^^^^^^^^^^^^^^^^^^^^^^^^^^^^^^^^^^^^^^
  6 | import { getAllSkills } from "@/lib/skills";
  7 | import { isValidLocale, type Locale } from "@/i18n/config";
  8 | import { getDictionary } from "@/i18n/get-dictionary";

Import map: aliased to relative './src/components/RetroTerminal' inside of [project]/Desktop/I-Product/skillhub

https://nextjs.org/docs/messages/module-not-found @ http://localhost:3000/_next/static/chunks/c2fc1_next_dist_03d21e83._.js:3127
[  108807ms] [ERROR] ./Desktop/I-Product/skillhub/src/app/[locale]/page.tsx:5:1
Module not found: Can't resolve '@/components/RetroTerminal'
  3 | import SkillGrid from "@/components/SkillGrid";
  4 | import RetroComputer from "@/components/RetroComputer";
> 5 | import RetroTerminal from "@/components/RetroTerminal";
    | ^^^^^^^^^^^^^^^^^^^^^^^^^^^^^^^^^^^^^^^^^^^^^^^^^^^^^^^
  6 | import { getAllSkills } from "@/lib/skills";
  7 | import { isValidLocale, type Locale } from "@/i18n/config";
  8 | import { getDictionary } from "@/i18n/get-dictionary";

Import map: aliased to relative './src/components/RetroTerminal' inside of [project]/Desktop/I-Product/skillhub

https://nextjs.org/docs/messages/module-not-found @ http://localhost:3000/_next/static/chunks/c2fc1_next_dist_03d21e83._.js:3127
[  108850ms] [ERROR] ./Desktop/I-Product/skillhub/src/app/[locale]/page.tsx:5:1
Module not found: Can't resolve '@/components/RetroTerminal'
  3 | import SkillGrid from "@/components/SkillGrid";
  4 | import RetroComputer from "@/components/RetroComputer";
> 5 | import RetroTerminal from "@/components/RetroTerminal";
    | ^^^^^^^^^^^^^^^^^^^^^^^^^^^^^^^^^^^^^^^^^^^^^^^^^^^^^^^
  6 | import { getAllSkills } from "@/lib/skills";
  7 | import { isValidLocale, type Locale } from "@/i18n/config";
  8 | import { getDictionary } from "@/i18n/get-dictionary";

Import map: aliased to relative './src/components/RetroTerminal' inside of [project]/Desktop/I-Product/skillhub

https://nextjs.org/docs/messages/module-not-found @ http://localhost:3000/_next/static/chunks/c2fc1_next_dist_03d21e83._.js:3127
[  108900ms] [ERROR] ./Desktop/I-Product/skillhub/src/app/[locale]/page.tsx:5:1
Module not found: Can't resolve '@/components/RetroTerminal'
  3 | import SkillGrid from "@/components/SkillGrid";
  4 | import RetroComputer from "@/components/RetroComputer";
> 5 | import RetroTerminal from "@/components/RetroTerminal";
    | ^^^^^^^^^^^^^^^^^^^^^^^^^^^^^^^^^^^^^^^^^^^^^^^^^^^^^^^
  6 | import { getAllSkills } from "@/lib/skills";
  7 | import { isValidLocale, type Locale } from "@/i18n/config";
  8 | import { getDictionary } from "@/i18n/get-dictionary";

Import map: aliased to relative './src/components/RetroTerminal' inside of [project]/Desktop/I-Product/skillhub

https://nextjs.org/docs/messages/module-not-found @ http://localhost:3000/_next/static/chunks/c2fc1_next_dist_03d21e83._.js:3127
[  108949ms] [ERROR] ./Desktop/I-Product/skillhub/src/app/[locale]/page.tsx:5:1
Module not found: Can't resolve '@/components/RetroTerminal'
  3 | import SkillGrid from "@/components/SkillGrid";
  4 | import RetroComputer from "@/components/RetroComputer";
> 5 | import RetroTerminal from "@/components/RetroTerminal";
    | ^^^^^^^^^^^^^^^^^^^^^^^^^^^^^^^^^^^^^^^^^^^^^^^^^^^^^^^
  6 | import { getAllSkills } from "@/lib/skills";
  7 | import { isValidLocale, type Locale } from "@/i18n/config";
  8 | import { getDictionary } from "@/i18n/get-dictionary";

Import map: aliased to relative './src/components/RetroTerminal' inside of [project]/Desktop/I-Product/skillhub

https://nextjs.org/docs/messages/module-not-found @ http://localhost:3000/_next/static/chunks/c2fc1_next_dist_03d21e83._.js:3127
[  108999ms] [ERROR] ./Desktop/I-Product/skillhub/src/app/[locale]/page.tsx:5:1
Module not found: Can't resolve '@/components/RetroTerminal'
  3 | import SkillGrid from "@/components/SkillGrid";
  4 | import RetroComputer from "@/components/RetroComputer";
> 5 | import RetroTerminal from "@/components/RetroTerminal";
    | ^^^^^^^^^^^^^^^^^^^^^^^^^^^^^^^^^^^^^^^^^^^^^^^^^^^^^^^
  6 | import { getAllSkills } from "@/lib/skills";
  7 | import { isValidLocale, type Locale } from "@/i18n/config";
  8 | import { getDictionary } from "@/i18n/get-dictionary";

Import map: aliased to relative './src/components/RetroTerminal' inside of [project]/Desktop/I-Product/skillhub

https://nextjs.org/docs/messages/module-not-found @ http://localhost:3000/_next/static/chunks/c2fc1_next_dist_03d21e83._.js:3127
[  109048ms] [ERROR] ./Desktop/I-Product/skillhub/src/app/[locale]/page.tsx:5:1
Module not found: Can't resolve '@/components/RetroTerminal'
  3 | import SkillGrid from "@/components/SkillGrid";
  4 | import RetroComputer from "@/components/RetroComputer";
> 5 | import RetroTerminal from "@/components/RetroTerminal";
    | ^^^^^^^^^^^^^^^^^^^^^^^^^^^^^^^^^^^^^^^^^^^^^^^^^^^^^^^
  6 | import { getAllSkills } from "@/lib/skills";
  7 | import { isValidLocale, type Locale } from "@/i18n/config";
  8 | import { getDictionary } from "@/i18n/get-dictionary";

Import map: aliased to relative './src/components/RetroTerminal' inside of [project]/Desktop/I-Product/skillhub

https://nextjs.org/docs/messages/module-not-found @ http://localhost:3000/_next/static/chunks/c2fc1_next_dist_03d21e83._.js:3127
[  109099ms] [ERROR] ./Desktop/I-Product/skillhub/src/app/[locale]/page.tsx:5:1
Module not found: Can't resolve '@/components/RetroTerminal'
  3 | import SkillGrid from "@/components/SkillGrid";
  4 | import RetroComputer from "@/components/RetroComputer";
> 5 | import RetroTerminal from "@/components/RetroTerminal";
    | ^^^^^^^^^^^^^^^^^^^^^^^^^^^^^^^^^^^^^^^^^^^^^^^^^^^^^^^
  6 | import { getAllSkills } from "@/lib/skills";
  7 | import { isValidLocale, type Locale } from "@/i18n/config";
  8 | import { getDictionary } from "@/i18n/get-dictionary";

Import map: aliased to relative './src/components/RetroTerminal' inside of [project]/Desktop/I-Product/skillhub

https://nextjs.org/docs/messages/module-not-found @ http://localhost:3000/_next/static/chunks/c2fc1_next_dist_03d21e83._.js:3127
[  109149ms] [ERROR] ./Desktop/I-Product/skillhub/src/app/[locale]/page.tsx:5:1
Module not found: Can't resolve '@/components/RetroTerminal'
  3 | import SkillGrid from "@/components/SkillGrid";
  4 | import RetroComputer from "@/components/RetroComputer";
> 5 | import RetroTerminal from "@/components/RetroTerminal";
    | ^^^^^^^^^^^^^^^^^^^^^^^^^^^^^^^^^^^^^^^^^^^^^^^^^^^^^^^
  6 | import { getAllSkills } from "@/lib/skills";
  7 | import { isValidLocale, type Locale } from "@/i18n/config";
  8 | import { getDictionary } from "@/i18n/get-dictionary";

Import map: aliased to relative './src/components/RetroTerminal' inside of [project]/Desktop/I-Product/skillhub

https://nextjs.org/docs/messages/module-not-found @ http://localhost:3000/_next/static/chunks/c2fc1_next_dist_03d21e83._.js:3127
[  109199ms] [ERROR] ./Desktop/I-Product/skillhub/src/app/[locale]/page.tsx:5:1
Module not found: Can't resolve '@/components/RetroTerminal'
  3 | import SkillGrid from "@/components/SkillGrid";
  4 | import RetroComputer from "@/components/RetroComputer";
> 5 | import RetroTerminal from "@/components/RetroTerminal";
    | ^^^^^^^^^^^^^^^^^^^^^^^^^^^^^^^^^^^^^^^^^^^^^^^^^^^^^^^
  6 | import { getAllSkills } from "@/lib/skills";
  7 | import { isValidLocale, type Locale } from "@/i18n/config";
  8 | import { getDictionary } from "@/i18n/get-dictionary";

Import map: aliased to relative './src/components/RetroTerminal' inside of [project]/Desktop/I-Product/skillhub

https://nextjs.org/docs/messages/module-not-found @ http://localhost:3000/_next/static/chunks/c2fc1_next_dist_03d21e83._.js:3127
[  109280ms] [ERROR] ./Desktop/I-Product/skillhub/src/app/[locale]/page.tsx:5:1
Module not found: Can't resolve '@/components/RetroTerminal'
  3 | import SkillGrid from "@/components/SkillGrid";
  4 | import RetroComputer from "@/components/RetroComputer";
> 5 | import RetroTerminal from "@/components/RetroTerminal";
    | ^^^^^^^^^^^^^^^^^^^^^^^^^^^^^^^^^^^^^^^^^^^^^^^^^^^^^^^
  6 | import { getAllSkills } from "@/lib/skills";
  7 | import { isValidLocale, type Locale } from "@/i18n/config";
  8 | import { getDictionary } from "@/i18n/get-dictionary";

Import map: aliased to relative './src/components/RetroTerminal' inside of [project]/Desktop/I-Product/skillhub

https://nextjs.org/docs/messages/module-not-found @ http://localhost:3000/_next/static/chunks/c2fc1_next_dist_03d21e83._.js:3127
[  109332ms] [ERROR] ./Desktop/I-Product/skillhub/src/app/[locale]/page.tsx:5:1
Module not found: Can't resolve '@/components/RetroTerminal'
  3 | import SkillGrid from "@/components/SkillGrid";
  4 | import RetroComputer from "@/components/RetroComputer";
> 5 | import RetroTerminal from "@/components/RetroTerminal";
    | ^^^^^^^^^^^^^^^^^^^^^^^^^^^^^^^^^^^^^^^^^^^^^^^^^^^^^^^
  6 | import { getAllSkills } from "@/lib/skills";
  7 | import { isValidLocale, type Locale } from "@/i18n/config";
  8 | import { getDictionary } from "@/i18n/get-dictionary";

Import map: aliased to relative './src/components/RetroTerminal' inside of [project]/Desktop/I-Product/skillhub

https://nextjs.org/docs/messages/module-not-found @ http://localhost:3000/_next/static/chunks/c2fc1_next_dist_03d21e83._.js:3127
[  109381ms] [ERROR] ./Desktop/I-Product/skillhub/src/app/[locale]/page.tsx:5:1
Module not found: Can't resolve '@/components/RetroTerminal'
  3 | import SkillGrid from "@/components/SkillGrid";
  4 | import RetroComputer from "@/components/RetroComputer";
> 5 | import RetroTerminal from "@/components/RetroTerminal";
    | ^^^^^^^^^^^^^^^^^^^^^^^^^^^^^^^^^^^^^^^^^^^^^^^^^^^^^^^
  6 | import { getAllSkills } from "@/lib/skills";
  7 | import { isValidLocale, type Locale } from "@/i18n/config";
  8 | import { getDictionary } from "@/i18n/get-dictionary";

Import map: aliased to relative './src/components/RetroTerminal' inside of [project]/Desktop/I-Product/skillhub

https://nextjs.org/docs/messages/module-not-found @ http://localhost:3000/_next/static/chunks/c2fc1_next_dist_03d21e83._.js:3127
[  109432ms] [ERROR] ./Desktop/I-Product/skillhub/src/app/[locale]/page.tsx:5:1
Module not found: Can't resolve '@/components/RetroTerminal'
  3 | import SkillGrid from "@/components/SkillGrid";
  4 | import RetroComputer from "@/components/RetroComputer";
> 5 | import RetroTerminal from "@/components/RetroTerminal";
    | ^^^^^^^^^^^^^^^^^^^^^^^^^^^^^^^^^^^^^^^^^^^^^^^^^^^^^^^
  6 | import { getAllSkills } from "@/lib/skills";
  7 | import { isValidLocale, type Locale } from "@/i18n/config";
  8 | import { getDictionary } from "@/i18n/get-dictionary";

Import map: aliased to relative './src/components/RetroTerminal' inside of [project]/Desktop/I-Product/skillhub

https://nextjs.org/docs/messages/module-not-found @ http://localhost:3000/_next/static/chunks/c2fc1_next_dist_03d21e83._.js:3127
[  109502ms] [ERROR] ./Desktop/I-Product/skillhub/src/app/[locale]/page.tsx:5:1
Module not found: Can't resolve '@/components/RetroTerminal'
  3 | import SkillGrid from "@/components/SkillGrid";
  4 | import RetroComputer from "@/components/RetroComputer";
> 5 | import RetroTerminal from "@/components/RetroTerminal";
    | ^^^^^^^^^^^^^^^^^^^^^^^^^^^^^^^^^^^^^^^^^^^^^^^^^^^^^^^
  6 | import { getAllSkills } from "@/lib/skills";
  7 | import { isValidLocale, type Locale } from "@/i18n/config";
  8 | import { getDictionary } from "@/i18n/get-dictionary";

Import map: aliased to relative './src/components/RetroTerminal' inside of [project]/Desktop/I-Product/skillhub

https://nextjs.org/docs/messages/module-not-found @ http://localhost:3000/_next/static/chunks/c2fc1_next_dist_03d21e83._.js:3127
[  109551ms] [ERROR] ./Desktop/I-Product/skillhub/src/app/[locale]/page.tsx:5:1
Module not found: Can't resolve '@/components/RetroTerminal'
  3 | import SkillGrid from "@/components/SkillGrid";
  4 | import RetroComputer from "@/components/RetroComputer";
> 5 | import RetroTerminal from "@/components/RetroTerminal";
    | ^^^^^^^^^^^^^^^^^^^^^^^^^^^^^^^^^^^^^^^^^^^^^^^^^^^^^^^
  6 | import { getAllSkills } from "@/lib/skills";
  7 | import { isValidLocale, type Locale } from "@/i18n/config";
  8 | import { getDictionary } from "@/i18n/get-dictionary";

Import map: aliased to relative './src/components/RetroTerminal' inside of [project]/Desktop/I-Product/skillhub

https://nextjs.org/docs/messages/module-not-found @ http://localhost:3000/_next/static/chunks/c2fc1_next_dist_03d21e83._.js:3127
[  109602ms] [ERROR] ./Desktop/I-Product/skillhub/src/app/[locale]/page.tsx:5:1
Module not found: Can't resolve '@/components/RetroTerminal'
  3 | import SkillGrid from "@/components/SkillGrid";
  4 | import RetroComputer from "@/components/RetroComputer";
> 5 | import RetroTerminal from "@/components/RetroTerminal";
    | ^^^^^^^^^^^^^^^^^^^^^^^^^^^^^^^^^^^^^^^^^^^^^^^^^^^^^^^
  6 | import { getAllSkills } from "@/lib/skills";
  7 | import { isValidLocale, type Locale } from "@/i18n/config";
  8 | import { getDictionary } from "@/i18n/get-dictionary";

Import map: aliased to relative './src/components/RetroTerminal' inside of [project]/Desktop/I-Product/skillhub

https://nextjs.org/docs/messages/module-not-found @ http://localhost:3000/_next/static/chunks/c2fc1_next_dist_03d21e83._.js:3127
[  109653ms] [ERROR] ./Desktop/I-Product/skillhub/src/app/[locale]/page.tsx:5:1
Module not found: Can't resolve '@/components/RetroTerminal'
  3 | import SkillGrid from "@/components/SkillGrid";
  4 | import RetroComputer from "@/components/RetroComputer";
> 5 | import RetroTerminal from "@/components/RetroTerminal";
    | ^^^^^^^^^^^^^^^^^^^^^^^^^^^^^^^^^^^^^^^^^^^^^^^^^^^^^^^
  6 | import { getAllSkills } from "@/lib/skills";
  7 | import { isValidLocale, type Locale } from "@/i18n/config";
  8 | import { getDictionary } from "@/i18n/get-dictionary";

Import map: aliased to relative './src/components/RetroTerminal' inside of [project]/Desktop/I-Product/skillhub

https://nextjs.org/docs/messages/module-not-found @ http://localhost:3000/_next/static/chunks/c2fc1_next_dist_03d21e83._.js:3127
[  109702ms] [ERROR] ./Desktop/I-Product/skillhub/src/app/[locale]/page.tsx:5:1
Module not found: Can't resolve '@/components/RetroTerminal'
  3 | import SkillGrid from "@/components/SkillGrid";
  4 | import RetroComputer from "@/components/RetroComputer";
> 5 | import RetroTerminal from "@/components/RetroTerminal";
    | ^^^^^^^^^^^^^^^^^^^^^^^^^^^^^^^^^^^^^^^^^^^^^^^^^^^^^^^
  6 | import { getAllSkills } from "@/lib/skills";
  7 | import { isValidLocale, type Locale } from "@/i18n/config";
  8 | import { getDictionary } from "@/i18n/get-dictionary";

Import map: aliased to relative './src/components/RetroTerminal' inside of [project]/Desktop/I-Product/skillhub

https://nextjs.org/docs/messages/module-not-found @ http://localhost:3000/_next/static/chunks/c2fc1_next_dist_03d21e83._.js:3127
[  109752ms] [ERROR] ./Desktop/I-Product/skillhub/src/app/[locale]/page.tsx:5:1
Module not found: Can't resolve '@/components/RetroTerminal'
  3 | import SkillGrid from "@/components/SkillGrid";
  4 | import RetroComputer from "@/components/RetroComputer";
> 5 | import RetroTerminal from "@/components/RetroTerminal";
    | ^^^^^^^^^^^^^^^^^^^^^^^^^^^^^^^^^^^^^^^^^^^^^^^^^^^^^^^
  6 | import { getAllSkills } from "@/lib/skills";
  7 | import { isValidLocale, type Locale } from "@/i18n/config";
  8 | import { getDictionary } from "@/i18n/get-dictionary";

Import map: aliased to relative './src/components/RetroTerminal' inside of [project]/Desktop/I-Product/skillhub

https://nextjs.org/docs/messages/module-not-found @ http://localhost:3000/_next/static/chunks/c2fc1_next_dist_03d21e83._.js:3127
[  109835ms] [ERROR] ./Desktop/I-Product/skillhub/src/app/[locale]/page.tsx:5:1
Module not found: Can't resolve '@/components/RetroTerminal'
  3 | import SkillGrid from "@/components/SkillGrid";
  4 | import RetroComputer from "@/components/RetroComputer";
> 5 | import RetroTerminal from "@/components/RetroTerminal";
    | ^^^^^^^^^^^^^^^^^^^^^^^^^^^^^^^^^^^^^^^^^^^^^^^^^^^^^^^
  6 | import { getAllSkills } from "@/lib/skills";
  7 | import { isValidLocale, type Locale } from "@/i18n/config";
  8 | import { getDictionary } from "@/i18n/get-dictionary";

Import map: aliased to relative './src/components/RetroTerminal' inside of [project]/Desktop/I-Product/skillhub

https://nextjs.org/docs/messages/module-not-found @ http://localhost:3000/_next/static/chunks/c2fc1_next_dist_03d21e83._.js:3127
[  109898ms] [ERROR] ./Desktop/I-Product/skillhub/src/app/[locale]/page.tsx:5:1
Module not found: Can't resolve '@/components/RetroTerminal'
  3 | import SkillGrid from "@/components/SkillGrid";
  4 | import RetroComputer from "@/components/RetroComputer";
> 5 | import RetroTerminal from "@/components/RetroTerminal";
    | ^^^^^^^^^^^^^^^^^^^^^^^^^^^^^^^^^^^^^^^^^^^^^^^^^^^^^^^
  6 | import { getAllSkills } from "@/lib/skills";
  7 | import { isValidLocale, type Locale } from "@/i18n/config";
  8 | import { getDictionary } from "@/i18n/get-dictionary";

Import map: aliased to relative './src/components/RetroTerminal' inside of [project]/Desktop/I-Product/skillhub

https://nextjs.org/docs/messages/module-not-found @ http://localhost:3000/_next/static/chunks/c2fc1_next_dist_03d21e83._.js:3127
[  109948ms] [ERROR] ./Desktop/I-Product/skillhub/src/app/[locale]/page.tsx:5:1
Module not found: Can't resolve '@/components/RetroTerminal'
  3 | import SkillGrid from "@/components/SkillGrid";
  4 | import RetroComputer from "@/components/RetroComputer";
> 5 | import RetroTerminal from "@/components/RetroTerminal";
    | ^^^^^^^^^^^^^^^^^^^^^^^^^^^^^^^^^^^^^^^^^^^^^^^^^^^^^^^
  6 | import { getAllSkills } from "@/lib/skills";
  7 | import { isValidLocale, type Locale } from "@/i18n/config";
  8 | import { getDictionary } from "@/i18n/get-dictionary";

Import map: aliased to relative './src/components/RetroTerminal' inside of [project]/Desktop/I-Product/skillhub

https://nextjs.org/docs/messages/module-not-found @ http://localhost:3000/_next/static/chunks/c2fc1_next_dist_03d21e83._.js:3127
[  109990ms] [ERROR] ./Desktop/I-Product/skillhub/src/app/[locale]/page.tsx:5:1
Module not found: Can't resolve '@/components/RetroTerminal'
  3 | import SkillGrid from "@/components/SkillGrid";
  4 | import RetroComputer from "@/components/RetroComputer";
> 5 | import RetroTerminal from "@/components/RetroTerminal";
    | ^^^^^^^^^^^^^^^^^^^^^^^^^^^^^^^^^^^^^^^^^^^^^^^^^^^^^^^
  6 | import { getAllSkills } from "@/lib/skills";
  7 | import { isValidLocale, type Locale } from "@/i18n/config";
  8 | import { getDictionary } from "@/i18n/get-dictionary";

Import map: aliased to relative './src/components/RetroTerminal' inside of [project]/Desktop/I-Product/skillhub

https://nextjs.org/docs/messages/module-not-found @ http://localhost:3000/_next/static/chunks/c2fc1_next_dist_03d21e83._.js:3127
[  110040ms] [ERROR] ./Desktop/I-Product/skillhub/src/app/[locale]/page.tsx:5:1
Module not found: Can't resolve '@/components/RetroTerminal'
  3 | import SkillGrid from "@/components/SkillGrid";
  4 | import RetroComputer from "@/components/RetroComputer";
> 5 | import RetroTerminal from "@/components/RetroTerminal";
    | ^^^^^^^^^^^^^^^^^^^^^^^^^^^^^^^^^^^^^^^^^^^^^^^^^^^^^^^
  6 | import { getAllSkills } from "@/lib/skills";
  7 | import { isValidLocale, type Locale } from "@/i18n/config";
  8 | import { getDictionary } from "@/i18n/get-dictionary";

Import map: aliased to relative './src/components/RetroTerminal' inside of [project]/Desktop/I-Product/skillhub

https://nextjs.org/docs/messages/module-not-found @ http://localhost:3000/_next/static/chunks/c2fc1_next_dist_03d21e83._.js:3127
[  110088ms] [ERROR] ./Desktop/I-Product/skillhub/src/app/[locale]/page.tsx:5:1
Module not found: Can't resolve '@/components/RetroTerminal'
  3 | import SkillGrid from "@/components/SkillGrid";
  4 | import RetroComputer from "@/components/RetroComputer";
> 5 | import RetroTerminal from "@/components/RetroTerminal";
    | ^^^^^^^^^^^^^^^^^^^^^^^^^^^^^^^^^^^^^^^^^^^^^^^^^^^^^^^
  6 | import { getAllSkills } from "@/lib/skills";
  7 | import { isValidLocale, type Locale } from "@/i18n/config";
  8 | import { getDictionary } from "@/i18n/get-dictionary";

Import map: aliased to relative './src/components/RetroTerminal' inside of [project]/Desktop/I-Product/skillhub

https://nextjs.org/docs/messages/module-not-found @ http://localhost:3000/_next/static/chunks/c2fc1_next_dist_03d21e83._.js:3127
[  110138ms] [ERROR] ./Desktop/I-Product/skillhub/src/app/[locale]/page.tsx:5:1
Module not found: Can't resolve '@/components/RetroTerminal'
  3 | import SkillGrid from "@/components/SkillGrid";
  4 | import RetroComputer from "@/components/RetroComputer";
> 5 | import RetroTerminal from "@/components/RetroTerminal";
    | ^^^^^^^^^^^^^^^^^^^^^^^^^^^^^^^^^^^^^^^^^^^^^^^^^^^^^^^
  6 | import { getAllSkills } from "@/lib/skills";
  7 | import { isValidLocale, type Locale } from "@/i18n/config";
  8 | import { getDictionary } from "@/i18n/get-dictionary";

Import map: aliased to relative './src/components/RetroTerminal' inside of [project]/Desktop/I-Product/skillhub

https://nextjs.org/docs/messages/module-not-found @ http://localhost:3000/_next/static/chunks/c2fc1_next_dist_03d21e83._.js:3127
[  110199ms] [ERROR] ./Desktop/I-Product/skillhub/src/app/[locale]/page.tsx:5:1
Module not found: Can't resolve '@/components/RetroTerminal'
  3 | import SkillGrid from "@/components/SkillGrid";
  4 | import RetroComputer from "@/components/RetroComputer";
> 5 | import RetroTerminal from "@/components/RetroTerminal";
    | ^^^^^^^^^^^^^^^^^^^^^^^^^^^^^^^^^^^^^^^^^^^^^^^^^^^^^^^
  6 | import { getAllSkills } from "@/lib/skills";
  7 | import { isValidLocale, type Locale } from "@/i18n/config";
  8 | import { getDictionary } from "@/i18n/get-dictionary";

Import map: aliased to relative './src/components/RetroTerminal' inside of [project]/Desktop/I-Product/skillhub

https://nextjs.org/docs/messages/module-not-found @ http://localhost:3000/_next/static/chunks/c2fc1_next_dist_03d21e83._.js:3127
[  110250ms] [ERROR] ./Desktop/I-Product/skillhub/src/app/[locale]/page.tsx:5:1
Module not found: Can't resolve '@/components/RetroTerminal'
  3 | import SkillGrid from "@/components/SkillGrid";
  4 | import RetroComputer from "@/components/RetroComputer";
> 5 | import RetroTerminal from "@/components/RetroTerminal";
    | ^^^^^^^^^^^^^^^^^^^^^^^^^^^^^^^^^^^^^^^^^^^^^^^^^^^^^^^
  6 | import { getAllSkills } from "@/lib/skills";
  7 | import { isValidLocale, type Locale } from "@/i18n/config";
  8 | import { getDictionary } from "@/i18n/get-dictionary";

Import map: aliased to relative './src/components/RetroTerminal' inside of [project]/Desktop/I-Product/skillhub

https://nextjs.org/docs/messages/module-not-found @ http://localhost:3000/_next/static/chunks/c2fc1_next_dist_03d21e83._.js:3127
[  110299ms] [ERROR] ./Desktop/I-Product/skillhub/src/app/[locale]/page.tsx:5:1
Module not found: Can't resolve '@/components/RetroTerminal'
  3 | import SkillGrid from "@/components/SkillGrid";
  4 | import RetroComputer from "@/components/RetroComputer";
> 5 | import RetroTerminal from "@/components/RetroTerminal";
    | ^^^^^^^^^^^^^^^^^^^^^^^^^^^^^^^^^^^^^^^^^^^^^^^^^^^^^^^
  6 | import { getAllSkills } from "@/lib/skills";
  7 | import { isValidLocale, type Locale } from "@/i18n/config";
  8 | import { getDictionary } from "@/i18n/get-dictionary";

Import map: aliased to relative './src/components/RetroTerminal' inside of [project]/Desktop/I-Product/skillhub

https://nextjs.org/docs/messages/module-not-found @ http://localhost:3000/_next/static/chunks/c2fc1_next_dist_03d21e83._.js:3127
[  110348ms] [ERROR] ./Desktop/I-Product/skillhub/src/app/[locale]/page.tsx:5:1
Module not found: Can't resolve '@/components/RetroTerminal'
  3 | import SkillGrid from "@/components/SkillGrid";
  4 | import RetroComputer from "@/components/RetroComputer";
> 5 | import RetroTerminal from "@/components/RetroTerminal";
    | ^^^^^^^^^^^^^^^^^^^^^^^^^^^^^^^^^^^^^^^^^^^^^^^^^^^^^^^
  6 | import { getAllSkills } from "@/lib/skills";
  7 | import { isValidLocale, type Locale } from "@/i18n/config";
  8 | import { getDictionary } from "@/i18n/get-dictionary";

Import map: aliased to relative './src/components/RetroTerminal' inside of [project]/Desktop/I-Product/skillhub

https://nextjs.org/docs/messages/module-not-found @ http://localhost:3000/_next/static/chunks/c2fc1_next_dist_03d21e83._.js:3127
[  110399ms] [ERROR] ./Desktop/I-Product/skillhub/src/app/[locale]/page.tsx:5:1
Module not found: Can't resolve '@/components/RetroTerminal'
  3 | import SkillGrid from "@/components/SkillGrid";
  4 | import RetroComputer from "@/components/RetroComputer";
> 5 | import RetroTerminal from "@/components/RetroTerminal";
    | ^^^^^^^^^^^^^^^^^^^^^^^^^^^^^^^^^^^^^^^^^^^^^^^^^^^^^^^
  6 | import { getAllSkills } from "@/lib/skills";
  7 | import { isValidLocale, type Locale } from "@/i18n/config";
  8 | import { getDictionary } from "@/i18n/get-dictionary";

Import map: aliased to relative './src/components/RetroTerminal' inside of [project]/Desktop/I-Product/skillhub

https://nextjs.org/docs/messages/module-not-found @ http://localhost:3000/_next/static/chunks/c2fc1_next_dist_03d21e83._.js:3127
[  110448ms] [ERROR] ./Desktop/I-Product/skillhub/src/app/[locale]/page.tsx:5:1
Module not found: Can't resolve '@/components/RetroTerminal'
  3 | import SkillGrid from "@/components/SkillGrid";
  4 | import RetroComputer from "@/components/RetroComputer";
> 5 | import RetroTerminal from "@/components/RetroTerminal";
    | ^^^^^^^^^^^^^^^^^^^^^^^^^^^^^^^^^^^^^^^^^^^^^^^^^^^^^^^
  6 | import { getAllSkills } from "@/lib/skills";
  7 | import { isValidLocale, type Locale } from "@/i18n/config";
  8 | import { getDictionary } from "@/i18n/get-dictionary";

Import map: aliased to relative './src/components/RetroTerminal' inside of [project]/Desktop/I-Product/skillhub

https://nextjs.org/docs/messages/module-not-found @ http://localhost:3000/_next/static/chunks/c2fc1_next_dist_03d21e83._.js:3127
[  110500ms] [ERROR] ./Desktop/I-Product/skillhub/src/app/[locale]/page.tsx:5:1
Module not found: Can't resolve '@/components/RetroTerminal'
  3 | import SkillGrid from "@/components/SkillGrid";
  4 | import RetroComputer from "@/components/RetroComputer";
> 5 | import RetroTerminal from "@/components/RetroTerminal";
    | ^^^^^^^^^^^^^^^^^^^^^^^^^^^^^^^^^^^^^^^^^^^^^^^^^^^^^^^
  6 | import { getAllSkills } from "@/lib/skills";
  7 | import { isValidLocale, type Locale } from "@/i18n/config";
  8 | import { getDictionary } from "@/i18n/get-dictionary";

Import map: aliased to relative './src/components/RetroTerminal' inside of [project]/Desktop/I-Product/skillhub

https://nextjs.org/docs/messages/module-not-found @ http://localhost:3000/_next/static/chunks/c2fc1_next_dist_03d21e83._.js:3127
[  110549ms] [ERROR] ./Desktop/I-Product/skillhub/src/app/[locale]/page.tsx:5:1
Module not found: Can't resolve '@/components/RetroTerminal'
  3 | import SkillGrid from "@/components/SkillGrid";
  4 | import RetroComputer from "@/components/RetroComputer";
> 5 | import RetroTerminal from "@/components/RetroTerminal";
    | ^^^^^^^^^^^^^^^^^^^^^^^^^^^^^^^^^^^^^^^^^^^^^^^^^^^^^^^
  6 | import { getAllSkills } from "@/lib/skills";
  7 | import { isValidLocale, type Locale } from "@/i18n/config";
  8 | import { getDictionary } from "@/i18n/get-dictionary";

Import map: aliased to relative './src/components/RetroTerminal' inside of [project]/Desktop/I-Product/skillhub

https://nextjs.org/docs/messages/module-not-found @ http://localhost:3000/_next/static/chunks/c2fc1_next_dist_03d21e83._.js:3127
[  110597ms] [ERROR] ./Desktop/I-Product/skillhub/src/app/[locale]/page.tsx:5:1
Module not found: Can't resolve '@/components/RetroTerminal'
  3 | import SkillGrid from "@/components/SkillGrid";
  4 | import RetroComputer from "@/components/RetroComputer";
> 5 | import RetroTerminal from "@/components/RetroTerminal";
    | ^^^^^^^^^^^^^^^^^^^^^^^^^^^^^^^^^^^^^^^^^^^^^^^^^^^^^^^
  6 | import { getAllSkills } from "@/lib/skills";
  7 | import { isValidLocale, type Locale } from "@/i18n/config";
  8 | import { getDictionary } from "@/i18n/get-dictionary";

Import map: aliased to relative './src/components/RetroTerminal' inside of [project]/Desktop/I-Product/skillhub

https://nextjs.org/docs/messages/module-not-found @ http://localhost:3000/_next/static/chunks/c2fc1_next_dist_03d21e83._.js:3127
[  110649ms] [ERROR] ./Desktop/I-Product/skillhub/src/app/[locale]/page.tsx:5:1
Module not found: Can't resolve '@/components/RetroTerminal'
  3 | import SkillGrid from "@/components/SkillGrid";
  4 | import RetroComputer from "@/components/RetroComputer";
> 5 | import RetroTerminal from "@/components/RetroTerminal";
    | ^^^^^^^^^^^^^^^^^^^^^^^^^^^^^^^^^^^^^^^^^^^^^^^^^^^^^^^
  6 | import { getAllSkills } from "@/lib/skills";
  7 | import { isValidLocale, type Locale } from "@/i18n/config";
  8 | import { getDictionary } from "@/i18n/get-dictionary";

Import map: aliased to relative './src/components/RetroTerminal' inside of [project]/Desktop/I-Product/skillhub

https://nextjs.org/docs/messages/module-not-found @ http://localhost:3000/_next/static/chunks/c2fc1_next_dist_03d21e83._.js:3127
[  110702ms] [ERROR] ./Desktop/I-Product/skillhub/src/app/[locale]/page.tsx:5:1
Module not found: Can't resolve '@/components/RetroTerminal'
  3 | import SkillGrid from "@/components/SkillGrid";
  4 | import RetroComputer from "@/components/RetroComputer";
> 5 | import RetroTerminal from "@/components/RetroTerminal";
    | ^^^^^^^^^^^^^^^^^^^^^^^^^^^^^^^^^^^^^^^^^^^^^^^^^^^^^^^
  6 | import { getAllSkills } from "@/lib/skills";
  7 | import { isValidLocale, type Locale } from "@/i18n/config";
  8 | import { getDictionary } from "@/i18n/get-dictionary";

Import map: aliased to relative './src/components/RetroTerminal' inside of [project]/Desktop/I-Product/skillhub

https://nextjs.org/docs/messages/module-not-found @ http://localhost:3000/_next/static/chunks/c2fc1_next_dist_03d21e83._.js:3127
[  110750ms] [ERROR] ./Desktop/I-Product/skillhub/src/app/[locale]/page.tsx:5:1
Module not found: Can't resolve '@/components/RetroTerminal'
  3 | import SkillGrid from "@/components/SkillGrid";
  4 | import RetroComputer from "@/components/RetroComputer";
> 5 | import RetroTerminal from "@/components/RetroTerminal";
    | ^^^^^^^^^^^^^^^^^^^^^^^^^^^^^^^^^^^^^^^^^^^^^^^^^^^^^^^
  6 | import { getAllSkills } from "@/lib/skills";
  7 | import { isValidLocale, type Locale } from "@/i18n/config";
  8 | import { getDictionary } from "@/i18n/get-dictionary";

Import map: aliased to relative './src/components/RetroTerminal' inside of [project]/Desktop/I-Product/skillhub

https://nextjs.org/docs/messages/module-not-found @ http://localhost:3000/_next/static/chunks/c2fc1_next_dist_03d21e83._.js:3127
[  110797ms] [ERROR] ./Desktop/I-Product/skillhub/src/app/[locale]/page.tsx:5:1
Module not found: Can't resolve '@/components/RetroTerminal'
  3 | import SkillGrid from "@/components/SkillGrid";
  4 | import RetroComputer from "@/components/RetroComputer";
> 5 | import RetroTerminal from "@/components/RetroTerminal";
    | ^^^^^^^^^^^^^^^^^^^^^^^^^^^^^^^^^^^^^^^^^^^^^^^^^^^^^^^
  6 | import { getAllSkills } from "@/lib/skills";
  7 | import { isValidLocale, type Locale } from "@/i18n/config";
  8 | import { getDictionary } from "@/i18n/get-dictionary";

Import map: aliased to relative './src/components/RetroTerminal' inside of [project]/Desktop/I-Product/skillhub

https://nextjs.org/docs/messages/module-not-found @ http://localhost:3000/_next/static/chunks/c2fc1_next_dist_03d21e83._.js:3127
[  110849ms] [ERROR] ./Desktop/I-Product/skillhub/src/app/[locale]/page.tsx:5:1
Module not found: Can't resolve '@/components/RetroTerminal'
  3 | import SkillGrid from "@/components/SkillGrid";
  4 | import RetroComputer from "@/components/RetroComputer";
> 5 | import RetroTerminal from "@/components/RetroTerminal";
    | ^^^^^^^^^^^^^^^^^^^^^^^^^^^^^^^^^^^^^^^^^^^^^^^^^^^^^^^
  6 | import { getAllSkills } from "@/lib/skills";
  7 | import { isValidLocale, type Locale } from "@/i18n/config";
  8 | import { getDictionary } from "@/i18n/get-dictionary";

Import map: aliased to relative './src/components/RetroTerminal' inside of [project]/Desktop/I-Product/skillhub

https://nextjs.org/docs/messages/module-not-found @ http://localhost:3000/_next/static/chunks/c2fc1_next_dist_03d21e83._.js:3127
[  110898ms] [ERROR] ./Desktop/I-Product/skillhub/src/app/[locale]/page.tsx:5:1
Module not found: Can't resolve '@/components/RetroTerminal'
  3 | import SkillGrid from "@/components/SkillGrid";
  4 | import RetroComputer from "@/components/RetroComputer";
> 5 | import RetroTerminal from "@/components/RetroTerminal";
    | ^^^^^^^^^^^^^^^^^^^^^^^^^^^^^^^^^^^^^^^^^^^^^^^^^^^^^^^
  6 | import { getAllSkills } from "@/lib/skills";
  7 | import { isValidLocale, type Locale } from "@/i18n/config";
  8 | import { getDictionary } from "@/i18n/get-dictionary";

Import map: aliased to relative './src/components/RetroTerminal' inside of [project]/Desktop/I-Product/skillhub

https://nextjs.org/docs/messages/module-not-found @ http://localhost:3000/_next/static/chunks/c2fc1_next_dist_03d21e83._.js:3127
[  110940ms] [ERROR] ./Desktop/I-Product/skillhub/src/app/[locale]/page.tsx:5:1
Module not found: Can't resolve '@/components/RetroTerminal'
  3 | import SkillGrid from "@/components/SkillGrid";
  4 | import RetroComputer from "@/components/RetroComputer";
> 5 | import RetroTerminal from "@/components/RetroTerminal";
    | ^^^^^^^^^^^^^^^^^^^^^^^^^^^^^^^^^^^^^^^^^^^^^^^^^^^^^^^
  6 | import { getAllSkills } from "@/lib/skills";
  7 | import { isValidLocale, type Locale } from "@/i18n/config";
  8 | import { getDictionary } from "@/i18n/get-dictionary";

Import map: aliased to relative './src/components/RetroTerminal' inside of [project]/Desktop/I-Product/skillhub

https://nextjs.org/docs/messages/module-not-found @ http://localhost:3000/_next/static/chunks/c2fc1_next_dist_03d21e83._.js:3127
[  110988ms] [ERROR] ./Desktop/I-Product/skillhub/src/app/[locale]/page.tsx:5:1
Module not found: Can't resolve '@/components/RetroTerminal'
  3 | import SkillGrid from "@/components/SkillGrid";
  4 | import RetroComputer from "@/components/RetroComputer";
> 5 | import RetroTerminal from "@/components/RetroTerminal";
    | ^^^^^^^^^^^^^^^^^^^^^^^^^^^^^^^^^^^^^^^^^^^^^^^^^^^^^^^
  6 | import { getAllSkills } from "@/lib/skills";
  7 | import { isValidLocale, type Locale } from "@/i18n/config";
  8 | import { getDictionary } from "@/i18n/get-dictionary";

Import map: aliased to relative './src/components/RetroTerminal' inside of [project]/Desktop/I-Product/skillhub

https://nextjs.org/docs/messages/module-not-found @ http://localhost:3000/_next/static/chunks/c2fc1_next_dist_03d21e83._.js:3127
[  111038ms] [ERROR] ./Desktop/I-Product/skillhub/src/app/[locale]/page.tsx:5:1
Module not found: Can't resolve '@/components/RetroTerminal'
  3 | import SkillGrid from "@/components/SkillGrid";
  4 | import RetroComputer from "@/components/RetroComputer";
> 5 | import RetroTerminal from "@/components/RetroTerminal";
    | ^^^^^^^^^^^^^^^^^^^^^^^^^^^^^^^^^^^^^^^^^^^^^^^^^^^^^^^
  6 | import { getAllSkills } from "@/lib/skills";
  7 | import { isValidLocale, type Locale } from "@/i18n/config";
  8 | import { getDictionary } from "@/i18n/get-dictionary";

Import map: aliased to relative './src/components/RetroTerminal' inside of [project]/Desktop/I-Product/skillhub

https://nextjs.org/docs/messages/module-not-found @ http://localhost:3000/_next/static/chunks/c2fc1_next_dist_03d21e83._.js:3127
[  111086ms] [ERROR] ./Desktop/I-Product/skillhub/src/app/[locale]/page.tsx:5:1
Module not found: Can't resolve '@/components/RetroTerminal'
  3 | import SkillGrid from "@/components/SkillGrid";
  4 | import RetroComputer from "@/components/RetroComputer";
> 5 | import RetroTerminal from "@/components/RetroTerminal";
    | ^^^^^^^^^^^^^^^^^^^^^^^^^^^^^^^^^^^^^^^^^^^^^^^^^^^^^^^
  6 | import { getAllSkills } from "@/lib/skills";
  7 | import { isValidLocale, type Locale } from "@/i18n/config";
  8 | import { getDictionary } from "@/i18n/get-dictionary";

Import map: aliased to relative './src/components/RetroTerminal' inside of [project]/Desktop/I-Product/skillhub

https://nextjs.org/docs/messages/module-not-found @ http://localhost:3000/_next/static/chunks/c2fc1_next_dist_03d21e83._.js:3127
[  111137ms] [ERROR] ./Desktop/I-Product/skillhub/src/app/[locale]/page.tsx:5:1
Module not found: Can't resolve '@/components/RetroTerminal'
  3 | import SkillGrid from "@/components/SkillGrid";
  4 | import RetroComputer from "@/components/RetroComputer";
> 5 | import RetroTerminal from "@/components/RetroTerminal";
    | ^^^^^^^^^^^^^^^^^^^^^^^^^^^^^^^^^^^^^^^^^^^^^^^^^^^^^^^
  6 | import { getAllSkills } from "@/lib/skills";
  7 | import { isValidLocale, type Locale } from "@/i18n/config";
  8 | import { getDictionary } from "@/i18n/get-dictionary";

Import map: aliased to relative './src/components/RetroTerminal' inside of [project]/Desktop/I-Product/skillhub

https://nextjs.org/docs/messages/module-not-found @ http://localhost:3000/_next/static/chunks/c2fc1_next_dist_03d21e83._.js:3127
[  111185ms] [ERROR] ./Desktop/I-Product/skillhub/src/app/[locale]/page.tsx:5:1
Module not found: Can't resolve '@/components/RetroTerminal'
  3 | import SkillGrid from "@/components/SkillGrid";
  4 | import RetroComputer from "@/components/RetroComputer";
> 5 | import RetroTerminal from "@/components/RetroTerminal";
    | ^^^^^^^^^^^^^^^^^^^^^^^^^^^^^^^^^^^^^^^^^^^^^^^^^^^^^^^
  6 | import { getAllSkills } from "@/lib/skills";
  7 | import { isValidLocale, type Locale } from "@/i18n/config";
  8 | import { getDictionary } from "@/i18n/get-dictionary";

Import map: aliased to relative './src/components/RetroTerminal' inside of [project]/Desktop/I-Product/skillhub

https://nextjs.org/docs/messages/module-not-found @ http://localhost:3000/_next/static/chunks/c2fc1_next_dist_03d21e83._.js:3127
[  111234ms] [ERROR] ./Desktop/I-Product/skillhub/src/app/[locale]/page.tsx:5:1
Module not found: Can't resolve '@/components/RetroTerminal'
  3 | import SkillGrid from "@/components/SkillGrid";
  4 | import RetroComputer from "@/components/RetroComputer";
> 5 | import RetroTerminal from "@/components/RetroTerminal";
    | ^^^^^^^^^^^^^^^^^^^^^^^^^^^^^^^^^^^^^^^^^^^^^^^^^^^^^^^
  6 | import { getAllSkills } from "@/lib/skills";
  7 | import { isValidLocale, type Locale } from "@/i18n/config";
  8 | import { getDictionary } from "@/i18n/get-dictionary";

Import map: aliased to relative './src/components/RetroTerminal' inside of [project]/Desktop/I-Product/skillhub

https://nextjs.org/docs/messages/module-not-found @ http://localhost:3000/_next/static/chunks/c2fc1_next_dist_03d21e83._.js:3127
[  111282ms] [ERROR] ./Desktop/I-Product/skillhub/src/app/[locale]/page.tsx:5:1
Module not found: Can't resolve '@/components/RetroTerminal'
  3 | import SkillGrid from "@/components/SkillGrid";
  4 | import RetroComputer from "@/components/RetroComputer";
> 5 | import RetroTerminal from "@/components/RetroTerminal";
    | ^^^^^^^^^^^^^^^^^^^^^^^^^^^^^^^^^^^^^^^^^^^^^^^^^^^^^^^
  6 | import { getAllSkills } from "@/lib/skills";
  7 | import { isValidLocale, type Locale } from "@/i18n/config";
  8 | import { getDictionary } from "@/i18n/get-dictionary";

Import map: aliased to relative './src/components/RetroTerminal' inside of [project]/Desktop/I-Product/skillhub

https://nextjs.org/docs/messages/module-not-found @ http://localhost:3000/_next/static/chunks/c2fc1_next_dist_03d21e83._.js:3127
[  111331ms] [ERROR] ./Desktop/I-Product/skillhub/src/app/[locale]/page.tsx:5:1
Module not found: Can't resolve '@/components/RetroTerminal'
  3 | import SkillGrid from "@/components/SkillGrid";
  4 | import RetroComputer from "@/components/RetroComputer";
> 5 | import RetroTerminal from "@/components/RetroTerminal";
    | ^^^^^^^^^^^^^^^^^^^^^^^^^^^^^^^^^^^^^^^^^^^^^^^^^^^^^^^
  6 | import { getAllSkills } from "@/lib/skills";
  7 | import { isValidLocale, type Locale } from "@/i18n/config";
  8 | import { getDictionary } from "@/i18n/get-dictionary";

Import map: aliased to relative './src/components/RetroTerminal' inside of [project]/Desktop/I-Product/skillhub

https://nextjs.org/docs/messages/module-not-found @ http://localhost:3000/_next/static/chunks/c2fc1_next_dist_03d21e83._.js:3127
[  111382ms] [ERROR] ./Desktop/I-Product/skillhub/src/app/[locale]/page.tsx:5:1
Module not found: Can't resolve '@/components/RetroTerminal'
  3 | import SkillGrid from "@/components/SkillGrid";
  4 | import RetroComputer from "@/components/RetroComputer";
> 5 | import RetroTerminal from "@/components/RetroTerminal";
    | ^^^^^^^^^^^^^^^^^^^^^^^^^^^^^^^^^^^^^^^^^^^^^^^^^^^^^^^
  6 | import { getAllSkills } from "@/lib/skills";
  7 | import { isValidLocale, type Locale } from "@/i18n/config";
  8 | import { getDictionary } from "@/i18n/get-dictionary";

Import map: aliased to relative './src/components/RetroTerminal' inside of [project]/Desktop/I-Product/skillhub

https://nextjs.org/docs/messages/module-not-found @ http://localhost:3000/_next/static/chunks/c2fc1_next_dist_03d21e83._.js:3127
[  111431ms] [ERROR] ./Desktop/I-Product/skillhub/src/app/[locale]/page.tsx:5:1
Module not found: Can't resolve '@/components/RetroTerminal'
  3 | import SkillGrid from "@/components/SkillGrid";
  4 | import RetroComputer from "@/components/RetroComputer";
> 5 | import RetroTerminal from "@/components/RetroTerminal";
    | ^^^^^^^^^^^^^^^^^^^^^^^^^^^^^^^^^^^^^^^^^^^^^^^^^^^^^^^
  6 | import { getAllSkills } from "@/lib/skills";
  7 | import { isValidLocale, type Locale } from "@/i18n/config";
  8 | import { getDictionary } from "@/i18n/get-dictionary";

Import map: aliased to relative './src/components/RetroTerminal' inside of [project]/Desktop/I-Product/skillhub

https://nextjs.org/docs/messages/module-not-found @ http://localhost:3000/_next/static/chunks/c2fc1_next_dist_03d21e83._.js:3127
[  111481ms] [ERROR] ./Desktop/I-Product/skillhub/src/app/[locale]/page.tsx:5:1
Module not found: Can't resolve '@/components/RetroTerminal'
  3 | import SkillGrid from "@/components/SkillGrid";
  4 | import RetroComputer from "@/components/RetroComputer";
> 5 | import RetroTerminal from "@/components/RetroTerminal";
    | ^^^^^^^^^^^^^^^^^^^^^^^^^^^^^^^^^^^^^^^^^^^^^^^^^^^^^^^
  6 | import { getAllSkills } from "@/lib/skills";
  7 | import { isValidLocale, type Locale } from "@/i18n/config";
  8 | import { getDictionary } from "@/i18n/get-dictionary";

Import map: aliased to relative './src/components/RetroTerminal' inside of [project]/Desktop/I-Product/skillhub

https://nextjs.org/docs/messages/module-not-found @ http://localhost:3000/_next/static/chunks/c2fc1_next_dist_03d21e83._.js:3127
[  111531ms] [ERROR] ./Desktop/I-Product/skillhub/src/app/[locale]/page.tsx:5:1
Module not found: Can't resolve '@/components/RetroTerminal'
  3 | import SkillGrid from "@/components/SkillGrid";
  4 | import RetroComputer from "@/components/RetroComputer";
> 5 | import RetroTerminal from "@/components/RetroTerminal";
    | ^^^^^^^^^^^^^^^^^^^^^^^^^^^^^^^^^^^^^^^^^^^^^^^^^^^^^^^
  6 | import { getAllSkills } from "@/lib/skills";
  7 | import { isValidLocale, type Locale } from "@/i18n/config";
  8 | import { getDictionary } from "@/i18n/get-dictionary";

Import map: aliased to relative './src/components/RetroTerminal' inside of [project]/Desktop/I-Product/skillhub

https://nextjs.org/docs/messages/module-not-found @ http://localhost:3000/_next/static/chunks/c2fc1_next_dist_03d21e83._.js:3127
[  111584ms] [ERROR] ./Desktop/I-Product/skillhub/src/app/[locale]/page.tsx:5:1
Module not found: Can't resolve '@/components/RetroTerminal'
  3 | import SkillGrid from "@/components/SkillGrid";
  4 | import RetroComputer from "@/components/RetroComputer";
> 5 | import RetroTerminal from "@/components/RetroTerminal";
    | ^^^^^^^^^^^^^^^^^^^^^^^^^^^^^^^^^^^^^^^^^^^^^^^^^^^^^^^
  6 | import { getAllSkills } from "@/lib/skills";
  7 | import { isValidLocale, type Locale } from "@/i18n/config";
  8 | import { getDictionary } from "@/i18n/get-dictionary";

Import map: aliased to relative './src/components/RetroTerminal' inside of [project]/Desktop/I-Product/skillhub

https://nextjs.org/docs/messages/module-not-found @ http://localhost:3000/_next/static/chunks/c2fc1_next_dist_03d21e83._.js:3127
[  111636ms] [ERROR] ./Desktop/I-Product/skillhub/src/app/[locale]/page.tsx:5:1
Module not found: Can't resolve '@/components/RetroTerminal'
  3 | import SkillGrid from "@/components/SkillGrid";
  4 | import RetroComputer from "@/components/RetroComputer";
> 5 | import RetroTerminal from "@/components/RetroTerminal";
    | ^^^^^^^^^^^^^^^^^^^^^^^^^^^^^^^^^^^^^^^^^^^^^^^^^^^^^^^
  6 | import { getAllSkills } from "@/lib/skills";
  7 | import { isValidLocale, type Locale } from "@/i18n/config";
  8 | import { getDictionary } from "@/i18n/get-dictionary";

Import map: aliased to relative './src/components/RetroTerminal' inside of [project]/Desktop/I-Product/skillhub

https://nextjs.org/docs/messages/module-not-found @ http://localhost:3000/_next/static/chunks/c2fc1_next_dist_03d21e83._.js:3127
[  111815ms] [ERROR] ./Desktop/I-Product/skillhub/src/app/[locale]/page.tsx:5:1
Module not found: Can't resolve '@/components/RetroTerminal'
  3 | import SkillGrid from "@/components/SkillGrid";
  4 | import RetroComputer from "@/components/RetroComputer";
> 5 | import RetroTerminal from "@/components/RetroTerminal";
    | ^^^^^^^^^^^^^^^^^^^^^^^^^^^^^^^^^^^^^^^^^^^^^^^^^^^^^^^
  6 | import { getAllSkills } from "@/lib/skills";
  7 | import { isValidLocale, type Locale } from "@/i18n/config";
  8 | import { getDictionary } from "@/i18n/get-dictionary";

Import map: aliased to relative './src/components/RetroTerminal' inside of [project]/Desktop/I-Product/skillhub

https://nextjs.org/docs/messages/module-not-found @ http://localhost:3000/_next/static/chunks/c2fc1_next_dist_03d21e83._.js:3127
[  111866ms] [ERROR] ./Desktop/I-Product/skillhub/src/app/[locale]/page.tsx:5:1
Module not found: Can't resolve '@/components/RetroTerminal'
  3 | import SkillGrid from "@/components/SkillGrid";
  4 | import RetroComputer from "@/components/RetroComputer";
> 5 | import RetroTerminal from "@/components/RetroTerminal";
    | ^^^^^^^^^^^^^^^^^^^^^^^^^^^^^^^^^^^^^^^^^^^^^^^^^^^^^^^
  6 | import { getAllSkills } from "@/lib/skills";
  7 | import { isValidLocale, type Locale } from "@/i18n/config";
  8 | import { getDictionary } from "@/i18n/get-dictionary";

Import map: aliased to relative './src/components/RetroTerminal' inside of [project]/Desktop/I-Product/skillhub

https://nextjs.org/docs/messages/module-not-found @ http://localhost:3000/_next/static/chunks/c2fc1_next_dist_03d21e83._.js:3127
[  111920ms] [ERROR] ./Desktop/I-Product/skillhub/src/app/[locale]/page.tsx:5:1
Module not found: Can't resolve '@/components/RetroTerminal'
  3 | import SkillGrid from "@/components/SkillGrid";
  4 | import RetroComputer from "@/components/RetroComputer";
> 5 | import RetroTerminal from "@/components/RetroTerminal";
    | ^^^^^^^^^^^^^^^^^^^^^^^^^^^^^^^^^^^^^^^^^^^^^^^^^^^^^^^
  6 | import { getAllSkills } from "@/lib/skills";
  7 | import { isValidLocale, type Locale } from "@/i18n/config";
  8 | import { getDictionary } from "@/i18n/get-dictionary";

Import map: aliased to relative './src/components/RetroTerminal' inside of [project]/Desktop/I-Product/skillhub

https://nextjs.org/docs/messages/module-not-found @ http://localhost:3000/_next/static/chunks/c2fc1_next_dist_03d21e83._.js:3127
[  111973ms] [ERROR] ./Desktop/I-Product/skillhub/src/app/[locale]/page.tsx:5:1
Module not found: Can't resolve '@/components/RetroTerminal'
  3 | import SkillGrid from "@/components/SkillGrid";
  4 | import RetroComputer from "@/components/RetroComputer";
> 5 | import RetroTerminal from "@/components/RetroTerminal";
    | ^^^^^^^^^^^^^^^^^^^^^^^^^^^^^^^^^^^^^^^^^^^^^^^^^^^^^^^
  6 | import { getAllSkills } from "@/lib/skills";
  7 | import { isValidLocale, type Locale } from "@/i18n/config";
  8 | import { getDictionary } from "@/i18n/get-dictionary";

Import map: aliased to relative './src/components/RetroTerminal' inside of [project]/Desktop/I-Product/skillhub

https://nextjs.org/docs/messages/module-not-found @ http://localhost:3000/_next/static/chunks/c2fc1_next_dist_03d21e83._.js:3127
[  112021ms] [ERROR] ./Desktop/I-Product/skillhub/src/app/[locale]/page.tsx:5:1
Module not found: Can't resolve '@/components/RetroTerminal'
  3 | import SkillGrid from "@/components/SkillGrid";
  4 | import RetroComputer from "@/components/RetroComputer";
> 5 | import RetroTerminal from "@/components/RetroTerminal";
    | ^^^^^^^^^^^^^^^^^^^^^^^^^^^^^^^^^^^^^^^^^^^^^^^^^^^^^^^
  6 | import { getAllSkills } from "@/lib/skills";
  7 | import { isValidLocale, type Locale } from "@/i18n/config";
  8 | import { getDictionary } from "@/i18n/get-dictionary";

Import map: aliased to relative './src/components/RetroTerminal' inside of [project]/Desktop/I-Product/skillhub

https://nextjs.org/docs/messages/module-not-found @ http://localhost:3000/_next/static/chunks/c2fc1_next_dist_03d21e83._.js:3127
[  112071ms] [ERROR] ./Desktop/I-Product/skillhub/src/app/[locale]/page.tsx:5:1
Module not found: Can't resolve '@/components/RetroTerminal'
  3 | import SkillGrid from "@/components/SkillGrid";
  4 | import RetroComputer from "@/components/RetroComputer";
> 5 | import RetroTerminal from "@/components/RetroTerminal";
    | ^^^^^^^^^^^^^^^^^^^^^^^^^^^^^^^^^^^^^^^^^^^^^^^^^^^^^^^
  6 | import { getAllSkills } from "@/lib/skills";
  7 | import { isValidLocale, type Locale } from "@/i18n/config";
  8 | import { getDictionary } from "@/i18n/get-dictionary";

Import map: aliased to relative './src/components/RetroTerminal' inside of [project]/Desktop/I-Product/skillhub

https://nextjs.org/docs/messages/module-not-found @ http://localhost:3000/_next/static/chunks/c2fc1_next_dist_03d21e83._.js:3127
[  112120ms] [ERROR] ./Desktop/I-Product/skillhub/src/app/[locale]/page.tsx:5:1
Module not found: Can't resolve '@/components/RetroTerminal'
  3 | import SkillGrid from "@/components/SkillGrid";
  4 | import RetroComputer from "@/components/RetroComputer";
> 5 | import RetroTerminal from "@/components/RetroTerminal";
    | ^^^^^^^^^^^^^^^^^^^^^^^^^^^^^^^^^^^^^^^^^^^^^^^^^^^^^^^
  6 | import { getAllSkills } from "@/lib/skills";
  7 | import { isValidLocale, type Locale } from "@/i18n/config";
  8 | import { getDictionary } from "@/i18n/get-dictionary";

Import map: aliased to relative './src/components/RetroTerminal' inside of [project]/Desktop/I-Product/skillhub

https://nextjs.org/docs/messages/module-not-found @ http://localhost:3000/_next/static/chunks/c2fc1_next_dist_03d21e83._.js:3127
[  112172ms] [ERROR] ./Desktop/I-Product/skillhub/src/app/[locale]/page.tsx:5:1
Module not found: Can't resolve '@/components/RetroTerminal'
  3 | import SkillGrid from "@/components/SkillGrid";
  4 | import RetroComputer from "@/components/RetroComputer";
> 5 | import RetroTerminal from "@/components/RetroTerminal";
    | ^^^^^^^^^^^^^^^^^^^^^^^^^^^^^^^^^^^^^^^^^^^^^^^^^^^^^^^
  6 | import { getAllSkills } from "@/lib/skills";
  7 | import { isValidLocale, type Locale } from "@/i18n/config";
  8 | import { getDictionary } from "@/i18n/get-dictionary";

Import map: aliased to relative './src/components/RetroTerminal' inside of [project]/Desktop/I-Product/skillhub

https://nextjs.org/docs/messages/module-not-found @ http://localhost:3000/_next/static/chunks/c2fc1_next_dist_03d21e83._.js:3127
[  112220ms] [ERROR] ./Desktop/I-Product/skillhub/src/app/[locale]/page.tsx:5:1
Module not found: Can't resolve '@/components/RetroTerminal'
  3 | import SkillGrid from "@/components/SkillGrid";
  4 | import RetroComputer from "@/components/RetroComputer";
> 5 | import RetroTerminal from "@/components/RetroTerminal";
    | ^^^^^^^^^^^^^^^^^^^^^^^^^^^^^^^^^^^^^^^^^^^^^^^^^^^^^^^
  6 | import { getAllSkills } from "@/lib/skills";
  7 | import { isValidLocale, type Locale } from "@/i18n/config";
  8 | import { getDictionary } from "@/i18n/get-dictionary";

Import map: aliased to relative './src/components/RetroTerminal' inside of [project]/Desktop/I-Product/skillhub

https://nextjs.org/docs/messages/module-not-found @ http://localhost:3000/_next/static/chunks/c2fc1_next_dist_03d21e83._.js:3127
[  112269ms] [ERROR] ./Desktop/I-Product/skillhub/src/app/[locale]/page.tsx:5:1
Module not found: Can't resolve '@/components/RetroTerminal'
  3 | import SkillGrid from "@/components/SkillGrid";
  4 | import RetroComputer from "@/components/RetroComputer";
> 5 | import RetroTerminal from "@/components/RetroTerminal";
    | ^^^^^^^^^^^^^^^^^^^^^^^^^^^^^^^^^^^^^^^^^^^^^^^^^^^^^^^
  6 | import { getAllSkills } from "@/lib/skills";
  7 | import { isValidLocale, type Locale } from "@/i18n/config";
  8 | import { getDictionary } from "@/i18n/get-dictionary";

Import map: aliased to relative './src/components/RetroTerminal' inside of [project]/Desktop/I-Product/skillhub

https://nextjs.org/docs/messages/module-not-found @ http://localhost:3000/_next/static/chunks/c2fc1_next_dist_03d21e83._.js:3127
[  112318ms] [ERROR] ./Desktop/I-Product/skillhub/src/app/[locale]/page.tsx:5:1
Module not found: Can't resolve '@/components/RetroTerminal'
  3 | import SkillGrid from "@/components/SkillGrid";
  4 | import RetroComputer from "@/components/RetroComputer";
> 5 | import RetroTerminal from "@/components/RetroTerminal";
    | ^^^^^^^^^^^^^^^^^^^^^^^^^^^^^^^^^^^^^^^^^^^^^^^^^^^^^^^
  6 | import { getAllSkills } from "@/lib/skills";
  7 | import { isValidLocale, type Locale } from "@/i18n/config";
  8 | import { getDictionary } from "@/i18n/get-dictionary";

Import map: aliased to relative './src/components/RetroTerminal' inside of [project]/Desktop/I-Product/skillhub

https://nextjs.org/docs/messages/module-not-found @ http://localhost:3000/_next/static/chunks/c2fc1_next_dist_03d21e83._.js:3127
[  112446ms] [ERROR] ./Desktop/I-Product/skillhub/src/app/[locale]/page.tsx:5:1
Module not found: Can't resolve '@/components/RetroTerminal'
  3 | import SkillGrid from "@/components/SkillGrid";
  4 | import RetroComputer from "@/components/RetroComputer";
> 5 | import RetroTerminal from "@/components/RetroTerminal";
    | ^^^^^^^^^^^^^^^^^^^^^^^^^^^^^^^^^^^^^^^^^^^^^^^^^^^^^^^
  6 | import { getAllSkills } from "@/lib/skills";
  7 | import { isValidLocale, type Locale } from "@/i18n/config";
  8 | import { getDictionary } from "@/i18n/get-dictionary";

Import map: aliased to relative './src/components/RetroTerminal' inside of [project]/Desktop/I-Product/skillhub

https://nextjs.org/docs/messages/module-not-found @ http://localhost:3000/_next/static/chunks/c2fc1_next_dist_03d21e83._.js:3127
[  112532ms] [ERROR] ./Desktop/I-Product/skillhub/src/app/[locale]/page.tsx:5:1
Module not found: Can't resolve '@/components/RetroTerminal'
  3 | import SkillGrid from "@/components/SkillGrid";
  4 | import RetroComputer from "@/components/RetroComputer";
> 5 | import RetroTerminal from "@/components/RetroTerminal";
    | ^^^^^^^^^^^^^^^^^^^^^^^^^^^^^^^^^^^^^^^^^^^^^^^^^^^^^^^
  6 | import { getAllSkills } from "@/lib/skills";
  7 | import { isValidLocale, type Locale } from "@/i18n/config";
  8 | import { getDictionary } from "@/i18n/get-dictionary";

Import map: aliased to relative './src/components/RetroTerminal' inside of [project]/Desktop/I-Product/skillhub

https://nextjs.org/docs/messages/module-not-found @ http://localhost:3000/_next/static/chunks/c2fc1_next_dist_03d21e83._.js:3127
[  112583ms] [ERROR] ./Desktop/I-Product/skillhub/src/app/[locale]/page.tsx:5:1
Module not found: Can't resolve '@/components/RetroTerminal'
  3 | import SkillGrid from "@/components/SkillGrid";
  4 | import RetroComputer from "@/components/RetroComputer";
> 5 | import RetroTerminal from "@/components/RetroTerminal";
    | ^^^^^^^^^^^^^^^^^^^^^^^^^^^^^^^^^^^^^^^^^^^^^^^^^^^^^^^
  6 | import { getAllSkills } from "@/lib/skills";
  7 | import { isValidLocale, type Locale } from "@/i18n/config";
  8 | import { getDictionary } from "@/i18n/get-dictionary";

Import map: aliased to relative './src/components/RetroTerminal' inside of [project]/Desktop/I-Product/skillhub

https://nextjs.org/docs/messages/module-not-found @ http://localhost:3000/_next/static/chunks/c2fc1_next_dist_03d21e83._.js:3127
[  112633ms] [ERROR] ./Desktop/I-Product/skillhub/src/app/[locale]/page.tsx:5:1
Module not found: Can't resolve '@/components/RetroTerminal'
  3 | import SkillGrid from "@/components/SkillGrid";
  4 | import RetroComputer from "@/components/RetroComputer";
> 5 | import RetroTerminal from "@/components/RetroTerminal";
    | ^^^^^^^^^^^^^^^^^^^^^^^^^^^^^^^^^^^^^^^^^^^^^^^^^^^^^^^
  6 | import { getAllSkills } from "@/lib/skills";
  7 | import { isValidLocale, type Locale } from "@/i18n/config";
  8 | import { getDictionary } from "@/i18n/get-dictionary";

Import map: aliased to relative './src/components/RetroTerminal' inside of [project]/Desktop/I-Product/skillhub

https://nextjs.org/docs/messages/module-not-found @ http://localhost:3000/_next/static/chunks/c2fc1_next_dist_03d21e83._.js:3127
[  112682ms] [ERROR] ./Desktop/I-Product/skillhub/src/app/[locale]/page.tsx:5:1
Module not found: Can't resolve '@/components/RetroTerminal'
  3 | import SkillGrid from "@/components/SkillGrid";
  4 | import RetroComputer from "@/components/RetroComputer";
> 5 | import RetroTerminal from "@/components/RetroTerminal";
    | ^^^^^^^^^^^^^^^^^^^^^^^^^^^^^^^^^^^^^^^^^^^^^^^^^^^^^^^
  6 | import { getAllSkills } from "@/lib/skills";
  7 | import { isValidLocale, type Locale } from "@/i18n/config";
  8 | import { getDictionary } from "@/i18n/get-dictionary";

Import map: aliased to relative './src/components/RetroTerminal' inside of [project]/Desktop/I-Product/skillhub

https://nextjs.org/docs/messages/module-not-found @ http://localhost:3000/_next/static/chunks/c2fc1_next_dist_03d21e83._.js:3127
[  112732ms] [ERROR] ./Desktop/I-Product/skillhub/src/app/[locale]/page.tsx:5:1
Module not found: Can't resolve '@/components/RetroTerminal'
  3 | import SkillGrid from "@/components/SkillGrid";
  4 | import RetroComputer from "@/components/RetroComputer";
> 5 | import RetroTerminal from "@/components/RetroTerminal";
    | ^^^^^^^^^^^^^^^^^^^^^^^^^^^^^^^^^^^^^^^^^^^^^^^^^^^^^^^
  6 | import { getAllSkills } from "@/lib/skills";
  7 | import { isValidLocale, type Locale } from "@/i18n/config";
  8 | import { getDictionary } from "@/i18n/get-dictionary";

Import map: aliased to relative './src/components/RetroTerminal' inside of [project]/Desktop/I-Product/skillhub

https://nextjs.org/docs/messages/module-not-found @ http://localhost:3000/_next/static/chunks/c2fc1_next_dist_03d21e83._.js:3127
[  112782ms] [ERROR] ./Desktop/I-Product/skillhub/src/app/[locale]/page.tsx:5:1
Module not found: Can't resolve '@/components/RetroTerminal'
  3 | import SkillGrid from "@/components/SkillGrid";
  4 | import RetroComputer from "@/components/RetroComputer";
> 5 | import RetroTerminal from "@/components/RetroTerminal";
    | ^^^^^^^^^^^^^^^^^^^^^^^^^^^^^^^^^^^^^^^^^^^^^^^^^^^^^^^
  6 | import { getAllSkills } from "@/lib/skills";
  7 | import { isValidLocale, type Locale } from "@/i18n/config";
  8 | import { getDictionary } from "@/i18n/get-dictionary";

Import map: aliased to relative './src/components/RetroTerminal' inside of [project]/Desktop/I-Product/skillhub

https://nextjs.org/docs/messages/module-not-found @ http://localhost:3000/_next/static/chunks/c2fc1_next_dist_03d21e83._.js:3127
[  112831ms] [ERROR] ./Desktop/I-Product/skillhub/src/app/[locale]/page.tsx:5:1
Module not found: Can't resolve '@/components/RetroTerminal'
  3 | import SkillGrid from "@/components/SkillGrid";
  4 | import RetroComputer from "@/components/RetroComputer";
> 5 | import RetroTerminal from "@/components/RetroTerminal";
    | ^^^^^^^^^^^^^^^^^^^^^^^^^^^^^^^^^^^^^^^^^^^^^^^^^^^^^^^
  6 | import { getAllSkills } from "@/lib/skills";
  7 | import { isValidLocale, type Locale } from "@/i18n/config";
  8 | import { getDictionary } from "@/i18n/get-dictionary";

Import map: aliased to relative './src/components/RetroTerminal' inside of [project]/Desktop/I-Product/skillhub

https://nextjs.org/docs/messages/module-not-found @ http://localhost:3000/_next/static/chunks/c2fc1_next_dist_03d21e83._.js:3127
[  112881ms] [ERROR] ./Desktop/I-Product/skillhub/src/app/[locale]/page.tsx:5:1
Module not found: Can't resolve '@/components/RetroTerminal'
  3 | import SkillGrid from "@/components/SkillGrid";
  4 | import RetroComputer from "@/components/RetroComputer";
> 5 | import RetroTerminal from "@/components/RetroTerminal";
    | ^^^^^^^^^^^^^^^^^^^^^^^^^^^^^^^^^^^^^^^^^^^^^^^^^^^^^^^
  6 | import { getAllSkills } from "@/lib/skills";
  7 | import { isValidLocale, type Locale } from "@/i18n/config";
  8 | import { getDictionary } from "@/i18n/get-dictionary";

Import map: aliased to relative './src/components/RetroTerminal' inside of [project]/Desktop/I-Product/skillhub

https://nextjs.org/docs/messages/module-not-found @ http://localhost:3000/_next/static/chunks/c2fc1_next_dist_03d21e83._.js:3127
[  112931ms] [ERROR] ./Desktop/I-Product/skillhub/src/app/[locale]/page.tsx:5:1
Module not found: Can't resolve '@/components/RetroTerminal'
  3 | import SkillGrid from "@/components/SkillGrid";
  4 | import RetroComputer from "@/components/RetroComputer";
> 5 | import RetroTerminal from "@/components/RetroTerminal";
    | ^^^^^^^^^^^^^^^^^^^^^^^^^^^^^^^^^^^^^^^^^^^^^^^^^^^^^^^
  6 | import { getAllSkills } from "@/lib/skills";
  7 | import { isValidLocale, type Locale } from "@/i18n/config";
  8 | import { getDictionary } from "@/i18n/get-dictionary";

Import map: aliased to relative './src/components/RetroTerminal' inside of [project]/Desktop/I-Product/skillhub

https://nextjs.org/docs/messages/module-not-found @ http://localhost:3000/_next/static/chunks/c2fc1_next_dist_03d21e83._.js:3127
[  112982ms] [ERROR] ./Desktop/I-Product/skillhub/src/app/[locale]/page.tsx:5:1
Module not found: Can't resolve '@/components/RetroTerminal'
  3 | import SkillGrid from "@/components/SkillGrid";
  4 | import RetroComputer from "@/components/RetroComputer";
> 5 | import RetroTerminal from "@/components/RetroTerminal";
    | ^^^^^^^^^^^^^^^^^^^^^^^^^^^^^^^^^^^^^^^^^^^^^^^^^^^^^^^
  6 | import { getAllSkills } from "@/lib/skills";
  7 | import { isValidLocale, type Locale } from "@/i18n/config";
  8 | import { getDictionary } from "@/i18n/get-dictionary";

Import map: aliased to relative './src/components/RetroTerminal' inside of [project]/Desktop/I-Product/skillhub

https://nextjs.org/docs/messages/module-not-found @ http://localhost:3000/_next/static/chunks/c2fc1_next_dist_03d21e83._.js:3127
[  113032ms] [ERROR] ./Desktop/I-Product/skillhub/src/app/[locale]/page.tsx:5:1
Module not found: Can't resolve '@/components/RetroTerminal'
  3 | import SkillGrid from "@/components/SkillGrid";
  4 | import RetroComputer from "@/components/RetroComputer";
> 5 | import RetroTerminal from "@/components/RetroTerminal";
    | ^^^^^^^^^^^^^^^^^^^^^^^^^^^^^^^^^^^^^^^^^^^^^^^^^^^^^^^
  6 | import { getAllSkills } from "@/lib/skills";
  7 | import { isValidLocale, type Locale } from "@/i18n/config";
  8 | import { getDictionary } from "@/i18n/get-dictionary";

Import map: aliased to relative './src/components/RetroTerminal' inside of [project]/Desktop/I-Product/skillhub

https://nextjs.org/docs/messages/module-not-found @ http://localhost:3000/_next/static/chunks/c2fc1_next_dist_03d21e83._.js:3127
[  113082ms] [ERROR] ./Desktop/I-Product/skillhub/src/app/[locale]/page.tsx:5:1
Module not found: Can't resolve '@/components/RetroTerminal'
  3 | import SkillGrid from "@/components/SkillGrid";
  4 | import RetroComputer from "@/components/RetroComputer";
> 5 | import RetroTerminal from "@/components/RetroTerminal";
    | ^^^^^^^^^^^^^^^^^^^^^^^^^^^^^^^^^^^^^^^^^^^^^^^^^^^^^^^
  6 | import { getAllSkills } from "@/lib/skills";
  7 | import { isValidLocale, type Locale } from "@/i18n/config";
  8 | import { getDictionary } from "@/i18n/get-dictionary";

Import map: aliased to relative './src/components/RetroTerminal' inside of [project]/Desktop/I-Product/skillhub

https://nextjs.org/docs/messages/module-not-found @ http://localhost:3000/_next/static/chunks/c2fc1_next_dist_03d21e83._.js:3127
[  113133ms] [ERROR] ./Desktop/I-Product/skillhub/src/app/[locale]/page.tsx:5:1
Module not found: Can't resolve '@/components/RetroTerminal'
  3 | import SkillGrid from "@/components/SkillGrid";
  4 | import RetroComputer from "@/components/RetroComputer";
> 5 | import RetroTerminal from "@/components/RetroTerminal";
    | ^^^^^^^^^^^^^^^^^^^^^^^^^^^^^^^^^^^^^^^^^^^^^^^^^^^^^^^
  6 | import { getAllSkills } from "@/lib/skills";
  7 | import { isValidLocale, type Locale } from "@/i18n/config";
  8 | import { getDictionary } from "@/i18n/get-dictionary";

Import map: aliased to relative './src/components/RetroTerminal' inside of [project]/Desktop/I-Product/skillhub

https://nextjs.org/docs/messages/module-not-found @ http://localhost:3000/_next/static/chunks/c2fc1_next_dist_03d21e83._.js:3127
[  113183ms] [ERROR] ./Desktop/I-Product/skillhub/src/app/[locale]/page.tsx:5:1
Module not found: Can't resolve '@/components/RetroTerminal'
  3 | import SkillGrid from "@/components/SkillGrid";
  4 | import RetroComputer from "@/components/RetroComputer";
> 5 | import RetroTerminal from "@/components/RetroTerminal";
    | ^^^^^^^^^^^^^^^^^^^^^^^^^^^^^^^^^^^^^^^^^^^^^^^^^^^^^^^
  6 | import { getAllSkills } from "@/lib/skills";
  7 | import { isValidLocale, type Locale } from "@/i18n/config";
  8 | import { getDictionary } from "@/i18n/get-dictionary";

Import map: aliased to relative './src/components/RetroTerminal' inside of [project]/Desktop/I-Product/skillhub

https://nextjs.org/docs/messages/module-not-found @ http://localhost:3000/_next/static/chunks/c2fc1_next_dist_03d21e83._.js:3127
[  113232ms] [ERROR] ./Desktop/I-Product/skillhub/src/app/[locale]/page.tsx:5:1
Module not found: Can't resolve '@/components/RetroTerminal'
  3 | import SkillGrid from "@/components/SkillGrid";
  4 | import RetroComputer from "@/components/RetroComputer";
> 5 | import RetroTerminal from "@/components/RetroTerminal";
    | ^^^^^^^^^^^^^^^^^^^^^^^^^^^^^^^^^^^^^^^^^^^^^^^^^^^^^^^
  6 | import { getAllSkills } from "@/lib/skills";
  7 | import { isValidLocale, type Locale } from "@/i18n/config";
  8 | import { getDictionary } from "@/i18n/get-dictionary";

Import map: aliased to relative './src/components/RetroTerminal' inside of [project]/Desktop/I-Product/skillhub

https://nextjs.org/docs/messages/module-not-found @ http://localhost:3000/_next/static/chunks/c2fc1_next_dist_03d21e83._.js:3127
[  113286ms] [ERROR] ./Desktop/I-Product/skillhub/src/app/[locale]/page.tsx:5:1
Module not found: Can't resolve '@/components/RetroTerminal'
  3 | import SkillGrid from "@/components/SkillGrid";
  4 | import RetroComputer from "@/components/RetroComputer";
> 5 | import RetroTerminal from "@/components/RetroTerminal";
    | ^^^^^^^^^^^^^^^^^^^^^^^^^^^^^^^^^^^^^^^^^^^^^^^^^^^^^^^
  6 | import { getAllSkills } from "@/lib/skills";
  7 | import { isValidLocale, type Locale } from "@/i18n/config";
  8 | import { getDictionary } from "@/i18n/get-dictionary";

Import map: aliased to relative './src/components/RetroTerminal' inside of [project]/Desktop/I-Product/skillhub

https://nextjs.org/docs/messages/module-not-found @ http://localhost:3000/_next/static/chunks/c2fc1_next_dist_03d21e83._.js:3127
[  113336ms] [ERROR] ./Desktop/I-Product/skillhub/src/app/[locale]/page.tsx:5:1
Module not found: Can't resolve '@/components/RetroTerminal'
  3 | import SkillGrid from "@/components/SkillGrid";
  4 | import RetroComputer from "@/components/RetroComputer";
> 5 | import RetroTerminal from "@/components/RetroTerminal";
    | ^^^^^^^^^^^^^^^^^^^^^^^^^^^^^^^^^^^^^^^^^^^^^^^^^^^^^^^
  6 | import { getAllSkills } from "@/lib/skills";
  7 | import { isValidLocale, type Locale } from "@/i18n/config";
  8 | import { getDictionary } from "@/i18n/get-dictionary";

Import map: aliased to relative './src/components/RetroTerminal' inside of [project]/Desktop/I-Product/skillhub

https://nextjs.org/docs/messages/module-not-found @ http://localhost:3000/_next/static/chunks/c2fc1_next_dist_03d21e83._.js:3127
[  113386ms] [ERROR] ./Desktop/I-Product/skillhub/src/app/[locale]/page.tsx:5:1
Module not found: Can't resolve '@/components/RetroTerminal'
  3 | import SkillGrid from "@/components/SkillGrid";
  4 | import RetroComputer from "@/components/RetroComputer";
> 5 | import RetroTerminal from "@/components/RetroTerminal";
    | ^^^^^^^^^^^^^^^^^^^^^^^^^^^^^^^^^^^^^^^^^^^^^^^^^^^^^^^
  6 | import { getAllSkills } from "@/lib/skills";
  7 | import { isValidLocale, type Locale } from "@/i18n/config";
  8 | import { getDictionary } from "@/i18n/get-dictionary";

Import map: aliased to relative './src/components/RetroTerminal' inside of [project]/Desktop/I-Product/skillhub

https://nextjs.org/docs/messages/module-not-found @ http://localhost:3000/_next/static/chunks/c2fc1_next_dist_03d21e83._.js:3127
[  113437ms] [ERROR] ./Desktop/I-Product/skillhub/src/app/[locale]/page.tsx:5:1
Module not found: Can't resolve '@/components/RetroTerminal'
  3 | import SkillGrid from "@/components/SkillGrid";
  4 | import RetroComputer from "@/components/RetroComputer";
> 5 | import RetroTerminal from "@/components/RetroTerminal";
    | ^^^^^^^^^^^^^^^^^^^^^^^^^^^^^^^^^^^^^^^^^^^^^^^^^^^^^^^
  6 | import { getAllSkills } from "@/lib/skills";
  7 | import { isValidLocale, type Locale } from "@/i18n/config";
  8 | import { getDictionary } from "@/i18n/get-dictionary";

Import map: aliased to relative './src/components/RetroTerminal' inside of [project]/Desktop/I-Product/skillhub

https://nextjs.org/docs/messages/module-not-found @ http://localhost:3000/_next/static/chunks/c2fc1_next_dist_03d21e83._.js:3127
[  113488ms] [ERROR] ./Desktop/I-Product/skillhub/src/app/[locale]/page.tsx:5:1
Module not found: Can't resolve '@/components/RetroTerminal'
  3 | import SkillGrid from "@/components/SkillGrid";
  4 | import RetroComputer from "@/components/RetroComputer";
> 5 | import RetroTerminal from "@/components/RetroTerminal";
    | ^^^^^^^^^^^^^^^^^^^^^^^^^^^^^^^^^^^^^^^^^^^^^^^^^^^^^^^
  6 | import { getAllSkills } from "@/lib/skills";
  7 | import { isValidLocale, type Locale } from "@/i18n/config";
  8 | import { getDictionary } from "@/i18n/get-dictionary";

Import map: aliased to relative './src/components/RetroTerminal' inside of [project]/Desktop/I-Product/skillhub

https://nextjs.org/docs/messages/module-not-found @ http://localhost:3000/_next/static/chunks/c2fc1_next_dist_03d21e83._.js:3127
[  113536ms] [ERROR] ./Desktop/I-Product/skillhub/src/app/[locale]/page.tsx:5:1
Module not found: Can't resolve '@/components/RetroTerminal'
  3 | import SkillGrid from "@/components/SkillGrid";
  4 | import RetroComputer from "@/components/RetroComputer";
> 5 | import RetroTerminal from "@/components/RetroTerminal";
    | ^^^^^^^^^^^^^^^^^^^^^^^^^^^^^^^^^^^^^^^^^^^^^^^^^^^^^^^
  6 | import { getAllSkills } from "@/lib/skills";
  7 | import { isValidLocale, type Locale } from "@/i18n/config";
  8 | import { getDictionary } from "@/i18n/get-dictionary";

Import map: aliased to relative './src/components/RetroTerminal' inside of [project]/Desktop/I-Product/skillhub

https://nextjs.org/docs/messages/module-not-found @ http://localhost:3000/_next/static/chunks/c2fc1_next_dist_03d21e83._.js:3127
[  113585ms] [ERROR] ./Desktop/I-Product/skillhub/src/app/[locale]/page.tsx:5:1
Module not found: Can't resolve '@/components/RetroTerminal'
  3 | import SkillGrid from "@/components/SkillGrid";
  4 | import RetroComputer from "@/components/RetroComputer";
> 5 | import RetroTerminal from "@/components/RetroTerminal";
    | ^^^^^^^^^^^^^^^^^^^^^^^^^^^^^^^^^^^^^^^^^^^^^^^^^^^^^^^
  6 | import { getAllSkills } from "@/lib/skills";
  7 | import { isValidLocale, type Locale } from "@/i18n/config";
  8 | import { getDictionary } from "@/i18n/get-dictionary";

Import map: aliased to relative './src/components/RetroTerminal' inside of [project]/Desktop/I-Product/skillhub

https://nextjs.org/docs/messages/module-not-found @ http://localhost:3000/_next/static/chunks/c2fc1_next_dist_03d21e83._.js:3127
[  113637ms] [ERROR] ./Desktop/I-Product/skillhub/src/app/[locale]/page.tsx:5:1
Module not found: Can't resolve '@/components/RetroTerminal'
  3 | import SkillGrid from "@/components/SkillGrid";
  4 | import RetroComputer from "@/components/RetroComputer";
> 5 | import RetroTerminal from "@/components/RetroTerminal";
    | ^^^^^^^^^^^^^^^^^^^^^^^^^^^^^^^^^^^^^^^^^^^^^^^^^^^^^^^
  6 | import { getAllSkills } from "@/lib/skills";
  7 | import { isValidLocale, type Locale } from "@/i18n/config";
  8 | import { getDictionary } from "@/i18n/get-dictionary";

Import map: aliased to relative './src/components/RetroTerminal' inside of [project]/Desktop/I-Product/skillhub

https://nextjs.org/docs/messages/module-not-found @ http://localhost:3000/_next/static/chunks/c2fc1_next_dist_03d21e83._.js:3127
[  113688ms] [ERROR] ./Desktop/I-Product/skillhub/src/app/[locale]/page.tsx:5:1
Module not found: Can't resolve '@/components/RetroTerminal'
  3 | import SkillGrid from "@/components/SkillGrid";
  4 | import RetroComputer from "@/components/RetroComputer";
> 5 | import RetroTerminal from "@/components/RetroTerminal";
    | ^^^^^^^^^^^^^^^^^^^^^^^^^^^^^^^^^^^^^^^^^^^^^^^^^^^^^^^
  6 | import { getAllSkills } from "@/lib/skills";
  7 | import { isValidLocale, type Locale } from "@/i18n/config";
  8 | import { getDictionary } from "@/i18n/get-dictionary";

Import map: aliased to relative './src/components/RetroTerminal' inside of [project]/Desktop/I-Product/skillhub

https://nextjs.org/docs/messages/module-not-found @ http://localhost:3000/_next/static/chunks/c2fc1_next_dist_03d21e83._.js:3127
[  113740ms] [ERROR] ./Desktop/I-Product/skillhub/src/app/[locale]/page.tsx:5:1
Module not found: Can't resolve '@/components/RetroTerminal'
  3 | import SkillGrid from "@/components/SkillGrid";
  4 | import RetroComputer from "@/components/RetroComputer";
> 5 | import RetroTerminal from "@/components/RetroTerminal";
    | ^^^^^^^^^^^^^^^^^^^^^^^^^^^^^^^^^^^^^^^^^^^^^^^^^^^^^^^
  6 | import { getAllSkills } from "@/lib/skills";
  7 | import { isValidLocale, type Locale } from "@/i18n/config";
  8 | import { getDictionary } from "@/i18n/get-dictionary";

Import map: aliased to relative './src/components/RetroTerminal' inside of [project]/Desktop/I-Product/skillhub

https://nextjs.org/docs/messages/module-not-found @ http://localhost:3000/_next/static/chunks/c2fc1_next_dist_03d21e83._.js:3127
[  113819ms] [ERROR] ./Desktop/I-Product/skillhub/src/app/[locale]/page.tsx:5:1
Module not found: Can't resolve '@/components/RetroTerminal'
  3 | import SkillGrid from "@/components/SkillGrid";
  4 | import RetroComputer from "@/components/RetroComputer";
> 5 | import RetroTerminal from "@/components/RetroTerminal";
    | ^^^^^^^^^^^^^^^^^^^^^^^^^^^^^^^^^^^^^^^^^^^^^^^^^^^^^^^
  6 | import { getAllSkills } from "@/lib/skills";
  7 | import { isValidLocale, type Locale } from "@/i18n/config";
  8 | import { getDictionary } from "@/i18n/get-dictionary";

Import map: aliased to relative './src/components/RetroTerminal' inside of [project]/Desktop/I-Product/skillhub

https://nextjs.org/docs/messages/module-not-found @ http://localhost:3000/_next/static/chunks/c2fc1_next_dist_03d21e83._.js:3127
[  113873ms] [ERROR] ./Desktop/I-Product/skillhub/src/app/[locale]/page.tsx:5:1
Module not found: Can't resolve '@/components/RetroTerminal'
  3 | import SkillGrid from "@/components/SkillGrid";
  4 | import RetroComputer from "@/components/RetroComputer";
> 5 | import RetroTerminal from "@/components/RetroTerminal";
    | ^^^^^^^^^^^^^^^^^^^^^^^^^^^^^^^^^^^^^^^^^^^^^^^^^^^^^^^
  6 | import { getAllSkills } from "@/lib/skills";
  7 | import { isValidLocale, type Locale } from "@/i18n/config";
  8 | import { getDictionary } from "@/i18n/get-dictionary";

Import map: aliased to relative './src/components/RetroTerminal' inside of [project]/Desktop/I-Product/skillhub

https://nextjs.org/docs/messages/module-not-found @ http://localhost:3000/_next/static/chunks/c2fc1_next_dist_03d21e83._.js:3127
[  113921ms] [ERROR] ./Desktop/I-Product/skillhub/src/app/[locale]/page.tsx:5:1
Module not found: Can't resolve '@/components/RetroTerminal'
  3 | import SkillGrid from "@/components/SkillGrid";
  4 | import RetroComputer from "@/components/RetroComputer";
> 5 | import RetroTerminal from "@/components/RetroTerminal";
    | ^^^^^^^^^^^^^^^^^^^^^^^^^^^^^^^^^^^^^^^^^^^^^^^^^^^^^^^
  6 | import { getAllSkills } from "@/lib/skills";
  7 | import { isValidLocale, type Locale } from "@/i18n/config";
  8 | import { getDictionary } from "@/i18n/get-dictionary";

Import map: aliased to relative './src/components/RetroTerminal' inside of [project]/Desktop/I-Product/skillhub

https://nextjs.org/docs/messages/module-not-found @ http://localhost:3000/_next/static/chunks/c2fc1_next_dist_03d21e83._.js:3127
[  113973ms] [ERROR] ./Desktop/I-Product/skillhub/src/app/[locale]/page.tsx:5:1
Module not found: Can't resolve '@/components/RetroTerminal'
  3 | import SkillGrid from "@/components/SkillGrid";
  4 | import RetroComputer from "@/components/RetroComputer";
> 5 | import RetroTerminal from "@/components/RetroTerminal";
    | ^^^^^^^^^^^^^^^^^^^^^^^^^^^^^^^^^^^^^^^^^^^^^^^^^^^^^^^
  6 | import { getAllSkills } from "@/lib/skills";
  7 | import { isValidLocale, type Locale } from "@/i18n/config";
  8 | import { getDictionary } from "@/i18n/get-dictionary";

Import map: aliased to relative './src/components/RetroTerminal' inside of [project]/Desktop/I-Product/skillhub

https://nextjs.org/docs/messages/module-not-found @ http://localhost:3000/_next/static/chunks/c2fc1_next_dist_03d21e83._.js:3127
[  114022ms] [ERROR] ./Desktop/I-Product/skillhub/src/app/[locale]/page.tsx:5:1
Module not found: Can't resolve '@/components/RetroTerminal'
  3 | import SkillGrid from "@/components/SkillGrid";
  4 | import RetroComputer from "@/components/RetroComputer";
> 5 | import RetroTerminal from "@/components/RetroTerminal";
    | ^^^^^^^^^^^^^^^^^^^^^^^^^^^^^^^^^^^^^^^^^^^^^^^^^^^^^^^
  6 | import { getAllSkills } from "@/lib/skills";
  7 | import { isValidLocale, type Locale } from "@/i18n/config";
  8 | import { getDictionary } from "@/i18n/get-dictionary";

Import map: aliased to relative './src/components/RetroTerminal' inside of [project]/Desktop/I-Product/skillhub

https://nextjs.org/docs/messages/module-not-found @ http://localhost:3000/_next/static/chunks/c2fc1_next_dist_03d21e83._.js:3127
[  114080ms] [ERROR] ./Desktop/I-Product/skillhub/src/app/[locale]/page.tsx:5:1
Module not found: Can't resolve '@/components/RetroTerminal'
  3 | import SkillGrid from "@/components/SkillGrid";
  4 | import RetroComputer from "@/components/RetroComputer";
> 5 | import RetroTerminal from "@/components/RetroTerminal";
    | ^^^^^^^^^^^^^^^^^^^^^^^^^^^^^^^^^^^^^^^^^^^^^^^^^^^^^^^
  6 | import { getAllSkills } from "@/lib/skills";
  7 | import { isValidLocale, type Locale } from "@/i18n/config";
  8 | import { getDictionary } from "@/i18n/get-dictionary";

Import map: aliased to relative './src/components/RetroTerminal' inside of [project]/Desktop/I-Product/skillhub

https://nextjs.org/docs/messages/module-not-found @ http://localhost:3000/_next/static/chunks/c2fc1_next_dist_03d21e83._.js:3127
[  114132ms] [ERROR] ./Desktop/I-Product/skillhub/src/app/[locale]/page.tsx:5:1
Module not found: Can't resolve '@/components/RetroTerminal'
  3 | import SkillGrid from "@/components/SkillGrid";
  4 | import RetroComputer from "@/components/RetroComputer";
> 5 | import RetroTerminal from "@/components/RetroTerminal";
    | ^^^^^^^^^^^^^^^^^^^^^^^^^^^^^^^^^^^^^^^^^^^^^^^^^^^^^^^
  6 | import { getAllSkills } from "@/lib/skills";
  7 | import { isValidLocale, type Locale } from "@/i18n/config";
  8 | import { getDictionary } from "@/i18n/get-dictionary";

Import map: aliased to relative './src/components/RetroTerminal' inside of [project]/Desktop/I-Product/skillhub

https://nextjs.org/docs/messages/module-not-found @ http://localhost:3000/_next/static/chunks/c2fc1_next_dist_03d21e83._.js:3127
[  114182ms] [ERROR] ./Desktop/I-Product/skillhub/src/app/[locale]/page.tsx:5:1
Module not found: Can't resolve '@/components/RetroTerminal'
  3 | import SkillGrid from "@/components/SkillGrid";
  4 | import RetroComputer from "@/components/RetroComputer";
> 5 | import RetroTerminal from "@/components/RetroTerminal";
    | ^^^^^^^^^^^^^^^^^^^^^^^^^^^^^^^^^^^^^^^^^^^^^^^^^^^^^^^
  6 | import { getAllSkills } from "@/lib/skills";
  7 | import { isValidLocale, type Locale } from "@/i18n/config";
  8 | import { getDictionary } from "@/i18n/get-dictionary";

Import map: aliased to relative './src/components/RetroTerminal' inside of [project]/Desktop/I-Product/skillhub

https://nextjs.org/docs/messages/module-not-found @ http://localhost:3000/_next/static/chunks/c2fc1_next_dist_03d21e83._.js:3127
[  114222ms] [ERROR] ./Desktop/I-Product/skillhub/src/app/[locale]/page.tsx:5:1
Module not found: Can't resolve '@/components/RetroTerminal'
  3 | import SkillGrid from "@/components/SkillGrid";
  4 | import RetroComputer from "@/components/RetroComputer";
> 5 | import RetroTerminal from "@/components/RetroTerminal";
    | ^^^^^^^^^^^^^^^^^^^^^^^^^^^^^^^^^^^^^^^^^^^^^^^^^^^^^^^
  6 | import { getAllSkills } from "@/lib/skills";
  7 | import { isValidLocale, type Locale } from "@/i18n/config";
  8 | import { getDictionary } from "@/i18n/get-dictionary";

Import map: aliased to relative './src/components/RetroTerminal' inside of [project]/Desktop/I-Product/skillhub

https://nextjs.org/docs/messages/module-not-found @ http://localhost:3000/_next/static/chunks/c2fc1_next_dist_03d21e83._.js:3127
[  114270ms] [ERROR] ./Desktop/I-Product/skillhub/src/app/[locale]/page.tsx:5:1
Module not found: Can't resolve '@/components/RetroTerminal'
  3 | import SkillGrid from "@/components/SkillGrid";
  4 | import RetroComputer from "@/components/RetroComputer";
> 5 | import RetroTerminal from "@/components/RetroTerminal";
    | ^^^^^^^^^^^^^^^^^^^^^^^^^^^^^^^^^^^^^^^^^^^^^^^^^^^^^^^
  6 | import { getAllSkills } from "@/lib/skills";
  7 | import { isValidLocale, type Locale } from "@/i18n/config";
  8 | import { getDictionary } from "@/i18n/get-dictionary";

Import map: aliased to relative './src/components/RetroTerminal' inside of [project]/Desktop/I-Product/skillhub

https://nextjs.org/docs/messages/module-not-found @ http://localhost:3000/_next/static/chunks/c2fc1_next_dist_03d21e83._.js:3127
[  114321ms] [ERROR] ./Desktop/I-Product/skillhub/src/app/[locale]/page.tsx:5:1
Module not found: Can't resolve '@/components/RetroTerminal'
  3 | import SkillGrid from "@/components/SkillGrid";
  4 | import RetroComputer from "@/components/RetroComputer";
> 5 | import RetroTerminal from "@/components/RetroTerminal";
    | ^^^^^^^^^^^^^^^^^^^^^^^^^^^^^^^^^^^^^^^^^^^^^^^^^^^^^^^
  6 | import { getAllSkills } from "@/lib/skills";
  7 | import { isValidLocale, type Locale } from "@/i18n/config";
  8 | import { getDictionary } from "@/i18n/get-dictionary";

Import map: aliased to relative './src/components/RetroTerminal' inside of [project]/Desktop/I-Product/skillhub

https://nextjs.org/docs/messages/module-not-found @ http://localhost:3000/_next/static/chunks/c2fc1_next_dist_03d21e83._.js:3127
[  114370ms] [ERROR] ./Desktop/I-Product/skillhub/src/app/[locale]/page.tsx:5:1
Module not found: Can't resolve '@/components/RetroTerminal'
  3 | import SkillGrid from "@/components/SkillGrid";
  4 | import RetroComputer from "@/components/RetroComputer";
> 5 | import RetroTerminal from "@/components/RetroTerminal";
    | ^^^^^^^^^^^^^^^^^^^^^^^^^^^^^^^^^^^^^^^^^^^^^^^^^^^^^^^
  6 | import { getAllSkills } from "@/lib/skills";
  7 | import { isValidLocale, type Locale } from "@/i18n/config";
  8 | import { getDictionary } from "@/i18n/get-dictionary";

Import map: aliased to relative './src/components/RetroTerminal' inside of [project]/Desktop/I-Product/skillhub

https://nextjs.org/docs/messages/module-not-found @ http://localhost:3000/_next/static/chunks/c2fc1_next_dist_03d21e83._.js:3127
[  114418ms] [ERROR] ./Desktop/I-Product/skillhub/src/app/[locale]/page.tsx:5:1
Module not found: Can't resolve '@/components/RetroTerminal'
  3 | import SkillGrid from "@/components/SkillGrid";
  4 | import RetroComputer from "@/components/RetroComputer";
> 5 | import RetroTerminal from "@/components/RetroTerminal";
    | ^^^^^^^^^^^^^^^^^^^^^^^^^^^^^^^^^^^^^^^^^^^^^^^^^^^^^^^
  6 | import { getAllSkills } from "@/lib/skills";
  7 | import { isValidLocale, type Locale } from "@/i18n/config";
  8 | import { getDictionary } from "@/i18n/get-dictionary";

Import map: aliased to relative './src/components/RetroTerminal' inside of [project]/Desktop/I-Product/skillhub

https://nextjs.org/docs/messages/module-not-found @ http://localhost:3000/_next/static/chunks/c2fc1_next_dist_03d21e83._.js:3127
[  114469ms] [ERROR] ./Desktop/I-Product/skillhub/src/app/[locale]/page.tsx:5:1
Module not found: Can't resolve '@/components/RetroTerminal'
  3 | import SkillGrid from "@/components/SkillGrid";
  4 | import RetroComputer from "@/components/RetroComputer";
> 5 | import RetroTerminal from "@/components/RetroTerminal";
    | ^^^^^^^^^^^^^^^^^^^^^^^^^^^^^^^^^^^^^^^^^^^^^^^^^^^^^^^
  6 | import { getAllSkills } from "@/lib/skills";
  7 | import { isValidLocale, type Locale } from "@/i18n/config";
  8 | import { getDictionary } from "@/i18n/get-dictionary";

Import map: aliased to relative './src/components/RetroTerminal' inside of [project]/Desktop/I-Product/skillhub

https://nextjs.org/docs/messages/module-not-found @ http://localhost:3000/_next/static/chunks/c2fc1_next_dist_03d21e83._.js:3127
[  114518ms] [ERROR] ./Desktop/I-Product/skillhub/src/app/[locale]/page.tsx:5:1
Module not found: Can't resolve '@/components/RetroTerminal'
  3 | import SkillGrid from "@/components/SkillGrid";
  4 | import RetroComputer from "@/components/RetroComputer";
> 5 | import RetroTerminal from "@/components/RetroTerminal";
    | ^^^^^^^^^^^^^^^^^^^^^^^^^^^^^^^^^^^^^^^^^^^^^^^^^^^^^^^
  6 | import { getAllSkills } from "@/lib/skills";
  7 | import { isValidLocale, type Locale } from "@/i18n/config";
  8 | import { getDictionary } from "@/i18n/get-dictionary";

Import map: aliased to relative './src/components/RetroTerminal' inside of [project]/Desktop/I-Product/skillhub

https://nextjs.org/docs/messages/module-not-found @ http://localhost:3000/_next/static/chunks/c2fc1_next_dist_03d21e83._.js:3127
[  114566ms] [ERROR] ./Desktop/I-Product/skillhub/src/app/[locale]/page.tsx:5:1
Module not found: Can't resolve '@/components/RetroTerminal'
  3 | import SkillGrid from "@/components/SkillGrid";
  4 | import RetroComputer from "@/components/RetroComputer";
> 5 | import RetroTerminal from "@/components/RetroTerminal";
    | ^^^^^^^^^^^^^^^^^^^^^^^^^^^^^^^^^^^^^^^^^^^^^^^^^^^^^^^
  6 | import { getAllSkills } from "@/lib/skills";
  7 | import { isValidLocale, type Locale } from "@/i18n/config";
  8 | import { getDictionary } from "@/i18n/get-dictionary";

Import map: aliased to relative './src/components/RetroTerminal' inside of [project]/Desktop/I-Product/skillhub

https://nextjs.org/docs/messages/module-not-found @ http://localhost:3000/_next/static/chunks/c2fc1_next_dist_03d21e83._.js:3127
[  114617ms] [ERROR] ./Desktop/I-Product/skillhub/src/app/[locale]/page.tsx:5:1
Module not found: Can't resolve '@/components/RetroTerminal'
  3 | import SkillGrid from "@/components/SkillGrid";
  4 | import RetroComputer from "@/components/RetroComputer";
> 5 | import RetroTerminal from "@/components/RetroTerminal";
    | ^^^^^^^^^^^^^^^^^^^^^^^^^^^^^^^^^^^^^^^^^^^^^^^^^^^^^^^
  6 | import { getAllSkills } from "@/lib/skills";
  7 | import { isValidLocale, type Locale } from "@/i18n/config";
  8 | import { getDictionary } from "@/i18n/get-dictionary";

Import map: aliased to relative './src/components/RetroTerminal' inside of [project]/Desktop/I-Product/skillhub

https://nextjs.org/docs/messages/module-not-found @ http://localhost:3000/_next/static/chunks/c2fc1_next_dist_03d21e83._.js:3127
[  114666ms] [ERROR] ./Desktop/I-Product/skillhub/src/app/[locale]/page.tsx:5:1
Module not found: Can't resolve '@/components/RetroTerminal'
  3 | import SkillGrid from "@/components/SkillGrid";
  4 | import RetroComputer from "@/components/RetroComputer";
> 5 | import RetroTerminal from "@/components/RetroTerminal";
    | ^^^^^^^^^^^^^^^^^^^^^^^^^^^^^^^^^^^^^^^^^^^^^^^^^^^^^^^
  6 | import { getAllSkills } from "@/lib/skills";
  7 | import { isValidLocale, type Locale } from "@/i18n/config";
  8 | import { getDictionary } from "@/i18n/get-dictionary";

Import map: aliased to relative './src/components/RetroTerminal' inside of [project]/Desktop/I-Product/skillhub

https://nextjs.org/docs/messages/module-not-found @ http://localhost:3000/_next/static/chunks/c2fc1_next_dist_03d21e83._.js:3127
[  114715ms] [ERROR] ./Desktop/I-Product/skillhub/src/app/[locale]/page.tsx:5:1
Module not found: Can't resolve '@/components/RetroTerminal'
  3 | import SkillGrid from "@/components/SkillGrid";
  4 | import RetroComputer from "@/components/RetroComputer";
> 5 | import RetroTerminal from "@/components/RetroTerminal";
    | ^^^^^^^^^^^^^^^^^^^^^^^^^^^^^^^^^^^^^^^^^^^^^^^^^^^^^^^
  6 | import { getAllSkills } from "@/lib/skills";
  7 | import { isValidLocale, type Locale } from "@/i18n/config";
  8 | import { getDictionary } from "@/i18n/get-dictionary";

Import map: aliased to relative './src/components/RetroTerminal' inside of [project]/Desktop/I-Product/skillhub

https://nextjs.org/docs/messages/module-not-found @ http://localhost:3000/_next/static/chunks/c2fc1_next_dist_03d21e83._.js:3127
[  114768ms] [ERROR] ./Desktop/I-Product/skillhub/src/app/[locale]/page.tsx:5:1
Module not found: Can't resolve '@/components/RetroTerminal'
  3 | import SkillGrid from "@/components/SkillGrid";
  4 | import RetroComputer from "@/components/RetroComputer";
> 5 | import RetroTerminal from "@/components/RetroTerminal";
    | ^^^^^^^^^^^^^^^^^^^^^^^^^^^^^^^^^^^^^^^^^^^^^^^^^^^^^^^
  6 | import { getAllSkills } from "@/lib/skills";
  7 | import { isValidLocale, type Locale } from "@/i18n/config";
  8 | import { getDictionary } from "@/i18n/get-dictionary";

Import map: aliased to relative './src/components/RetroTerminal' inside of [project]/Desktop/I-Product/skillhub

https://nextjs.org/docs/messages/module-not-found @ http://localhost:3000/_next/static/chunks/c2fc1_next_dist_03d21e83._.js:3127
[  114815ms] [ERROR] ./Desktop/I-Product/skillhub/src/app/[locale]/page.tsx:5:1
Module not found: Can't resolve '@/components/RetroTerminal'
  3 | import SkillGrid from "@/components/SkillGrid";
  4 | import RetroComputer from "@/components/RetroComputer";
> 5 | import RetroTerminal from "@/components/RetroTerminal";
    | ^^^^^^^^^^^^^^^^^^^^^^^^^^^^^^^^^^^^^^^^^^^^^^^^^^^^^^^
  6 | import { getAllSkills } from "@/lib/skills";
  7 | import { isValidLocale, type Locale } from "@/i18n/config";
  8 | import { getDictionary } from "@/i18n/get-dictionary";

Import map: aliased to relative './src/components/RetroTerminal' inside of [project]/Desktop/I-Product/skillhub

https://nextjs.org/docs/messages/module-not-found @ http://localhost:3000/_next/static/chunks/c2fc1_next_dist_03d21e83._.js:3127
[  114866ms] [ERROR] ./Desktop/I-Product/skillhub/src/app/[locale]/page.tsx:5:1
Module not found: Can't resolve '@/components/RetroTerminal'
  3 | import SkillGrid from "@/components/SkillGrid";
  4 | import RetroComputer from "@/components/RetroComputer";
> 5 | import RetroTerminal from "@/components/RetroTerminal";
    | ^^^^^^^^^^^^^^^^^^^^^^^^^^^^^^^^^^^^^^^^^^^^^^^^^^^^^^^
  6 | import { getAllSkills } from "@/lib/skills";
  7 | import { isValidLocale, type Locale } from "@/i18n/config";
  8 | import { getDictionary } from "@/i18n/get-dictionary";

Import map: aliased to relative './src/components/RetroTerminal' inside of [project]/Desktop/I-Product/skillhub

https://nextjs.org/docs/messages/module-not-found @ http://localhost:3000/_next/static/chunks/c2fc1_next_dist_03d21e83._.js:3127
[  114916ms] [ERROR] ./Desktop/I-Product/skillhub/src/app/[locale]/page.tsx:5:1
Module not found: Can't resolve '@/components/RetroTerminal'
  3 | import SkillGrid from "@/components/SkillGrid";
  4 | import RetroComputer from "@/components/RetroComputer";
> 5 | import RetroTerminal from "@/components/RetroTerminal";
    | ^^^^^^^^^^^^^^^^^^^^^^^^^^^^^^^^^^^^^^^^^^^^^^^^^^^^^^^
  6 | import { getAllSkills } from "@/lib/skills";
  7 | import { isValidLocale, type Locale } from "@/i18n/config";
  8 | import { getDictionary } from "@/i18n/get-dictionary";

Import map: aliased to relative './src/components/RetroTerminal' inside of [project]/Desktop/I-Product/skillhub

https://nextjs.org/docs/messages/module-not-found @ http://localhost:3000/_next/static/chunks/c2fc1_next_dist_03d21e83._.js:3127
[  114965ms] [ERROR] ./Desktop/I-Product/skillhub/src/app/[locale]/page.tsx:5:1
Module not found: Can't resolve '@/components/RetroTerminal'
  3 | import SkillGrid from "@/components/SkillGrid";
  4 | import RetroComputer from "@/components/RetroComputer";
> 5 | import RetroTerminal from "@/components/RetroTerminal";
    | ^^^^^^^^^^^^^^^^^^^^^^^^^^^^^^^^^^^^^^^^^^^^^^^^^^^^^^^
  6 | import { getAllSkills } from "@/lib/skills";
  7 | import { isValidLocale, type Locale } from "@/i18n/config";
  8 | import { getDictionary } from "@/i18n/get-dictionary";

Import map: aliased to relative './src/components/RetroTerminal' inside of [project]/Desktop/I-Product/skillhub

https://nextjs.org/docs/messages/module-not-found @ http://localhost:3000/_next/static/chunks/c2fc1_next_dist_03d21e83._.js:3127
[  115016ms] [ERROR] ./Desktop/I-Product/skillhub/src/app/[locale]/page.tsx:5:1
Module not found: Can't resolve '@/components/RetroTerminal'
  3 | import SkillGrid from "@/components/SkillGrid";
  4 | import RetroComputer from "@/components/RetroComputer";
> 5 | import RetroTerminal from "@/components/RetroTerminal";
    | ^^^^^^^^^^^^^^^^^^^^^^^^^^^^^^^^^^^^^^^^^^^^^^^^^^^^^^^
  6 | import { getAllSkills } from "@/lib/skills";
  7 | import { isValidLocale, type Locale } from "@/i18n/config";
  8 | import { getDictionary } from "@/i18n/get-dictionary";

Import map: aliased to relative './src/components/RetroTerminal' inside of [project]/Desktop/I-Product/skillhub

https://nextjs.org/docs/messages/module-not-found @ http://localhost:3000/_next/static/chunks/c2fc1_next_dist_03d21e83._.js:3127
[  115067ms] [ERROR] ./Desktop/I-Product/skillhub/src/app/[locale]/page.tsx:5:1
Module not found: Can't resolve '@/components/RetroTerminal'
  3 | import SkillGrid from "@/components/SkillGrid";
  4 | import RetroComputer from "@/components/RetroComputer";
> 5 | import RetroTerminal from "@/components/RetroTerminal";
    | ^^^^^^^^^^^^^^^^^^^^^^^^^^^^^^^^^^^^^^^^^^^^^^^^^^^^^^^
  6 | import { getAllSkills } from "@/lib/skills";
  7 | import { isValidLocale, type Locale } from "@/i18n/config";
  8 | import { getDictionary } from "@/i18n/get-dictionary";

Import map: aliased to relative './src/components/RetroTerminal' inside of [project]/Desktop/I-Product/skillhub

https://nextjs.org/docs/messages/module-not-found @ http://localhost:3000/_next/static/chunks/c2fc1_next_dist_03d21e83._.js:3127
[  115116ms] [ERROR] ./Desktop/I-Product/skillhub/src/app/[locale]/page.tsx:5:1
Module not found: Can't resolve '@/components/RetroTerminal'
  3 | import SkillGrid from "@/components/SkillGrid";
  4 | import RetroComputer from "@/components/RetroComputer";
> 5 | import RetroTerminal from "@/components/RetroTerminal";
    | ^^^^^^^^^^^^^^^^^^^^^^^^^^^^^^^^^^^^^^^^^^^^^^^^^^^^^^^
  6 | import { getAllSkills } from "@/lib/skills";
  7 | import { isValidLocale, type Locale } from "@/i18n/config";
  8 | import { getDictionary } from "@/i18n/get-dictionary";

Import map: aliased to relative './src/components/RetroTerminal' inside of [project]/Desktop/I-Product/skillhub

https://nextjs.org/docs/messages/module-not-found @ http://localhost:3000/_next/static/chunks/c2fc1_next_dist_03d21e83._.js:3127
[  115166ms] [ERROR] ./Desktop/I-Product/skillhub/src/app/[locale]/page.tsx:5:1
Module not found: Can't resolve '@/components/RetroTerminal'
  3 | import SkillGrid from "@/components/SkillGrid";
  4 | import RetroComputer from "@/components/RetroComputer";
> 5 | import RetroTerminal from "@/components/RetroTerminal";
    | ^^^^^^^^^^^^^^^^^^^^^^^^^^^^^^^^^^^^^^^^^^^^^^^^^^^^^^^
  6 | import { getAllSkills } from "@/lib/skills";
  7 | import { isValidLocale, type Locale } from "@/i18n/config";
  8 | import { getDictionary } from "@/i18n/get-dictionary";

Import map: aliased to relative './src/components/RetroTerminal' inside of [project]/Desktop/I-Product/skillhub

https://nextjs.org/docs/messages/module-not-found @ http://localhost:3000/_next/static/chunks/c2fc1_next_dist_03d21e83._.js:3127
[  115217ms] [ERROR] ./Desktop/I-Product/skillhub/src/app/[locale]/page.tsx:5:1
Module not found: Can't resolve '@/components/RetroTerminal'
  3 | import SkillGrid from "@/components/SkillGrid";
  4 | import RetroComputer from "@/components/RetroComputer";
> 5 | import RetroTerminal from "@/components/RetroTerminal";
    | ^^^^^^^^^^^^^^^^^^^^^^^^^^^^^^^^^^^^^^^^^^^^^^^^^^^^^^^
  6 | import { getAllSkills } from "@/lib/skills";
  7 | import { isValidLocale, type Locale } from "@/i18n/config";
  8 | import { getDictionary } from "@/i18n/get-dictionary";

Import map: aliased to relative './src/components/RetroTerminal' inside of [project]/Desktop/I-Product/skillhub

https://nextjs.org/docs/messages/module-not-found @ http://localhost:3000/_next/static/chunks/c2fc1_next_dist_03d21e83._.js:3127
[  115284ms] [ERROR] ./Desktop/I-Product/skillhub/src/app/[locale]/page.tsx:5:1
Module not found: Can't resolve '@/components/RetroTerminal'
  3 | import SkillGrid from "@/components/SkillGrid";
  4 | import RetroComputer from "@/components/RetroComputer";
> 5 | import RetroTerminal from "@/components/RetroTerminal";
    | ^^^^^^^^^^^^^^^^^^^^^^^^^^^^^^^^^^^^^^^^^^^^^^^^^^^^^^^
  6 | import { getAllSkills } from "@/lib/skills";
  7 | import { isValidLocale, type Locale } from "@/i18n/config";
  8 | import { getDictionary } from "@/i18n/get-dictionary";

Import map: aliased to relative './src/components/RetroTerminal' inside of [project]/Desktop/I-Product/skillhub

https://nextjs.org/docs/messages/module-not-found @ http://localhost:3000/_next/static/chunks/c2fc1_next_dist_03d21e83._.js:3127
[  115351ms] [ERROR] ./Desktop/I-Product/skillhub/src/app/[locale]/page.tsx:5:1
Module not found: Can't resolve '@/components/RetroTerminal'
  3 | import SkillGrid from "@/components/SkillGrid";
  4 | import RetroComputer from "@/components/RetroComputer";
> 5 | import RetroTerminal from "@/components/RetroTerminal";
    | ^^^^^^^^^^^^^^^^^^^^^^^^^^^^^^^^^^^^^^^^^^^^^^^^^^^^^^^
  6 | import { getAllSkills } from "@/lib/skills";
  7 | import { isValidLocale, type Locale } from "@/i18n/config";
  8 | import { getDictionary } from "@/i18n/get-dictionary";

Import map: aliased to relative './src/components/RetroTerminal' inside of [project]/Desktop/I-Product/skillhub

https://nextjs.org/docs/messages/module-not-found @ http://localhost:3000/_next/static/chunks/c2fc1_next_dist_03d21e83._.js:3127
[  115399ms] [ERROR] ./Desktop/I-Product/skillhub/src/app/[locale]/page.tsx:5:1
Module not found: Can't resolve '@/components/RetroTerminal'
  3 | import SkillGrid from "@/components/SkillGrid";
  4 | import RetroComputer from "@/components/RetroComputer";
> 5 | import RetroTerminal from "@/components/RetroTerminal";
    | ^^^^^^^^^^^^^^^^^^^^^^^^^^^^^^^^^^^^^^^^^^^^^^^^^^^^^^^
  6 | import { getAllSkills } from "@/lib/skills";
  7 | import { isValidLocale, type Locale } from "@/i18n/config";
  8 | import { getDictionary } from "@/i18n/get-dictionary";

Import map: aliased to relative './src/components/RetroTerminal' inside of [project]/Desktop/I-Product/skillhub

https://nextjs.org/docs/messages/module-not-found @ http://localhost:3000/_next/static/chunks/c2fc1_next_dist_03d21e83._.js:3127
[  115449ms] [ERROR] ./Desktop/I-Product/skillhub/src/app/[locale]/page.tsx:5:1
Module not found: Can't resolve '@/components/RetroTerminal'
  3 | import SkillGrid from "@/components/SkillGrid";
  4 | import RetroComputer from "@/components/RetroComputer";
> 5 | import RetroTerminal from "@/components/RetroTerminal";
    | ^^^^^^^^^^^^^^^^^^^^^^^^^^^^^^^^^^^^^^^^^^^^^^^^^^^^^^^
  6 | import { getAllSkills } from "@/lib/skills";
  7 | import { isValidLocale, type Locale } from "@/i18n/config";
  8 | import { getDictionary } from "@/i18n/get-dictionary";

Import map: aliased to relative './src/components/RetroTerminal' inside of [project]/Desktop/I-Product/skillhub

https://nextjs.org/docs/messages/module-not-found @ http://localhost:3000/_next/static/chunks/c2fc1_next_dist_03d21e83._.js:3127
[  115497ms] [ERROR] ./Desktop/I-Product/skillhub/src/app/[locale]/page.tsx:5:1
Module not found: Can't resolve '@/components/RetroTerminal'
  3 | import SkillGrid from "@/components/SkillGrid";
  4 | import RetroComputer from "@/components/RetroComputer";
> 5 | import RetroTerminal from "@/components/RetroTerminal";
    | ^^^^^^^^^^^^^^^^^^^^^^^^^^^^^^^^^^^^^^^^^^^^^^^^^^^^^^^
  6 | import { getAllSkills } from "@/lib/skills";
  7 | import { isValidLocale, type Locale } from "@/i18n/config";
  8 | import { getDictionary } from "@/i18n/get-dictionary";

Import map: aliased to relative './src/components/RetroTerminal' inside of [project]/Desktop/I-Product/skillhub

https://nextjs.org/docs/messages/module-not-found @ http://localhost:3000/_next/static/chunks/c2fc1_next_dist_03d21e83._.js:3127
[  115548ms] [ERROR] ./Desktop/I-Product/skillhub/src/app/[locale]/page.tsx:5:1
Module not found: Can't resolve '@/components/RetroTerminal'
  3 | import SkillGrid from "@/components/SkillGrid";
  4 | import RetroComputer from "@/components/RetroComputer";
> 5 | import RetroTerminal from "@/components/RetroTerminal";
    | ^^^^^^^^^^^^^^^^^^^^^^^^^^^^^^^^^^^^^^^^^^^^^^^^^^^^^^^
  6 | import { getAllSkills } from "@/lib/skills";
  7 | import { isValidLocale, type Locale } from "@/i18n/config";
  8 | import { getDictionary } from "@/i18n/get-dictionary";

Import map: aliased to relative './src/components/RetroTerminal' inside of [project]/Desktop/I-Product/skillhub

https://nextjs.org/docs/messages/module-not-found @ http://localhost:3000/_next/static/chunks/c2fc1_next_dist_03d21e83._.js:3127
[  115602ms] [ERROR] ./Desktop/I-Product/skillhub/src/app/[locale]/page.tsx:5:1
Module not found: Can't resolve '@/components/RetroTerminal'
  3 | import SkillGrid from "@/components/SkillGrid";
  4 | import RetroComputer from "@/components/RetroComputer";
> 5 | import RetroTerminal from "@/components/RetroTerminal";
    | ^^^^^^^^^^^^^^^^^^^^^^^^^^^^^^^^^^^^^^^^^^^^^^^^^^^^^^^
  6 | import { getAllSkills } from "@/lib/skills";
  7 | import { isValidLocale, type Locale } from "@/i18n/config";
  8 | import { getDictionary } from "@/i18n/get-dictionary";

Import map: aliased to relative './src/components/RetroTerminal' inside of [project]/Desktop/I-Product/skillhub

https://nextjs.org/docs/messages/module-not-found @ http://localhost:3000/_next/static/chunks/c2fc1_next_dist_03d21e83._.js:3127
[  115651ms] [ERROR] ./Desktop/I-Product/skillhub/src/app/[locale]/page.tsx:5:1
Module not found: Can't resolve '@/components/RetroTerminal'
  3 | import SkillGrid from "@/components/SkillGrid";
  4 | import RetroComputer from "@/components/RetroComputer";
> 5 | import RetroTerminal from "@/components/RetroTerminal";
    | ^^^^^^^^^^^^^^^^^^^^^^^^^^^^^^^^^^^^^^^^^^^^^^^^^^^^^^^
  6 | import { getAllSkills } from "@/lib/skills";
  7 | import { isValidLocale, type Locale } from "@/i18n/config";
  8 | import { getDictionary } from "@/i18n/get-dictionary";

Import map: aliased to relative './src/components/RetroTerminal' inside of [project]/Desktop/I-Product/skillhub

https://nextjs.org/docs/messages/module-not-found @ http://localhost:3000/_next/static/chunks/c2fc1_next_dist_03d21e83._.js:3127
[  115702ms] [ERROR] ./Desktop/I-Product/skillhub/src/app/[locale]/page.tsx:5:1
Module not found: Can't resolve '@/components/RetroTerminal'
  3 | import SkillGrid from "@/components/SkillGrid";
  4 | import RetroComputer from "@/components/RetroComputer";
> 5 | import RetroTerminal from "@/components/RetroTerminal";
    | ^^^^^^^^^^^^^^^^^^^^^^^^^^^^^^^^^^^^^^^^^^^^^^^^^^^^^^^
  6 | import { getAllSkills } from "@/lib/skills";
  7 | import { isValidLocale, type Locale } from "@/i18n/config";
  8 | import { getDictionary } from "@/i18n/get-dictionary";

Import map: aliased to relative './src/components/RetroTerminal' inside of [project]/Desktop/I-Product/skillhub

https://nextjs.org/docs/messages/module-not-found @ http://localhost:3000/_next/static/chunks/c2fc1_next_dist_03d21e83._.js:3127
[  115751ms] [ERROR] ./Desktop/I-Product/skillhub/src/app/[locale]/page.tsx:5:1
Module not found: Can't resolve '@/components/RetroTerminal'
  3 | import SkillGrid from "@/components/SkillGrid";
  4 | import RetroComputer from "@/components/RetroComputer";
> 5 | import RetroTerminal from "@/components/RetroTerminal";
    | ^^^^^^^^^^^^^^^^^^^^^^^^^^^^^^^^^^^^^^^^^^^^^^^^^^^^^^^
  6 | import { getAllSkills } from "@/lib/skills";
  7 | import { isValidLocale, type Locale } from "@/i18n/config";
  8 | import { getDictionary } from "@/i18n/get-dictionary";

Import map: aliased to relative './src/components/RetroTerminal' inside of [project]/Desktop/I-Product/skillhub

https://nextjs.org/docs/messages/module-not-found @ http://localhost:3000/_next/static/chunks/c2fc1_next_dist_03d21e83._.js:3127
[  115800ms] [ERROR] ./Desktop/I-Product/skillhub/src/app/[locale]/page.tsx:5:1
Module not found: Can't resolve '@/components/RetroTerminal'
  3 | import SkillGrid from "@/components/SkillGrid";
  4 | import RetroComputer from "@/components/RetroComputer";
> 5 | import RetroTerminal from "@/components/RetroTerminal";
    | ^^^^^^^^^^^^^^^^^^^^^^^^^^^^^^^^^^^^^^^^^^^^^^^^^^^^^^^
  6 | import { getAllSkills } from "@/lib/skills";
  7 | import { isValidLocale, type Locale } from "@/i18n/config";
  8 | import { getDictionary } from "@/i18n/get-dictionary";

Import map: aliased to relative './src/components/RetroTerminal' inside of [project]/Desktop/I-Product/skillhub

https://nextjs.org/docs/messages/module-not-found @ http://localhost:3000/_next/static/chunks/c2fc1_next_dist_03d21e83._.js:3127
[  115849ms] [ERROR] ./Desktop/I-Product/skillhub/src/app/[locale]/page.tsx:5:1
Module not found: Can't resolve '@/components/RetroTerminal'
  3 | import SkillGrid from "@/components/SkillGrid";
  4 | import RetroComputer from "@/components/RetroComputer";
> 5 | import RetroTerminal from "@/components/RetroTerminal";
    | ^^^^^^^^^^^^^^^^^^^^^^^^^^^^^^^^^^^^^^^^^^^^^^^^^^^^^^^
  6 | import { getAllSkills } from "@/lib/skills";
  7 | import { isValidLocale, type Locale } from "@/i18n/config";
  8 | import { getDictionary } from "@/i18n/get-dictionary";

Import map: aliased to relative './src/components/RetroTerminal' inside of [project]/Desktop/I-Product/skillhub

https://nextjs.org/docs/messages/module-not-found @ http://localhost:3000/_next/static/chunks/c2fc1_next_dist_03d21e83._.js:3127
[  115898ms] [ERROR] ./Desktop/I-Product/skillhub/src/app/[locale]/page.tsx:5:1
Module not found: Can't resolve '@/components/RetroTerminal'
  3 | import SkillGrid from "@/components/SkillGrid";
  4 | import RetroComputer from "@/components/RetroComputer";
> 5 | import RetroTerminal from "@/components/RetroTerminal";
    | ^^^^^^^^^^^^^^^^^^^^^^^^^^^^^^^^^^^^^^^^^^^^^^^^^^^^^^^
  6 | import { getAllSkills } from "@/lib/skills";
  7 | import { isValidLocale, type Locale } from "@/i18n/config";
  8 | import { getDictionary } from "@/i18n/get-dictionary";

Import map: aliased to relative './src/components/RetroTerminal' inside of [project]/Desktop/I-Product/skillhub

https://nextjs.org/docs/messages/module-not-found @ http://localhost:3000/_next/static/chunks/c2fc1_next_dist_03d21e83._.js:3127
[  115948ms] [ERROR] ./Desktop/I-Product/skillhub/src/app/[locale]/page.tsx:5:1
Module not found: Can't resolve '@/components/RetroTerminal'
  3 | import SkillGrid from "@/components/SkillGrid";
  4 | import RetroComputer from "@/components/RetroComputer";
> 5 | import RetroTerminal from "@/components/RetroTerminal";
    | ^^^^^^^^^^^^^^^^^^^^^^^^^^^^^^^^^^^^^^^^^^^^^^^^^^^^^^^
  6 | import { getAllSkills } from "@/lib/skills";
  7 | import { isValidLocale, type Locale } from "@/i18n/config";
  8 | import { getDictionary } from "@/i18n/get-dictionary";

Import map: aliased to relative './src/components/RetroTerminal' inside of [project]/Desktop/I-Product/skillhub

https://nextjs.org/docs/messages/module-not-found @ http://localhost:3000/_next/static/chunks/c2fc1_next_dist_03d21e83._.js:3127
[  115998ms] [ERROR] ./Desktop/I-Product/skillhub/src/app/[locale]/page.tsx:5:1
Module not found: Can't resolve '@/components/RetroTerminal'
  3 | import SkillGrid from "@/components/SkillGrid";
  4 | import RetroComputer from "@/components/RetroComputer";
> 5 | import RetroTerminal from "@/components/RetroTerminal";
    | ^^^^^^^^^^^^^^^^^^^^^^^^^^^^^^^^^^^^^^^^^^^^^^^^^^^^^^^
  6 | import { getAllSkills } from "@/lib/skills";
  7 | import { isValidLocale, type Locale } from "@/i18n/config";
  8 | import { getDictionary } from "@/i18n/get-dictionary";

Import map: aliased to relative './src/components/RetroTerminal' inside of [project]/Desktop/I-Product/skillhub

https://nextjs.org/docs/messages/module-not-found @ http://localhost:3000/_next/static/chunks/c2fc1_next_dist_03d21e83._.js:3127
[  116052ms] [ERROR] ./Desktop/I-Product/skillhub/src/app/[locale]/page.tsx:5:1
Module not found: Can't resolve '@/components/RetroTerminal'
  3 | import SkillGrid from "@/components/SkillGrid";
  4 | import RetroComputer from "@/components/RetroComputer";
> 5 | import RetroTerminal from "@/components/RetroTerminal";
    | ^^^^^^^^^^^^^^^^^^^^^^^^^^^^^^^^^^^^^^^^^^^^^^^^^^^^^^^
  6 | import { getAllSkills } from "@/lib/skills";
  7 | import { isValidLocale, type Locale } from "@/i18n/config";
  8 | import { getDictionary } from "@/i18n/get-dictionary";

Import map: aliased to relative './src/components/RetroTerminal' inside of [project]/Desktop/I-Product/skillhub

https://nextjs.org/docs/messages/module-not-found @ http://localhost:3000/_next/static/chunks/c2fc1_next_dist_03d21e83._.js:3127
[  116100ms] [ERROR] ./Desktop/I-Product/skillhub/src/app/[locale]/page.tsx:5:1
Module not found: Can't resolve '@/components/RetroTerminal'
  3 | import SkillGrid from "@/components/SkillGrid";
  4 | import RetroComputer from "@/components/RetroComputer";
> 5 | import RetroTerminal from "@/components/RetroTerminal";
    | ^^^^^^^^^^^^^^^^^^^^^^^^^^^^^^^^^^^^^^^^^^^^^^^^^^^^^^^
  6 | import { getAllSkills } from "@/lib/skills";
  7 | import { isValidLocale, type Locale } from "@/i18n/config";
  8 | import { getDictionary } from "@/i18n/get-dictionary";

Import map: aliased to relative './src/components/RetroTerminal' inside of [project]/Desktop/I-Product/skillhub

https://nextjs.org/docs/messages/module-not-found @ http://localhost:3000/_next/static/chunks/c2fc1_next_dist_03d21e83._.js:3127
[  116148ms] [ERROR] ./Desktop/I-Product/skillhub/src/app/[locale]/page.tsx:5:1
Module not found: Can't resolve '@/components/RetroTerminal'
  3 | import SkillGrid from "@/components/SkillGrid";
  4 | import RetroComputer from "@/components/RetroComputer";
> 5 | import RetroTerminal from "@/components/RetroTerminal";
    | ^^^^^^^^^^^^^^^^^^^^^^^^^^^^^^^^^^^^^^^^^^^^^^^^^^^^^^^
  6 | import { getAllSkills } from "@/lib/skills";
  7 | import { isValidLocale, type Locale } from "@/i18n/config";
  8 | import { getDictionary } from "@/i18n/get-dictionary";

Import map: aliased to relative './src/components/RetroTerminal' inside of [project]/Desktop/I-Product/skillhub

https://nextjs.org/docs/messages/module-not-found @ http://localhost:3000/_next/static/chunks/c2fc1_next_dist_03d21e83._.js:3127
[  116198ms] [ERROR] ./Desktop/I-Product/skillhub/src/app/[locale]/page.tsx:5:1
Module not found: Can't resolve '@/components/RetroTerminal'
  3 | import SkillGrid from "@/components/SkillGrid";
  4 | import RetroComputer from "@/components/RetroComputer";
> 5 | import RetroTerminal from "@/components/RetroTerminal";
    | ^^^^^^^^^^^^^^^^^^^^^^^^^^^^^^^^^^^^^^^^^^^^^^^^^^^^^^^
  6 | import { getAllSkills } from "@/lib/skills";
  7 | import { isValidLocale, type Locale } from "@/i18n/config";
  8 | import { getDictionary } from "@/i18n/get-dictionary";

Import map: aliased to relative './src/components/RetroTerminal' inside of [project]/Desktop/I-Product/skillhub

https://nextjs.org/docs/messages/module-not-found @ http://localhost:3000/_next/static/chunks/c2fc1_next_dist_03d21e83._.js:3127
[  116247ms] [ERROR] ./Desktop/I-Product/skillhub/src/app/[locale]/page.tsx:5:1
Module not found: Can't resolve '@/components/RetroTerminal'
  3 | import SkillGrid from "@/components/SkillGrid";
  4 | import RetroComputer from "@/components/RetroComputer";
> 5 | import RetroTerminal from "@/components/RetroTerminal";
    | ^^^^^^^^^^^^^^^^^^^^^^^^^^^^^^^^^^^^^^^^^^^^^^^^^^^^^^^
  6 | import { getAllSkills } from "@/lib/skills";
  7 | import { isValidLocale, type Locale } from "@/i18n/config";
  8 | import { getDictionary } from "@/i18n/get-dictionary";

Import map: aliased to relative './src/components/RetroTerminal' inside of [project]/Desktop/I-Product/skillhub

https://nextjs.org/docs/messages/module-not-found @ http://localhost:3000/_next/static/chunks/c2fc1_next_dist_03d21e83._.js:3127
[  116288ms] [ERROR] ./Desktop/I-Product/skillhub/src/app/[locale]/page.tsx:5:1
Module not found: Can't resolve '@/components/RetroTerminal'
  3 | import SkillGrid from "@/components/SkillGrid";
  4 | import RetroComputer from "@/components/RetroComputer";
> 5 | import RetroTerminal from "@/components/RetroTerminal";
    | ^^^^^^^^^^^^^^^^^^^^^^^^^^^^^^^^^^^^^^^^^^^^^^^^^^^^^^^
  6 | import { getAllSkills } from "@/lib/skills";
  7 | import { isValidLocale, type Locale } from "@/i18n/config";
  8 | import { getDictionary } from "@/i18n/get-dictionary";

Import map: aliased to relative './src/components/RetroTerminal' inside of [project]/Desktop/I-Product/skillhub

https://nextjs.org/docs/messages/module-not-found @ http://localhost:3000/_next/static/chunks/c2fc1_next_dist_03d21e83._.js:3127
[  116336ms] [ERROR] ./Desktop/I-Product/skillhub/src/app/[locale]/page.tsx:5:1
Module not found: Can't resolve '@/components/RetroTerminal'
  3 | import SkillGrid from "@/components/SkillGrid";
  4 | import RetroComputer from "@/components/RetroComputer";
> 5 | import RetroTerminal from "@/components/RetroTerminal";
    | ^^^^^^^^^^^^^^^^^^^^^^^^^^^^^^^^^^^^^^^^^^^^^^^^^^^^^^^
  6 | import { getAllSkills } from "@/lib/skills";
  7 | import { isValidLocale, type Locale } from "@/i18n/config";
  8 | import { getDictionary } from "@/i18n/get-dictionary";

Import map: aliased to relative './src/components/RetroTerminal' inside of [project]/Desktop/I-Product/skillhub

https://nextjs.org/docs/messages/module-not-found @ http://localhost:3000/_next/static/chunks/c2fc1_next_dist_03d21e83._.js:3127
[  116385ms] [ERROR] ./Desktop/I-Product/skillhub/src/app/[locale]/page.tsx:5:1
Module not found: Can't resolve '@/components/RetroTerminal'
  3 | import SkillGrid from "@/components/SkillGrid";
  4 | import RetroComputer from "@/components/RetroComputer";
> 5 | import RetroTerminal from "@/components/RetroTerminal";
    | ^^^^^^^^^^^^^^^^^^^^^^^^^^^^^^^^^^^^^^^^^^^^^^^^^^^^^^^
  6 | import { getAllSkills } from "@/lib/skills";
  7 | import { isValidLocale, type Locale } from "@/i18n/config";
  8 | import { getDictionary } from "@/i18n/get-dictionary";

Import map: aliased to relative './src/components/RetroTerminal' inside of [project]/Desktop/I-Product/skillhub

https://nextjs.org/docs/messages/module-not-found @ http://localhost:3000/_next/static/chunks/c2fc1_next_dist_03d21e83._.js:3127
[  116435ms] [ERROR] ./Desktop/I-Product/skillhub/src/app/[locale]/page.tsx:5:1
Module not found: Can't resolve '@/components/RetroTerminal'
  3 | import SkillGrid from "@/components/SkillGrid";
  4 | import RetroComputer from "@/components/RetroComputer";
> 5 | import RetroTerminal from "@/components/RetroTerminal";
    | ^^^^^^^^^^^^^^^^^^^^^^^^^^^^^^^^^^^^^^^^^^^^^^^^^^^^^^^
  6 | import { getAllSkills } from "@/lib/skills";
  7 | import { isValidLocale, type Locale } from "@/i18n/config";
  8 | import { getDictionary } from "@/i18n/get-dictionary";

Import map: aliased to relative './src/components/RetroTerminal' inside of [project]/Desktop/I-Product/skillhub

https://nextjs.org/docs/messages/module-not-found @ http://localhost:3000/_next/static/chunks/c2fc1_next_dist_03d21e83._.js:3127
[  116486ms] [ERROR] ./Desktop/I-Product/skillhub/src/app/[locale]/page.tsx:5:1
Module not found: Can't resolve '@/components/RetroTerminal'
  3 | import SkillGrid from "@/components/SkillGrid";
  4 | import RetroComputer from "@/components/RetroComputer";
> 5 | import RetroTerminal from "@/components/RetroTerminal";
    | ^^^^^^^^^^^^^^^^^^^^^^^^^^^^^^^^^^^^^^^^^^^^^^^^^^^^^^^
  6 | import { getAllSkills } from "@/lib/skills";
  7 | import { isValidLocale, type Locale } from "@/i18n/config";
  8 | import { getDictionary } from "@/i18n/get-dictionary";

Import map: aliased to relative './src/components/RetroTerminal' inside of [project]/Desktop/I-Product/skillhub

https://nextjs.org/docs/messages/module-not-found @ http://localhost:3000/_next/static/chunks/c2fc1_next_dist_03d21e83._.js:3127
[  116535ms] [ERROR] ./Desktop/I-Product/skillhub/src/app/[locale]/page.tsx:5:1
Module not found: Can't resolve '@/components/RetroTerminal'
  3 | import SkillGrid from "@/components/SkillGrid";
  4 | import RetroComputer from "@/components/RetroComputer";
> 5 | import RetroTerminal from "@/components/RetroTerminal";
    | ^^^^^^^^^^^^^^^^^^^^^^^^^^^^^^^^^^^^^^^^^^^^^^^^^^^^^^^
  6 | import { getAllSkills } from "@/lib/skills";
  7 | import { isValidLocale, type Locale } from "@/i18n/config";
  8 | import { getDictionary } from "@/i18n/get-dictionary";

Import map: aliased to relative './src/components/RetroTerminal' inside of [project]/Desktop/I-Product/skillhub

https://nextjs.org/docs/messages/module-not-found @ http://localhost:3000/_next/static/chunks/c2fc1_next_dist_03d21e83._.js:3127
[  116583ms] [ERROR] ./Desktop/I-Product/skillhub/src/app/[locale]/page.tsx:5:1
Module not found: Can't resolve '@/components/RetroTerminal'
  3 | import SkillGrid from "@/components/SkillGrid";
  4 | import RetroComputer from "@/components/RetroComputer";
> 5 | import RetroTerminal from "@/components/RetroTerminal";
    | ^^^^^^^^^^^^^^^^^^^^^^^^^^^^^^^^^^^^^^^^^^^^^^^^^^^^^^^
  6 | import { getAllSkills } from "@/lib/skills";
  7 | import { isValidLocale, type Locale } from "@/i18n/config";
  8 | import { getDictionary } from "@/i18n/get-dictionary";

Import map: aliased to relative './src/components/RetroTerminal' inside of [project]/Desktop/I-Product/skillhub

https://nextjs.org/docs/messages/module-not-found @ http://localhost:3000/_next/static/chunks/c2fc1_next_dist_03d21e83._.js:3127
[  116632ms] [ERROR] ./Desktop/I-Product/skillhub/src/app/[locale]/page.tsx:5:1
Module not found: Can't resolve '@/components/RetroTerminal'
  3 | import SkillGrid from "@/components/SkillGrid";
  4 | import RetroComputer from "@/components/RetroComputer";
> 5 | import RetroTerminal from "@/components/RetroTerminal";
    | ^^^^^^^^^^^^^^^^^^^^^^^^^^^^^^^^^^^^^^^^^^^^^^^^^^^^^^^
  6 | import { getAllSkills } from "@/lib/skills";
  7 | import { isValidLocale, type Locale } from "@/i18n/config";
  8 | import { getDictionary } from "@/i18n/get-dictionary";

Import map: aliased to relative './src/components/RetroTerminal' inside of [project]/Desktop/I-Product/skillhub

https://nextjs.org/docs/messages/module-not-found @ http://localhost:3000/_next/static/chunks/c2fc1_next_dist_03d21e83._.js:3127
[  116682ms] [ERROR] ./Desktop/I-Product/skillhub/src/app/[locale]/page.tsx:5:1
Module not found: Can't resolve '@/components/RetroTerminal'
  3 | import SkillGrid from "@/components/SkillGrid";
  4 | import RetroComputer from "@/components/RetroComputer";
> 5 | import RetroTerminal from "@/components/RetroTerminal";
    | ^^^^^^^^^^^^^^^^^^^^^^^^^^^^^^^^^^^^^^^^^^^^^^^^^^^^^^^
  6 | import { getAllSkills } from "@/lib/skills";
  7 | import { isValidLocale, type Locale } from "@/i18n/config";
  8 | import { getDictionary } from "@/i18n/get-dictionary";

Import map: aliased to relative './src/components/RetroTerminal' inside of [project]/Desktop/I-Product/skillhub

https://nextjs.org/docs/messages/module-not-found @ http://localhost:3000/_next/static/chunks/c2fc1_next_dist_03d21e83._.js:3127
[  116732ms] [ERROR] ./Desktop/I-Product/skillhub/src/app/[locale]/page.tsx:5:1
Module not found: Can't resolve '@/components/RetroTerminal'
  3 | import SkillGrid from "@/components/SkillGrid";
  4 | import RetroComputer from "@/components/RetroComputer";
> 5 | import RetroTerminal from "@/components/RetroTerminal";
    | ^^^^^^^^^^^^^^^^^^^^^^^^^^^^^^^^^^^^^^^^^^^^^^^^^^^^^^^
  6 | import { getAllSkills } from "@/lib/skills";
  7 | import { isValidLocale, type Locale } from "@/i18n/config";
  8 | import { getDictionary } from "@/i18n/get-dictionary";

Import map: aliased to relative './src/components/RetroTerminal' inside of [project]/Desktop/I-Product/skillhub

https://nextjs.org/docs/messages/module-not-found @ http://localhost:3000/_next/static/chunks/c2fc1_next_dist_03d21e83._.js:3127
[  116781ms] [ERROR] ./Desktop/I-Product/skillhub/src/app/[locale]/page.tsx:5:1
Module not found: Can't resolve '@/components/RetroTerminal'
  3 | import SkillGrid from "@/components/SkillGrid";
  4 | import RetroComputer from "@/components/RetroComputer";
> 5 | import RetroTerminal from "@/components/RetroTerminal";
    | ^^^^^^^^^^^^^^^^^^^^^^^^^^^^^^^^^^^^^^^^^^^^^^^^^^^^^^^
  6 | import { getAllSkills } from "@/lib/skills";
  7 | import { isValidLocale, type Locale } from "@/i18n/config";
  8 | import { getDictionary } from "@/i18n/get-dictionary";

Import map: aliased to relative './src/components/RetroTerminal' inside of [project]/Desktop/I-Product/skillhub

https://nextjs.org/docs/messages/module-not-found @ http://localhost:3000/_next/static/chunks/c2fc1_next_dist_03d21e83._.js:3127
[  116831ms] [ERROR] ./Desktop/I-Product/skillhub/src/app/[locale]/page.tsx:5:1
Module not found: Can't resolve '@/components/RetroTerminal'
  3 | import SkillGrid from "@/components/SkillGrid";
  4 | import RetroComputer from "@/components/RetroComputer";
> 5 | import RetroTerminal from "@/components/RetroTerminal";
    | ^^^^^^^^^^^^^^^^^^^^^^^^^^^^^^^^^^^^^^^^^^^^^^^^^^^^^^^
  6 | import { getAllSkills } from "@/lib/skills";
  7 | import { isValidLocale, type Locale } from "@/i18n/config";
  8 | import { getDictionary } from "@/i18n/get-dictionary";

Import map: aliased to relative './src/components/RetroTerminal' inside of [project]/Desktop/I-Product/skillhub

https://nextjs.org/docs/messages/module-not-found @ http://localhost:3000/_next/static/chunks/c2fc1_next_dist_03d21e83._.js:3127
[  116882ms] [ERROR] ./Desktop/I-Product/skillhub/src/app/[locale]/page.tsx:5:1
Module not found: Can't resolve '@/components/RetroTerminal'
  3 | import SkillGrid from "@/components/SkillGrid";
  4 | import RetroComputer from "@/components/RetroComputer";
> 5 | import RetroTerminal from "@/components/RetroTerminal";
    | ^^^^^^^^^^^^^^^^^^^^^^^^^^^^^^^^^^^^^^^^^^^^^^^^^^^^^^^
  6 | import { getAllSkills } from "@/lib/skills";
  7 | import { isValidLocale, type Locale } from "@/i18n/config";
  8 | import { getDictionary } from "@/i18n/get-dictionary";

Import map: aliased to relative './src/components/RetroTerminal' inside of [project]/Desktop/I-Product/skillhub

https://nextjs.org/docs/messages/module-not-found @ http://localhost:3000/_next/static/chunks/c2fc1_next_dist_03d21e83._.js:3127
[  116931ms] [ERROR] ./Desktop/I-Product/skillhub/src/app/[locale]/page.tsx:5:1
Module not found: Can't resolve '@/components/RetroTerminal'
  3 | import SkillGrid from "@/components/SkillGrid";
  4 | import RetroComputer from "@/components/RetroComputer";
> 5 | import RetroTerminal from "@/components/RetroTerminal";
    | ^^^^^^^^^^^^^^^^^^^^^^^^^^^^^^^^^^^^^^^^^^^^^^^^^^^^^^^
  6 | import { getAllSkills } from "@/lib/skills";
  7 | import { isValidLocale, type Locale } from "@/i18n/config";
  8 | import { getDictionary } from "@/i18n/get-dictionary";

Import map: aliased to relative './src/components/RetroTerminal' inside of [project]/Desktop/I-Product/skillhub

https://nextjs.org/docs/messages/module-not-found @ http://localhost:3000/_next/static/chunks/c2fc1_next_dist_03d21e83._.js:3127
[  116983ms] [ERROR] ./Desktop/I-Product/skillhub/src/app/[locale]/page.tsx:5:1
Module not found: Can't resolve '@/components/RetroTerminal'
  3 | import SkillGrid from "@/components/SkillGrid";
  4 | import RetroComputer from "@/components/RetroComputer";
> 5 | import RetroTerminal from "@/components/RetroTerminal";
    | ^^^^^^^^^^^^^^^^^^^^^^^^^^^^^^^^^^^^^^^^^^^^^^^^^^^^^^^
  6 | import { getAllSkills } from "@/lib/skills";
  7 | import { isValidLocale, type Locale } from "@/i18n/config";
  8 | import { getDictionary } from "@/i18n/get-dictionary";

Import map: aliased to relative './src/components/RetroTerminal' inside of [project]/Desktop/I-Product/skillhub

https://nextjs.org/docs/messages/module-not-found @ http://localhost:3000/_next/static/chunks/c2fc1_next_dist_03d21e83._.js:3127
[  117034ms] [ERROR] ./Desktop/I-Product/skillhub/src/app/[locale]/page.tsx:5:1
Module not found: Can't resolve '@/components/RetroTerminal'
  3 | import SkillGrid from "@/components/SkillGrid";
  4 | import RetroComputer from "@/components/RetroComputer";
> 5 | import RetroTerminal from "@/components/RetroTerminal";
    | ^^^^^^^^^^^^^^^^^^^^^^^^^^^^^^^^^^^^^^^^^^^^^^^^^^^^^^^
  6 | import { getAllSkills } from "@/lib/skills";
  7 | import { isValidLocale, type Locale } from "@/i18n/config";
  8 | import { getDictionary } from "@/i18n/get-dictionary";

Import map: aliased to relative './src/components/RetroTerminal' inside of [project]/Desktop/I-Product/skillhub

https://nextjs.org/docs/messages/module-not-found @ http://localhost:3000/_next/static/chunks/c2fc1_next_dist_03d21e83._.js:3127
[  117085ms] [ERROR] ./Desktop/I-Product/skillhub/src/app/[locale]/page.tsx:5:1
Module not found: Can't resolve '@/components/RetroTerminal'
  3 | import SkillGrid from "@/components/SkillGrid";
  4 | import RetroComputer from "@/components/RetroComputer";
> 5 | import RetroTerminal from "@/components/RetroTerminal";
    | ^^^^^^^^^^^^^^^^^^^^^^^^^^^^^^^^^^^^^^^^^^^^^^^^^^^^^^^
  6 | import { getAllSkills } from "@/lib/skills";
  7 | import { isValidLocale, type Locale } from "@/i18n/config";
  8 | import { getDictionary } from "@/i18n/get-dictionary";

Import map: aliased to relative './src/components/RetroTerminal' inside of [project]/Desktop/I-Product/skillhub

https://nextjs.org/docs/messages/module-not-found @ http://localhost:3000/_next/static/chunks/c2fc1_next_dist_03d21e83._.js:3127
[  117134ms] [ERROR] ./Desktop/I-Product/skillhub/src/app/[locale]/page.tsx:5:1
Module not found: Can't resolve '@/components/RetroTerminal'
  3 | import SkillGrid from "@/components/SkillGrid";
  4 | import RetroComputer from "@/components/RetroComputer";
> 5 | import RetroTerminal from "@/components/RetroTerminal";
    | ^^^^^^^^^^^^^^^^^^^^^^^^^^^^^^^^^^^^^^^^^^^^^^^^^^^^^^^
  6 | import { getAllSkills } from "@/lib/skills";
  7 | import { isValidLocale, type Locale } from "@/i18n/config";
  8 | import { getDictionary } from "@/i18n/get-dictionary";

Import map: aliased to relative './src/components/RetroTerminal' inside of [project]/Desktop/I-Product/skillhub

https://nextjs.org/docs/messages/module-not-found @ http://localhost:3000/_next/static/chunks/c2fc1_next_dist_03d21e83._.js:3127
[  117188ms] [ERROR] ./Desktop/I-Product/skillhub/src/app/[locale]/page.tsx:5:1
Module not found: Can't resolve '@/components/RetroTerminal'
  3 | import SkillGrid from "@/components/SkillGrid";
  4 | import RetroComputer from "@/components/RetroComputer";
> 5 | import RetroTerminal from "@/components/RetroTerminal";
    | ^^^^^^^^^^^^^^^^^^^^^^^^^^^^^^^^^^^^^^^^^^^^^^^^^^^^^^^
  6 | import { getAllSkills } from "@/lib/skills";
  7 | import { isValidLocale, type Locale } from "@/i18n/config";
  8 | import { getDictionary } from "@/i18n/get-dictionary";

Import map: aliased to relative './src/components/RetroTerminal' inside of [project]/Desktop/I-Product/skillhub

https://nextjs.org/docs/messages/module-not-found @ http://localhost:3000/_next/static/chunks/c2fc1_next_dist_03d21e83._.js:3127
[  117237ms] [ERROR] ./Desktop/I-Product/skillhub/src/app/[locale]/page.tsx:5:1
Module not found: Can't resolve '@/components/RetroTerminal'
  3 | import SkillGrid from "@/components/SkillGrid";
  4 | import RetroComputer from "@/components/RetroComputer";
> 5 | import RetroTerminal from "@/components/RetroTerminal";
    | ^^^^^^^^^^^^^^^^^^^^^^^^^^^^^^^^^^^^^^^^^^^^^^^^^^^^^^^
  6 | import { getAllSkills } from "@/lib/skills";
  7 | import { isValidLocale, type Locale } from "@/i18n/config";
  8 | import { getDictionary } from "@/i18n/get-dictionary";

Import map: aliased to relative './src/components/RetroTerminal' inside of [project]/Desktop/I-Product/skillhub

https://nextjs.org/docs/messages/module-not-found @ http://localhost:3000/_next/static/chunks/c2fc1_next_dist_03d21e83._.js:3127
[  117285ms] [ERROR] ./Desktop/I-Product/skillhub/src/app/[locale]/page.tsx:5:1
Module not found: Can't resolve '@/components/RetroTerminal'
  3 | import SkillGrid from "@/components/SkillGrid";
  4 | import RetroComputer from "@/components/RetroComputer";
> 5 | import RetroTerminal from "@/components/RetroTerminal";
    | ^^^^^^^^^^^^^^^^^^^^^^^^^^^^^^^^^^^^^^^^^^^^^^^^^^^^^^^
  6 | import { getAllSkills } from "@/lib/skills";
  7 | import { isValidLocale, type Locale } from "@/i18n/config";
  8 | import { getDictionary } from "@/i18n/get-dictionary";

Import map: aliased to relative './src/components/RetroTerminal' inside of [project]/Desktop/I-Product/skillhub

https://nextjs.org/docs/messages/module-not-found @ http://localhost:3000/_next/static/chunks/c2fc1_next_dist_03d21e83._.js:3127
[  117333ms] [ERROR] ./Desktop/I-Product/skillhub/src/app/[locale]/page.tsx:5:1
Module not found: Can't resolve '@/components/RetroTerminal'
  3 | import SkillGrid from "@/components/SkillGrid";
  4 | import RetroComputer from "@/components/RetroComputer";
> 5 | import RetroTerminal from "@/components/RetroTerminal";
    | ^^^^^^^^^^^^^^^^^^^^^^^^^^^^^^^^^^^^^^^^^^^^^^^^^^^^^^^
  6 | import { getAllSkills } from "@/lib/skills";
  7 | import { isValidLocale, type Locale } from "@/i18n/config";
  8 | import { getDictionary } from "@/i18n/get-dictionary";

Import map: aliased to relative './src/components/RetroTerminal' inside of [project]/Desktop/I-Product/skillhub

https://nextjs.org/docs/messages/module-not-found @ http://localhost:3000/_next/static/chunks/c2fc1_next_dist_03d21e83._.js:3127
[  117382ms] [ERROR] ./Desktop/I-Product/skillhub/src/app/[locale]/page.tsx:5:1
Module not found: Can't resolve '@/components/RetroTerminal'
  3 | import SkillGrid from "@/components/SkillGrid";
  4 | import RetroComputer from "@/components/RetroComputer";
> 5 | import RetroTerminal from "@/components/RetroTerminal";
    | ^^^^^^^^^^^^^^^^^^^^^^^^^^^^^^^^^^^^^^^^^^^^^^^^^^^^^^^
  6 | import { getAllSkills } from "@/lib/skills";
  7 | import { isValidLocale, type Locale } from "@/i18n/config";
  8 | import { getDictionary } from "@/i18n/get-dictionary";

Import map: aliased to relative './src/components/RetroTerminal' inside of [project]/Desktop/I-Product/skillhub

https://nextjs.org/docs/messages/module-not-found @ http://localhost:3000/_next/static/chunks/c2fc1_next_dist_03d21e83._.js:3127
[  117432ms] [ERROR] ./Desktop/I-Product/skillhub/src/app/[locale]/page.tsx:5:1
Module not found: Can't resolve '@/components/RetroTerminal'
  3 | import SkillGrid from "@/components/SkillGrid";
  4 | import RetroComputer from "@/components/RetroComputer";
> 5 | import RetroTerminal from "@/components/RetroTerminal";
    | ^^^^^^^^^^^^^^^^^^^^^^^^^^^^^^^^^^^^^^^^^^^^^^^^^^^^^^^
  6 | import { getAllSkills } from "@/lib/skills";
  7 | import { isValidLocale, type Locale } from "@/i18n/config";
  8 | import { getDictionary } from "@/i18n/get-dictionary";

Import map: aliased to relative './src/components/RetroTerminal' inside of [project]/Desktop/I-Product/skillhub

https://nextjs.org/docs/messages/module-not-found @ http://localhost:3000/_next/static/chunks/c2fc1_next_dist_03d21e83._.js:3127
[  117481ms] [ERROR] ./Desktop/I-Product/skillhub/src/app/[locale]/page.tsx:5:1
Module not found: Can't resolve '@/components/RetroTerminal'
  3 | import SkillGrid from "@/components/SkillGrid";
  4 | import RetroComputer from "@/components/RetroComputer";
> 5 | import RetroTerminal from "@/components/RetroTerminal";
    | ^^^^^^^^^^^^^^^^^^^^^^^^^^^^^^^^^^^^^^^^^^^^^^^^^^^^^^^
  6 | import { getAllSkills } from "@/lib/skills";
  7 | import { isValidLocale, type Locale } from "@/i18n/config";
  8 | import { getDictionary } from "@/i18n/get-dictionary";

Import map: aliased to relative './src/components/RetroTerminal' inside of [project]/Desktop/I-Product/skillhub

https://nextjs.org/docs/messages/module-not-found @ http://localhost:3000/_next/static/chunks/c2fc1_next_dist_03d21e83._.js:3127
[  117532ms] [ERROR] ./Desktop/I-Product/skillhub/src/app/[locale]/page.tsx:5:1
Module not found: Can't resolve '@/components/RetroTerminal'
  3 | import SkillGrid from "@/components/SkillGrid";
  4 | import RetroComputer from "@/components/RetroComputer";
> 5 | import RetroTerminal from "@/components/RetroTerminal";
    | ^^^^^^^^^^^^^^^^^^^^^^^^^^^^^^^^^^^^^^^^^^^^^^^^^^^^^^^
  6 | import { getAllSkills } from "@/lib/skills";
  7 | import { isValidLocale, type Locale } from "@/i18n/config";
  8 | import { getDictionary } from "@/i18n/get-dictionary";

Import map: aliased to relative './src/components/RetroTerminal' inside of [project]/Desktop/I-Product/skillhub

https://nextjs.org/docs/messages/module-not-found @ http://localhost:3000/_next/static/chunks/c2fc1_next_dist_03d21e83._.js:3127
[  117585ms] [ERROR] ./Desktop/I-Product/skillhub/src/app/[locale]/page.tsx:5:1
Module not found: Can't resolve '@/components/RetroTerminal'
  3 | import SkillGrid from "@/components/SkillGrid";
  4 | import RetroComputer from "@/components/RetroComputer";
> 5 | import RetroTerminal from "@/components/RetroTerminal";
    | ^^^^^^^^^^^^^^^^^^^^^^^^^^^^^^^^^^^^^^^^^^^^^^^^^^^^^^^
  6 | import { getAllSkills } from "@/lib/skills";
  7 | import { isValidLocale, type Locale } from "@/i18n/config";
  8 | import { getDictionary } from "@/i18n/get-dictionary";

Import map: aliased to relative './src/components/RetroTerminal' inside of [project]/Desktop/I-Product/skillhub

https://nextjs.org/docs/messages/module-not-found @ http://localhost:3000/_next/static/chunks/c2fc1_next_dist_03d21e83._.js:3127
[  117633ms] [ERROR] ./Desktop/I-Product/skillhub/src/app/[locale]/page.tsx:5:1
Module not found: Can't resolve '@/components/RetroTerminal'
  3 | import SkillGrid from "@/components/SkillGrid";
  4 | import RetroComputer from "@/components/RetroComputer";
> 5 | import RetroTerminal from "@/components/RetroTerminal";
    | ^^^^^^^^^^^^^^^^^^^^^^^^^^^^^^^^^^^^^^^^^^^^^^^^^^^^^^^
  6 | import { getAllSkills } from "@/lib/skills";
  7 | import { isValidLocale, type Locale } from "@/i18n/config";
  8 | import { getDictionary } from "@/i18n/get-dictionary";

Import map: aliased to relative './src/components/RetroTerminal' inside of [project]/Desktop/I-Product/skillhub

https://nextjs.org/docs/messages/module-not-found @ http://localhost:3000/_next/static/chunks/c2fc1_next_dist_03d21e83._.js:3127
[  117682ms] [ERROR] ./Desktop/I-Product/skillhub/src/app/[locale]/page.tsx:5:1
Module not found: Can't resolve '@/components/RetroTerminal'
  3 | import SkillGrid from "@/components/SkillGrid";
  4 | import RetroComputer from "@/components/RetroComputer";
> 5 | import RetroTerminal from "@/components/RetroTerminal";
    | ^^^^^^^^^^^^^^^^^^^^^^^^^^^^^^^^^^^^^^^^^^^^^^^^^^^^^^^
  6 | import { getAllSkills } from "@/lib/skills";
  7 | import { isValidLocale, type Locale } from "@/i18n/config";
  8 | import { getDictionary } from "@/i18n/get-dictionary";

Import map: aliased to relative './src/components/RetroTerminal' inside of [project]/Desktop/I-Product/skillhub

https://nextjs.org/docs/messages/module-not-found @ http://localhost:3000/_next/static/chunks/c2fc1_next_dist_03d21e83._.js:3127
[  117731ms] [ERROR] ./Desktop/I-Product/skillhub/src/app/[locale]/page.tsx:5:1
Module not found: Can't resolve '@/components/RetroTerminal'
  3 | import SkillGrid from "@/components/SkillGrid";
  4 | import RetroComputer from "@/components/RetroComputer";
> 5 | import RetroTerminal from "@/components/RetroTerminal";
    | ^^^^^^^^^^^^^^^^^^^^^^^^^^^^^^^^^^^^^^^^^^^^^^^^^^^^^^^
  6 | import { getAllSkills } from "@/lib/skills";
  7 | import { isValidLocale, type Locale } from "@/i18n/config";
  8 | import { getDictionary } from "@/i18n/get-dictionary";

Import map: aliased to relative './src/components/RetroTerminal' inside of [project]/Desktop/I-Product/skillhub

https://nextjs.org/docs/messages/module-not-found @ http://localhost:3000/_next/static/chunks/c2fc1_next_dist_03d21e83._.js:3127
[  117781ms] [ERROR] ./Desktop/I-Product/skillhub/src/app/[locale]/page.tsx:5:1
Module not found: Can't resolve '@/components/RetroTerminal'
  3 | import SkillGrid from "@/components/SkillGrid";
  4 | import RetroComputer from "@/components/RetroComputer";
> 5 | import RetroTerminal from "@/components/RetroTerminal";
    | ^^^^^^^^^^^^^^^^^^^^^^^^^^^^^^^^^^^^^^^^^^^^^^^^^^^^^^^
  6 | import { getAllSkills } from "@/lib/skills";
  7 | import { isValidLocale, type Locale } from "@/i18n/config";
  8 | import { getDictionary } from "@/i18n/get-dictionary";

Import map: aliased to relative './src/components/RetroTerminal' inside of [project]/Desktop/I-Product/skillhub

https://nextjs.org/docs/messages/module-not-found @ http://localhost:3000/_next/static/chunks/c2fc1_next_dist_03d21e83._.js:3127
[  117831ms] [ERROR] ./Desktop/I-Product/skillhub/src/app/[locale]/page.tsx:5:1
Module not found: Can't resolve '@/components/RetroTerminal'
  3 | import SkillGrid from "@/components/SkillGrid";
  4 | import RetroComputer from "@/components/RetroComputer";
> 5 | import RetroTerminal from "@/components/RetroTerminal";
    | ^^^^^^^^^^^^^^^^^^^^^^^^^^^^^^^^^^^^^^^^^^^^^^^^^^^^^^^
  6 | import { getAllSkills } from "@/lib/skills";
  7 | import { isValidLocale, type Locale } from "@/i18n/config";
  8 | import { getDictionary } from "@/i18n/get-dictionary";

Import map: aliased to relative './src/components/RetroTerminal' inside of [project]/Desktop/I-Product/skillhub

https://nextjs.org/docs/messages/module-not-found @ http://localhost:3000/_next/static/chunks/c2fc1_next_dist_03d21e83._.js:3127
[  117882ms] [ERROR] ./Desktop/I-Product/skillhub/src/app/[locale]/page.tsx:5:1
Module not found: Can't resolve '@/components/RetroTerminal'
  3 | import SkillGrid from "@/components/SkillGrid";
  4 | import RetroComputer from "@/components/RetroComputer";
> 5 | import RetroTerminal from "@/components/RetroTerminal";
    | ^^^^^^^^^^^^^^^^^^^^^^^^^^^^^^^^^^^^^^^^^^^^^^^^^^^^^^^
  6 | import { getAllSkills } from "@/lib/skills";
  7 | import { isValidLocale, type Locale } from "@/i18n/config";
  8 | import { getDictionary } from "@/i18n/get-dictionary";

Import map: aliased to relative './src/components/RetroTerminal' inside of [project]/Desktop/I-Product/skillhub

https://nextjs.org/docs/messages/module-not-found @ http://localhost:3000/_next/static/chunks/c2fc1_next_dist_03d21e83._.js:3127
[  117931ms] [ERROR] ./Desktop/I-Product/skillhub/src/app/[locale]/page.tsx:5:1
Module not found: Can't resolve '@/components/RetroTerminal'
  3 | import SkillGrid from "@/components/SkillGrid";
  4 | import RetroComputer from "@/components/RetroComputer";
> 5 | import RetroTerminal from "@/components/RetroTerminal";
    | ^^^^^^^^^^^^^^^^^^^^^^^^^^^^^^^^^^^^^^^^^^^^^^^^^^^^^^^
  6 | import { getAllSkills } from "@/lib/skills";
  7 | import { isValidLocale, type Locale } from "@/i18n/config";
  8 | import { getDictionary } from "@/i18n/get-dictionary";

Import map: aliased to relative './src/components/RetroTerminal' inside of [project]/Desktop/I-Product/skillhub

https://nextjs.org/docs/messages/module-not-found @ http://localhost:3000/_next/static/chunks/c2fc1_next_dist_03d21e83._.js:3127
[  118285ms] [ERROR] ./Desktop/I-Product/skillhub/src/app/[locale]/page.tsx:5:1
Module not found: Can't resolve '@/components/RetroTerminal'
  3 | import SkillGrid from "@/components/SkillGrid";
  4 | import RetroComputer from "@/components/RetroComputer";
> 5 | import RetroTerminal from "@/components/RetroTerminal";
    | ^^^^^^^^^^^^^^^^^^^^^^^^^^^^^^^^^^^^^^^^^^^^^^^^^^^^^^^
  6 | import { getAllSkills } from "@/lib/skills";
  7 | import { isValidLocale, type Locale } from "@/i18n/config";
  8 | import { getDictionary } from "@/i18n/get-dictionary";

Import map: aliased to relative './src/components/RetroTerminal' inside of [project]/Desktop/I-Product/skillhub

https://nextjs.org/docs/messages/module-not-found @ http://localhost:3000/_next/static/chunks/c2fc1_next_dist_03d21e83._.js:3127
[  118420ms] [ERROR] ./Desktop/I-Product/skillhub/src/app/[locale]/page.tsx:5:1
Module not found: Can't resolve '@/components/RetroTerminal'
  3 | import SkillGrid from "@/components/SkillGrid";
  4 | import RetroComputer from "@/components/RetroComputer";
> 5 | import RetroTerminal from "@/components/RetroTerminal";
    | ^^^^^^^^^^^^^^^^^^^^^^^^^^^^^^^^^^^^^^^^^^^^^^^^^^^^^^^
  6 | import { getAllSkills } from "@/lib/skills";
  7 | import { isValidLocale, type Locale } from "@/i18n/config";
  8 | import { getDictionary } from "@/i18n/get-dictionary";

Import map: aliased to relative './src/components/RetroTerminal' inside of [project]/Desktop/I-Product/skillhub

https://nextjs.org/docs/messages/module-not-found @ http://localhost:3000/_next/static/chunks/c2fc1_next_dist_03d21e83._.js:3127
[  118481ms] [ERROR] ./Desktop/I-Product/skillhub/src/app/[locale]/page.tsx:5:1
Module not found: Can't resolve '@/components/RetroTerminal'
  3 | import SkillGrid from "@/components/SkillGrid";
  4 | import RetroComputer from "@/components/RetroComputer";
> 5 | import RetroTerminal from "@/components/RetroTerminal";
    | ^^^^^^^^^^^^^^^^^^^^^^^^^^^^^^^^^^^^^^^^^^^^^^^^^^^^^^^
  6 | import { getAllSkills } from "@/lib/skills";
  7 | import { isValidLocale, type Locale } from "@/i18n/config";
  8 | import { getDictionary } from "@/i18n/get-dictionary";

Import map: aliased to relative './src/components/RetroTerminal' inside of [project]/Desktop/I-Product/skillhub

https://nextjs.org/docs/messages/module-not-found @ http://localhost:3000/_next/static/chunks/c2fc1_next_dist_03d21e83._.js:3127
[  118563ms] [ERROR] ./Desktop/I-Product/skillhub/src/app/[locale]/page.tsx:5:1
Module not found: Can't resolve '@/components/RetroTerminal'
  3 | import SkillGrid from "@/components/SkillGrid";
  4 | import RetroComputer from "@/components/RetroComputer";
> 5 | import RetroTerminal from "@/components/RetroTerminal";
    | ^^^^^^^^^^^^^^^^^^^^^^^^^^^^^^^^^^^^^^^^^^^^^^^^^^^^^^^
  6 | import { getAllSkills } from "@/lib/skills";
  7 | import { isValidLocale, type Locale } from "@/i18n/config";
  8 | import { getDictionary } from "@/i18n/get-dictionary";

Import map: aliased to relative './src/components/RetroTerminal' inside of [project]/Desktop/I-Product/skillhub

https://nextjs.org/docs/messages/module-not-found @ http://localhost:3000/_next/static/chunks/c2fc1_next_dist_03d21e83._.js:3127
[  118615ms] [ERROR] ./Desktop/I-Product/skillhub/src/app/[locale]/page.tsx:5:1
Module not found: Can't resolve '@/components/RetroTerminal'
  3 | import SkillGrid from "@/components/SkillGrid";
  4 | import RetroComputer from "@/components/RetroComputer";
> 5 | import RetroTerminal from "@/components/RetroTerminal";
    | ^^^^^^^^^^^^^^^^^^^^^^^^^^^^^^^^^^^^^^^^^^^^^^^^^^^^^^^
  6 | import { getAllSkills } from "@/lib/skills";
  7 | import { isValidLocale, type Locale } from "@/i18n/config";
  8 | import { getDictionary } from "@/i18n/get-dictionary";

Import map: aliased to relative './src/components/RetroTerminal' inside of [project]/Desktop/I-Product/skillhub

https://nextjs.org/docs/messages/module-not-found @ http://localhost:3000/_next/static/chunks/c2fc1_next_dist_03d21e83._.js:3127
[  118666ms] [ERROR] ./Desktop/I-Product/skillhub/src/app/[locale]/page.tsx:5:1
Module not found: Can't resolve '@/components/RetroTerminal'
  3 | import SkillGrid from "@/components/SkillGrid";
  4 | import RetroComputer from "@/components/RetroComputer";
> 5 | import RetroTerminal from "@/components/RetroTerminal";
    | ^^^^^^^^^^^^^^^^^^^^^^^^^^^^^^^^^^^^^^^^^^^^^^^^^^^^^^^
  6 | import { getAllSkills } from "@/lib/skills";
  7 | import { isValidLocale, type Locale } from "@/i18n/config";
  8 | import { getDictionary } from "@/i18n/get-dictionary";

Import map: aliased to relative './src/components/RetroTerminal' inside of [project]/Desktop/I-Product/skillhub

https://nextjs.org/docs/messages/module-not-found @ http://localhost:3000/_next/static/chunks/c2fc1_next_dist_03d21e83._.js:3127
[  118715ms] [ERROR] ./Desktop/I-Product/skillhub/src/app/[locale]/page.tsx:5:1
Module not found: Can't resolve '@/components/RetroTerminal'
  3 | import SkillGrid from "@/components/SkillGrid";
  4 | import RetroComputer from "@/components/RetroComputer";
> 5 | import RetroTerminal from "@/components/RetroTerminal";
    | ^^^^^^^^^^^^^^^^^^^^^^^^^^^^^^^^^^^^^^^^^^^^^^^^^^^^^^^
  6 | import { getAllSkills } from "@/lib/skills";
  7 | import { isValidLocale, type Locale } from "@/i18n/config";
  8 | import { getDictionary } from "@/i18n/get-dictionary";

Import map: aliased to relative './src/components/RetroTerminal' inside of [project]/Desktop/I-Product/skillhub

https://nextjs.org/docs/messages/module-not-found @ http://localhost:3000/_next/static/chunks/c2fc1_next_dist_03d21e83._.js:3127
[  118765ms] [ERROR] ./Desktop/I-Product/skillhub/src/app/[locale]/page.tsx:5:1
Module not found: Can't resolve '@/components/RetroTerminal'
  3 | import SkillGrid from "@/components/SkillGrid";
  4 | import RetroComputer from "@/components/RetroComputer";
> 5 | import RetroTerminal from "@/components/RetroTerminal";
    | ^^^^^^^^^^^^^^^^^^^^^^^^^^^^^^^^^^^^^^^^^^^^^^^^^^^^^^^
  6 | import { getAllSkills } from "@/lib/skills";
  7 | import { isValidLocale, type Locale } from "@/i18n/config";
  8 | import { getDictionary } from "@/i18n/get-dictionary";

Import map: aliased to relative './src/components/RetroTerminal' inside of [project]/Desktop/I-Product/skillhub

https://nextjs.org/docs/messages/module-not-found @ http://localhost:3000/_next/static/chunks/c2fc1_next_dist_03d21e83._.js:3127
[  118814ms] [ERROR] ./Desktop/I-Product/skillhub/src/app/[locale]/page.tsx:5:1
Module not found: Can't resolve '@/components/RetroTerminal'
  3 | import SkillGrid from "@/components/SkillGrid";
  4 | import RetroComputer from "@/components/RetroComputer";
> 5 | import RetroTerminal from "@/components/RetroTerminal";
    | ^^^^^^^^^^^^^^^^^^^^^^^^^^^^^^^^^^^^^^^^^^^^^^^^^^^^^^^
  6 | import { getAllSkills } from "@/lib/skills";
  7 | import { isValidLocale, type Locale } from "@/i18n/config";
  8 | import { getDictionary } from "@/i18n/get-dictionary";

Import map: aliased to relative './src/components/RetroTerminal' inside of [project]/Desktop/I-Product/skillhub

https://nextjs.org/docs/messages/module-not-found @ http://localhost:3000/_next/static/chunks/c2fc1_next_dist_03d21e83._.js:3127
[  118864ms] [ERROR] ./Desktop/I-Product/skillhub/src/app/[locale]/page.tsx:5:1
Module not found: Can't resolve '@/components/RetroTerminal'
  3 | import SkillGrid from "@/components/SkillGrid";
  4 | import RetroComputer from "@/components/RetroComputer";
> 5 | import RetroTerminal from "@/components/RetroTerminal";
    | ^^^^^^^^^^^^^^^^^^^^^^^^^^^^^^^^^^^^^^^^^^^^^^^^^^^^^^^
  6 | import { getAllSkills } from "@/lib/skills";
  7 | import { isValidLocale, type Locale } from "@/i18n/config";
  8 | import { getDictionary } from "@/i18n/get-dictionary";

Import map: aliased to relative './src/components/RetroTerminal' inside of [project]/Desktop/I-Product/skillhub

https://nextjs.org/docs/messages/module-not-found @ http://localhost:3000/_next/static/chunks/c2fc1_next_dist_03d21e83._.js:3127
[  118916ms] [ERROR] ./Desktop/I-Product/skillhub/src/app/[locale]/page.tsx:5:1
Module not found: Can't resolve '@/components/RetroTerminal'
  3 | import SkillGrid from "@/components/SkillGrid";
  4 | import RetroComputer from "@/components/RetroComputer";
> 5 | import RetroTerminal from "@/components/RetroTerminal";
    | ^^^^^^^^^^^^^^^^^^^^^^^^^^^^^^^^^^^^^^^^^^^^^^^^^^^^^^^
  6 | import { getAllSkills } from "@/lib/skills";
  7 | import { isValidLocale, type Locale } from "@/i18n/config";
  8 | import { getDictionary } from "@/i18n/get-dictionary";

Import map: aliased to relative './src/components/RetroTerminal' inside of [project]/Desktop/I-Product/skillhub

https://nextjs.org/docs/messages/module-not-found @ http://localhost:3000/_next/static/chunks/c2fc1_next_dist_03d21e83._.js:3127
[  118964ms] [ERROR] ./Desktop/I-Product/skillhub/src/app/[locale]/page.tsx:5:1
Module not found: Can't resolve '@/components/RetroTerminal'
  3 | import SkillGrid from "@/components/SkillGrid";
  4 | import RetroComputer from "@/components/RetroComputer";
> 5 | import RetroTerminal from "@/components/RetroTerminal";
    | ^^^^^^^^^^^^^^^^^^^^^^^^^^^^^^^^^^^^^^^^^^^^^^^^^^^^^^^
  6 | import { getAllSkills } from "@/lib/skills";
  7 | import { isValidLocale, type Locale } from "@/i18n/config";
  8 | import { getDictionary } from "@/i18n/get-dictionary";

Import map: aliased to relative './src/components/RetroTerminal' inside of [project]/Desktop/I-Product/skillhub

https://nextjs.org/docs/messages/module-not-found @ http://localhost:3000/_next/static/chunks/c2fc1_next_dist_03d21e83._.js:3127
[  119014ms] [ERROR] ./Desktop/I-Product/skillhub/src/app/[locale]/page.tsx:5:1
Module not found: Can't resolve '@/components/RetroTerminal'
  3 | import SkillGrid from "@/components/SkillGrid";
  4 | import RetroComputer from "@/components/RetroComputer";
> 5 | import RetroTerminal from "@/components/RetroTerminal";
    | ^^^^^^^^^^^^^^^^^^^^^^^^^^^^^^^^^^^^^^^^^^^^^^^^^^^^^^^
  6 | import { getAllSkills } from "@/lib/skills";
  7 | import { isValidLocale, type Locale } from "@/i18n/config";
  8 | import { getDictionary } from "@/i18n/get-dictionary";

Import map: aliased to relative './src/components/RetroTerminal' inside of [project]/Desktop/I-Product/skillhub

https://nextjs.org/docs/messages/module-not-found @ http://localhost:3000/_next/static/chunks/c2fc1_next_dist_03d21e83._.js:3127
[  119068ms] [ERROR] ./Desktop/I-Product/skillhub/src/app/[locale]/page.tsx:5:1
Module not found: Can't resolve '@/components/RetroTerminal'
  3 | import SkillGrid from "@/components/SkillGrid";
  4 | import RetroComputer from "@/components/RetroComputer";
> 5 | import RetroTerminal from "@/components/RetroTerminal";
    | ^^^^^^^^^^^^^^^^^^^^^^^^^^^^^^^^^^^^^^^^^^^^^^^^^^^^^^^
  6 | import { getAllSkills } from "@/lib/skills";
  7 | import { isValidLocale, type Locale } from "@/i18n/config";
  8 | import { getDictionary } from "@/i18n/get-dictionary";

Import map: aliased to relative './src/components/RetroTerminal' inside of [project]/Desktop/I-Product/skillhub

https://nextjs.org/docs/messages/module-not-found @ http://localhost:3000/_next/static/chunks/c2fc1_next_dist_03d21e83._.js:3127
[  119119ms] [ERROR] ./Desktop/I-Product/skillhub/src/app/[locale]/page.tsx:5:1
Module not found: Can't resolve '@/components/RetroTerminal'
  3 | import SkillGrid from "@/components/SkillGrid";
  4 | import RetroComputer from "@/components/RetroComputer";
> 5 | import RetroTerminal from "@/components/RetroTerminal";
    | ^^^^^^^^^^^^^^^^^^^^^^^^^^^^^^^^^^^^^^^^^^^^^^^^^^^^^^^
  6 | import { getAllSkills } from "@/lib/skills";
  7 | import { isValidLocale, type Locale } from "@/i18n/config";
  8 | import { getDictionary } from "@/i18n/get-dictionary";

Import map: aliased to relative './src/components/RetroTerminal' inside of [project]/Desktop/I-Product/skillhub

https://nextjs.org/docs/messages/module-not-found @ http://localhost:3000/_next/static/chunks/c2fc1_next_dist_03d21e83._.js:3127
[  119165ms] [ERROR] ./Desktop/I-Product/skillhub/src/app/[locale]/page.tsx:5:1
Module not found: Can't resolve '@/components/RetroTerminal'
  3 | import SkillGrid from "@/components/SkillGrid";
  4 | import RetroComputer from "@/components/RetroComputer";
> 5 | import RetroTerminal from "@/components/RetroTerminal";
    | ^^^^^^^^^^^^^^^^^^^^^^^^^^^^^^^^^^^^^^^^^^^^^^^^^^^^^^^
  6 | import { getAllSkills } from "@/lib/skills";
  7 | import { isValidLocale, type Locale } from "@/i18n/config";
  8 | import { getDictionary } from "@/i18n/get-dictionary";

Import map: aliased to relative './src/components/RetroTerminal' inside of [project]/Desktop/I-Product/skillhub

https://nextjs.org/docs/messages/module-not-found @ http://localhost:3000/_next/static/chunks/c2fc1_next_dist_03d21e83._.js:3127
[  119215ms] [ERROR] ./Desktop/I-Product/skillhub/src/app/[locale]/page.tsx:5:1
Module not found: Can't resolve '@/components/RetroTerminal'
  3 | import SkillGrid from "@/components/SkillGrid";
  4 | import RetroComputer from "@/components/RetroComputer";
> 5 | import RetroTerminal from "@/components/RetroTerminal";
    | ^^^^^^^^^^^^^^^^^^^^^^^^^^^^^^^^^^^^^^^^^^^^^^^^^^^^^^^
  6 | import { getAllSkills } from "@/lib/skills";
  7 | import { isValidLocale, type Locale } from "@/i18n/config";
  8 | import { getDictionary } from "@/i18n/get-dictionary";

Import map: aliased to relative './src/components/RetroTerminal' inside of [project]/Desktop/I-Product/skillhub

https://nextjs.org/docs/messages/module-not-found @ http://localhost:3000/_next/static/chunks/c2fc1_next_dist_03d21e83._.js:3127
[  119263ms] [ERROR] ./Desktop/I-Product/skillhub/src/app/[locale]/page.tsx:5:1
Module not found: Can't resolve '@/components/RetroTerminal'
  3 | import SkillGrid from "@/components/SkillGrid";
  4 | import RetroComputer from "@/components/RetroComputer";
> 5 | import RetroTerminal from "@/components/RetroTerminal";
    | ^^^^^^^^^^^^^^^^^^^^^^^^^^^^^^^^^^^^^^^^^^^^^^^^^^^^^^^
  6 | import { getAllSkills } from "@/lib/skills";
  7 | import { isValidLocale, type Locale } from "@/i18n/config";
  8 | import { getDictionary } from "@/i18n/get-dictionary";

Import map: aliased to relative './src/components/RetroTerminal' inside of [project]/Desktop/I-Product/skillhub

https://nextjs.org/docs/messages/module-not-found @ http://localhost:3000/_next/static/chunks/c2fc1_next_dist_03d21e83._.js:3127
[  119314ms] [ERROR] ./Desktop/I-Product/skillhub/src/app/[locale]/page.tsx:5:1
Module not found: Can't resolve '@/components/RetroTerminal'
  3 | import SkillGrid from "@/components/SkillGrid";
  4 | import RetroComputer from "@/components/RetroComputer";
> 5 | import RetroTerminal from "@/components/RetroTerminal";
    | ^^^^^^^^^^^^^^^^^^^^^^^^^^^^^^^^^^^^^^^^^^^^^^^^^^^^^^^
  6 | import { getAllSkills } from "@/lib/skills";
  7 | import { isValidLocale, type Locale } from "@/i18n/config";
  8 | import { getDictionary } from "@/i18n/get-dictionary";

Import map: aliased to relative './src/components/RetroTerminal' inside of [project]/Desktop/I-Product/skillhub

https://nextjs.org/docs/messages/module-not-found @ http://localhost:3000/_next/static/chunks/c2fc1_next_dist_03d21e83._.js:3127
[  119356ms] [ERROR] ./Desktop/I-Product/skillhub/src/app/[locale]/page.tsx:5:1
Module not found: Can't resolve '@/components/RetroTerminal'
  3 | import SkillGrid from "@/components/SkillGrid";
  4 | import RetroComputer from "@/components/RetroComputer";
> 5 | import RetroTerminal from "@/components/RetroTerminal";
    | ^^^^^^^^^^^^^^^^^^^^^^^^^^^^^^^^^^^^^^^^^^^^^^^^^^^^^^^
  6 | import { getAllSkills } from "@/lib/skills";
  7 | import { isValidLocale, type Locale } from "@/i18n/config";
  8 | import { getDictionary } from "@/i18n/get-dictionary";

Import map: aliased to relative './src/components/RetroTerminal' inside of [project]/Desktop/I-Product/skillhub

https://nextjs.org/docs/messages/module-not-found @ http://localhost:3000/_next/static/chunks/c2fc1_next_dist_03d21e83._.js:3127
[  119411ms] [ERROR] ./Desktop/I-Product/skillhub/src/app/[locale]/page.tsx:5:1
Module not found: Can't resolve '@/components/RetroTerminal'
  3 | import SkillGrid from "@/components/SkillGrid";
  4 | import RetroComputer from "@/components/RetroComputer";
> 5 | import RetroTerminal from "@/components/RetroTerminal";
    | ^^^^^^^^^^^^^^^^^^^^^^^^^^^^^^^^^^^^^^^^^^^^^^^^^^^^^^^
  6 | import { getAllSkills } from "@/lib/skills";
  7 | import { isValidLocale, type Locale } from "@/i18n/config";
  8 | import { getDictionary } from "@/i18n/get-dictionary";

Import map: aliased to relative './src/components/RetroTerminal' inside of [project]/Desktop/I-Product/skillhub

https://nextjs.org/docs/messages/module-not-found @ http://localhost:3000/_next/static/chunks/c2fc1_next_dist_03d21e83._.js:3127
[  119464ms] [ERROR] ./Desktop/I-Product/skillhub/src/app/[locale]/page.tsx:5:1
Module not found: Can't resolve '@/components/RetroTerminal'
  3 | import SkillGrid from "@/components/SkillGrid";
  4 | import RetroComputer from "@/components/RetroComputer";
> 5 | import RetroTerminal from "@/components/RetroTerminal";
    | ^^^^^^^^^^^^^^^^^^^^^^^^^^^^^^^^^^^^^^^^^^^^^^^^^^^^^^^
  6 | import { getAllSkills } from "@/lib/skills";
  7 | import { isValidLocale, type Locale } from "@/i18n/config";
  8 | import { getDictionary } from "@/i18n/get-dictionary";

Import map: aliased to relative './src/components/RetroTerminal' inside of [project]/Desktop/I-Product/skillhub

https://nextjs.org/docs/messages/module-not-found @ http://localhost:3000/_next/static/chunks/c2fc1_next_dist_03d21e83._.js:3127
[  119515ms] [ERROR] ./Desktop/I-Product/skillhub/src/app/[locale]/page.tsx:5:1
Module not found: Can't resolve '@/components/RetroTerminal'
  3 | import SkillGrid from "@/components/SkillGrid";
  4 | import RetroComputer from "@/components/RetroComputer";
> 5 | import RetroTerminal from "@/components/RetroTerminal";
    | ^^^^^^^^^^^^^^^^^^^^^^^^^^^^^^^^^^^^^^^^^^^^^^^^^^^^^^^
  6 | import { getAllSkills } from "@/lib/skills";
  7 | import { isValidLocale, type Locale } from "@/i18n/config";
  8 | import { getDictionary } from "@/i18n/get-dictionary";

Import map: aliased to relative './src/components/RetroTerminal' inside of [project]/Desktop/I-Product/skillhub

https://nextjs.org/docs/messages/module-not-found @ http://localhost:3000/_next/static/chunks/c2fc1_next_dist_03d21e83._.js:3127
[  119565ms] [ERROR] ./Desktop/I-Product/skillhub/src/app/[locale]/page.tsx:5:1
Module not found: Can't resolve '@/components/RetroTerminal'
  3 | import SkillGrid from "@/components/SkillGrid";
  4 | import RetroComputer from "@/components/RetroComputer";
> 5 | import RetroTerminal from "@/components/RetroTerminal";
    | ^^^^^^^^^^^^^^^^^^^^^^^^^^^^^^^^^^^^^^^^^^^^^^^^^^^^^^^
  6 | import { getAllSkills } from "@/lib/skills";
  7 | import { isValidLocale, type Locale } from "@/i18n/config";
  8 | import { getDictionary } from "@/i18n/get-dictionary";

Import map: aliased to relative './src/components/RetroTerminal' inside of [project]/Desktop/I-Product/skillhub

https://nextjs.org/docs/messages/module-not-found @ http://localhost:3000/_next/static/chunks/c2fc1_next_dist_03d21e83._.js:3127
[  119616ms] [ERROR] ./Desktop/I-Product/skillhub/src/app/[locale]/page.tsx:5:1
Module not found: Can't resolve '@/components/RetroTerminal'
  3 | import SkillGrid from "@/components/SkillGrid";
  4 | import RetroComputer from "@/components/RetroComputer";
> 5 | import RetroTerminal from "@/components/RetroTerminal";
    | ^^^^^^^^^^^^^^^^^^^^^^^^^^^^^^^^^^^^^^^^^^^^^^^^^^^^^^^
  6 | import { getAllSkills } from "@/lib/skills";
  7 | import { isValidLocale, type Locale } from "@/i18n/config";
  8 | import { getDictionary } from "@/i18n/get-dictionary";

Import map: aliased to relative './src/components/RetroTerminal' inside of [project]/Desktop/I-Product/skillhub

https://nextjs.org/docs/messages/module-not-found @ http://localhost:3000/_next/static/chunks/c2fc1_next_dist_03d21e83._.js:3127
[  119669ms] [ERROR] ./Desktop/I-Product/skillhub/src/app/[locale]/page.tsx:5:1
Module not found: Can't resolve '@/components/RetroTerminal'
  3 | import SkillGrid from "@/components/SkillGrid";
  4 | import RetroComputer from "@/components/RetroComputer";
> 5 | import RetroTerminal from "@/components/RetroTerminal";
    | ^^^^^^^^^^^^^^^^^^^^^^^^^^^^^^^^^^^^^^^^^^^^^^^^^^^^^^^
  6 | import { getAllSkills } from "@/lib/skills";
  7 | import { isValidLocale, type Locale } from "@/i18n/config";
  8 | import { getDictionary } from "@/i18n/get-dictionary";

Import map: aliased to relative './src/components/RetroTerminal' inside of [project]/Desktop/I-Product/skillhub

https://nextjs.org/docs/messages/module-not-found @ http://localhost:3000/_next/static/chunks/c2fc1_next_dist_03d21e83._.js:3127
[  119722ms] [ERROR] ./Desktop/I-Product/skillhub/src/app/[locale]/page.tsx:5:1
Module not found: Can't resolve '@/components/RetroTerminal'
  3 | import SkillGrid from "@/components/SkillGrid";
  4 | import RetroComputer from "@/components/RetroComputer";
> 5 | import RetroTerminal from "@/components/RetroTerminal";
    | ^^^^^^^^^^^^^^^^^^^^^^^^^^^^^^^^^^^^^^^^^^^^^^^^^^^^^^^
  6 | import { getAllSkills } from "@/lib/skills";
  7 | import { isValidLocale, type Locale } from "@/i18n/config";
  8 | import { getDictionary } from "@/i18n/get-dictionary";

Import map: aliased to relative './src/components/RetroTerminal' inside of [project]/Desktop/I-Product/skillhub

https://nextjs.org/docs/messages/module-not-found @ http://localhost:3000/_next/static/chunks/c2fc1_next_dist_03d21e83._.js:3127
[  119770ms] [ERROR] ./Desktop/I-Product/skillhub/src/app/[locale]/page.tsx:5:1
Module not found: Can't resolve '@/components/RetroTerminal'
  3 | import SkillGrid from "@/components/SkillGrid";
  4 | import RetroComputer from "@/components/RetroComputer";
> 5 | import RetroTerminal from "@/components/RetroTerminal";
    | ^^^^^^^^^^^^^^^^^^^^^^^^^^^^^^^^^^^^^^^^^^^^^^^^^^^^^^^
  6 | import { getAllSkills } from "@/lib/skills";
  7 | import { isValidLocale, type Locale } from "@/i18n/config";
  8 | import { getDictionary } from "@/i18n/get-dictionary";

Import map: aliased to relative './src/components/RetroTerminal' inside of [project]/Desktop/I-Product/skillhub

https://nextjs.org/docs/messages/module-not-found @ http://localhost:3000/_next/static/chunks/c2fc1_next_dist_03d21e83._.js:3127
[  119820ms] [ERROR] ./Desktop/I-Product/skillhub/src/app/[locale]/page.tsx:5:1
Module not found: Can't resolve '@/components/RetroTerminal'
  3 | import SkillGrid from "@/components/SkillGrid";
  4 | import RetroComputer from "@/components/RetroComputer";
> 5 | import RetroTerminal from "@/components/RetroTerminal";
    | ^^^^^^^^^^^^^^^^^^^^^^^^^^^^^^^^^^^^^^^^^^^^^^^^^^^^^^^
  6 | import { getAllSkills } from "@/lib/skills";
  7 | import { isValidLocale, type Locale } from "@/i18n/config";
  8 | import { getDictionary } from "@/i18n/get-dictionary";

Import map: aliased to relative './src/components/RetroTerminal' inside of [project]/Desktop/I-Product/skillhub

https://nextjs.org/docs/messages/module-not-found @ http://localhost:3000/_next/static/chunks/c2fc1_next_dist_03d21e83._.js:3127
[  119864ms] [ERROR] ./Desktop/I-Product/skillhub/src/app/[locale]/page.tsx:5:1
Module not found: Can't resolve '@/components/RetroTerminal'
  3 | import SkillGrid from "@/components/SkillGrid";
  4 | import RetroComputer from "@/components/RetroComputer";
> 5 | import RetroTerminal from "@/components/RetroTerminal";
    | ^^^^^^^^^^^^^^^^^^^^^^^^^^^^^^^^^^^^^^^^^^^^^^^^^^^^^^^
  6 | import { getAllSkills } from "@/lib/skills";
  7 | import { isValidLocale, type Locale } from "@/i18n/config";
  8 | import { getDictionary } from "@/i18n/get-dictionary";

Import map: aliased to relative './src/components/RetroTerminal' inside of [project]/Desktop/I-Product/skillhub

https://nextjs.org/docs/messages/module-not-found @ http://localhost:3000/_next/static/chunks/c2fc1_next_dist_03d21e83._.js:3127
[  119914ms] [ERROR] ./Desktop/I-Product/skillhub/src/app/[locale]/page.tsx:5:1
Module not found: Can't resolve '@/components/RetroTerminal'
  3 | import SkillGrid from "@/components/SkillGrid";
  4 | import RetroComputer from "@/components/RetroComputer";
> 5 | import RetroTerminal from "@/components/RetroTerminal";
    | ^^^^^^^^^^^^^^^^^^^^^^^^^^^^^^^^^^^^^^^^^^^^^^^^^^^^^^^
  6 | import { getAllSkills } from "@/lib/skills";
  7 | import { isValidLocale, type Locale } from "@/i18n/config";
  8 | import { getDictionary } from "@/i18n/get-dictionary";

Import map: aliased to relative './src/components/RetroTerminal' inside of [project]/Desktop/I-Product/skillhub

https://nextjs.org/docs/messages/module-not-found @ http://localhost:3000/_next/static/chunks/c2fc1_next_dist_03d21e83._.js:3127
[  119966ms] [ERROR] ./Desktop/I-Product/skillhub/src/app/[locale]/page.tsx:5:1
Module not found: Can't resolve '@/components/RetroTerminal'
  3 | import SkillGrid from "@/components/SkillGrid";
  4 | import RetroComputer from "@/components/RetroComputer";
> 5 | import RetroTerminal from "@/components/RetroTerminal";
    | ^^^^^^^^^^^^^^^^^^^^^^^^^^^^^^^^^^^^^^^^^^^^^^^^^^^^^^^
  6 | import { getAllSkills } from "@/lib/skills";
  7 | import { isValidLocale, type Locale } from "@/i18n/config";
  8 | import { getDictionary } from "@/i18n/get-dictionary";

Import map: aliased to relative './src/components/RetroTerminal' inside of [project]/Desktop/I-Product/skillhub

https://nextjs.org/docs/messages/module-not-found @ http://localhost:3000/_next/static/chunks/c2fc1_next_dist_03d21e83._.js:3127
[  120017ms] [ERROR] ./Desktop/I-Product/skillhub/src/app/[locale]/page.tsx:5:1
Module not found: Can't resolve '@/components/RetroTerminal'
  3 | import SkillGrid from "@/components/SkillGrid";
  4 | import RetroComputer from "@/components/RetroComputer";
> 5 | import RetroTerminal from "@/components/RetroTerminal";
    | ^^^^^^^^^^^^^^^^^^^^^^^^^^^^^^^^^^^^^^^^^^^^^^^^^^^^^^^
  6 | import { getAllSkills } from "@/lib/skills";
  7 | import { isValidLocale, type Locale } from "@/i18n/config";
  8 | import { getDictionary } from "@/i18n/get-dictionary";

Import map: aliased to relative './src/components/RetroTerminal' inside of [project]/Desktop/I-Product/skillhub

https://nextjs.org/docs/messages/module-not-found @ http://localhost:3000/_next/static/chunks/c2fc1_next_dist_03d21e83._.js:3127
[  120065ms] [ERROR] ./Desktop/I-Product/skillhub/src/app/[locale]/page.tsx:5:1
Module not found: Can't resolve '@/components/RetroTerminal'
  3 | import SkillGrid from "@/components/SkillGrid";
  4 | import RetroComputer from "@/components/RetroComputer";
> 5 | import RetroTerminal from "@/components/RetroTerminal";
    | ^^^^^^^^^^^^^^^^^^^^^^^^^^^^^^^^^^^^^^^^^^^^^^^^^^^^^^^
  6 | import { getAllSkills } from "@/lib/skills";
  7 | import { isValidLocale, type Locale } from "@/i18n/config";
  8 | import { getDictionary } from "@/i18n/get-dictionary";

Import map: aliased to relative './src/components/RetroTerminal' inside of [project]/Desktop/I-Product/skillhub

https://nextjs.org/docs/messages/module-not-found @ http://localhost:3000/_next/static/chunks/c2fc1_next_dist_03d21e83._.js:3127
[  120149ms] [ERROR] ./Desktop/I-Product/skillhub/src/app/[locale]/page.tsx:5:1
Module not found: Can't resolve '@/components/RetroTerminal'
  3 | import SkillGrid from "@/components/SkillGrid";
  4 | import RetroComputer from "@/components/RetroComputer";
> 5 | import RetroTerminal from "@/components/RetroTerminal";
    | ^^^^^^^^^^^^^^^^^^^^^^^^^^^^^^^^^^^^^^^^^^^^^^^^^^^^^^^
  6 | import { getAllSkills } from "@/lib/skills";
  7 | import { isValidLocale, type Locale } from "@/i18n/config";
  8 | import { getDictionary } from "@/i18n/get-dictionary";

Import map: aliased to relative './src/components/RetroTerminal' inside of [project]/Desktop/I-Product/skillhub

https://nextjs.org/docs/messages/module-not-found @ http://localhost:3000/_next/static/chunks/c2fc1_next_dist_03d21e83._.js:3127
[  120200ms] [ERROR] ./Desktop/I-Product/skillhub/src/app/[locale]/page.tsx:5:1
Module not found: Can't resolve '@/components/RetroTerminal'
  3 | import SkillGrid from "@/components/SkillGrid";
  4 | import RetroComputer from "@/components/RetroComputer";
> 5 | import RetroTerminal from "@/components/RetroTerminal";
    | ^^^^^^^^^^^^^^^^^^^^^^^^^^^^^^^^^^^^^^^^^^^^^^^^^^^^^^^
  6 | import { getAllSkills } from "@/lib/skills";
  7 | import { isValidLocale, type Locale } from "@/i18n/config";
  8 | import { getDictionary } from "@/i18n/get-dictionary";

Import map: aliased to relative './src/components/RetroTerminal' inside of [project]/Desktop/I-Product/skillhub

https://nextjs.org/docs/messages/module-not-found @ http://localhost:3000/_next/static/chunks/c2fc1_next_dist_03d21e83._.js:3127
[  120252ms] [ERROR] ./Desktop/I-Product/skillhub/src/app/[locale]/page.tsx:5:1
Module not found: Can't resolve '@/components/RetroTerminal'
  3 | import SkillGrid from "@/components/SkillGrid";
  4 | import RetroComputer from "@/components/RetroComputer";
> 5 | import RetroTerminal from "@/components/RetroTerminal";
    | ^^^^^^^^^^^^^^^^^^^^^^^^^^^^^^^^^^^^^^^^^^^^^^^^^^^^^^^
  6 | import { getAllSkills } from "@/lib/skills";
  7 | import { isValidLocale, type Locale } from "@/i18n/config";
  8 | import { getDictionary } from "@/i18n/get-dictionary";

Import map: aliased to relative './src/components/RetroTerminal' inside of [project]/Desktop/I-Product/skillhub

https://nextjs.org/docs/messages/module-not-found @ http://localhost:3000/_next/static/chunks/c2fc1_next_dist_03d21e83._.js:3127
[  120304ms] [ERROR] ./Desktop/I-Product/skillhub/src/app/[locale]/page.tsx:5:1
Module not found: Can't resolve '@/components/RetroTerminal'
  3 | import SkillGrid from "@/components/SkillGrid";
  4 | import RetroComputer from "@/components/RetroComputer";
> 5 | import RetroTerminal from "@/components/RetroTerminal";
    | ^^^^^^^^^^^^^^^^^^^^^^^^^^^^^^^^^^^^^^^^^^^^^^^^^^^^^^^
  6 | import { getAllSkills } from "@/lib/skills";
  7 | import { isValidLocale, type Locale } from "@/i18n/config";
  8 | import { getDictionary } from "@/i18n/get-dictionary";

Import map: aliased to relative './src/components/RetroTerminal' inside of [project]/Desktop/I-Product/skillhub

https://nextjs.org/docs/messages/module-not-found @ http://localhost:3000/_next/static/chunks/c2fc1_next_dist_03d21e83._.js:3127
[  120353ms] [ERROR] ./Desktop/I-Product/skillhub/src/app/[locale]/page.tsx:5:1
Module not found: Can't resolve '@/components/RetroTerminal'
  3 | import SkillGrid from "@/components/SkillGrid";
  4 | import RetroComputer from "@/components/RetroComputer";
> 5 | import RetroTerminal from "@/components/RetroTerminal";
    | ^^^^^^^^^^^^^^^^^^^^^^^^^^^^^^^^^^^^^^^^^^^^^^^^^^^^^^^
  6 | import { getAllSkills } from "@/lib/skills";
  7 | import { isValidLocale, type Locale } from "@/i18n/config";
  8 | import { getDictionary } from "@/i18n/get-dictionary";

Import map: aliased to relative './src/components/RetroTerminal' inside of [project]/Desktop/I-Product/skillhub

https://nextjs.org/docs/messages/module-not-found @ http://localhost:3000/_next/static/chunks/c2fc1_next_dist_03d21e83._.js:3127
[  120403ms] [ERROR] ./Desktop/I-Product/skillhub/src/app/[locale]/page.tsx:5:1
Module not found: Can't resolve '@/components/RetroTerminal'
  3 | import SkillGrid from "@/components/SkillGrid";
  4 | import RetroComputer from "@/components/RetroComputer";
> 5 | import RetroTerminal from "@/components/RetroTerminal";
    | ^^^^^^^^^^^^^^^^^^^^^^^^^^^^^^^^^^^^^^^^^^^^^^^^^^^^^^^
  6 | import { getAllSkills } from "@/lib/skills";
  7 | import { isValidLocale, type Locale } from "@/i18n/config";
  8 | import { getDictionary } from "@/i18n/get-dictionary";

Import map: aliased to relative './src/components/RetroTerminal' inside of [project]/Desktop/I-Product/skillhub

https://nextjs.org/docs/messages/module-not-found @ http://localhost:3000/_next/static/chunks/c2fc1_next_dist_03d21e83._.js:3127
[  120451ms] [ERROR] ./Desktop/I-Product/skillhub/src/app/[locale]/page.tsx:5:1
Module not found: Can't resolve '@/components/RetroTerminal'
  3 | import SkillGrid from "@/components/SkillGrid";
  4 | import RetroComputer from "@/components/RetroComputer";
> 5 | import RetroTerminal from "@/components/RetroTerminal";
    | ^^^^^^^^^^^^^^^^^^^^^^^^^^^^^^^^^^^^^^^^^^^^^^^^^^^^^^^
  6 | import { getAllSkills } from "@/lib/skills";
  7 | import { isValidLocale, type Locale } from "@/i18n/config";
  8 | import { getDictionary } from "@/i18n/get-dictionary";

Import map: aliased to relative './src/components/RetroTerminal' inside of [project]/Desktop/I-Product/skillhub

https://nextjs.org/docs/messages/module-not-found @ http://localhost:3000/_next/static/chunks/c2fc1_next_dist_03d21e83._.js:3127
[  120500ms] [ERROR] ./Desktop/I-Product/skillhub/src/app/[locale]/page.tsx:5:1
Module not found: Can't resolve '@/components/RetroTerminal'
  3 | import SkillGrid from "@/components/SkillGrid";
  4 | import RetroComputer from "@/components/RetroComputer";
> 5 | import RetroTerminal from "@/components/RetroTerminal";
    | ^^^^^^^^^^^^^^^^^^^^^^^^^^^^^^^^^^^^^^^^^^^^^^^^^^^^^^^
  6 | import { getAllSkills } from "@/lib/skills";
  7 | import { isValidLocale, type Locale } from "@/i18n/config";
  8 | import { getDictionary } from "@/i18n/get-dictionary";

Import map: aliased to relative './src/components/RetroTerminal' inside of [project]/Desktop/I-Product/skillhub

https://nextjs.org/docs/messages/module-not-found @ http://localhost:3000/_next/static/chunks/c2fc1_next_dist_03d21e83._.js:3127
[  120545ms] [ERROR] ./Desktop/I-Product/skillhub/src/app/[locale]/page.tsx:5:1
Module not found: Can't resolve '@/components/RetroTerminal'
  3 | import SkillGrid from "@/components/SkillGrid";
  4 | import RetroComputer from "@/components/RetroComputer";
> 5 | import RetroTerminal from "@/components/RetroTerminal";
    | ^^^^^^^^^^^^^^^^^^^^^^^^^^^^^^^^^^^^^^^^^^^^^^^^^^^^^^^
  6 | import { getAllSkills } from "@/lib/skills";
  7 | import { isValidLocale, type Locale } from "@/i18n/config";
  8 | import { getDictionary } from "@/i18n/get-dictionary";

Import map: aliased to relative './src/components/RetroTerminal' inside of [project]/Desktop/I-Product/skillhub

https://nextjs.org/docs/messages/module-not-found @ http://localhost:3000/_next/static/chunks/c2fc1_next_dist_03d21e83._.js:3127
[  120597ms] [ERROR] ./Desktop/I-Product/skillhub/src/app/[locale]/page.tsx:5:1
Module not found: Can't resolve '@/components/RetroTerminal'
  3 | import SkillGrid from "@/components/SkillGrid";
  4 | import RetroComputer from "@/components/RetroComputer";
> 5 | import RetroTerminal from "@/components/RetroTerminal";
    | ^^^^^^^^^^^^^^^^^^^^^^^^^^^^^^^^^^^^^^^^^^^^^^^^^^^^^^^
  6 | import { getAllSkills } from "@/lib/skills";
  7 | import { isValidLocale, type Locale } from "@/i18n/config";
  8 | import { getDictionary } from "@/i18n/get-dictionary";

Import map: aliased to relative './src/components/RetroTerminal' inside of [project]/Desktop/I-Product/skillhub

https://nextjs.org/docs/messages/module-not-found @ http://localhost:3000/_next/static/chunks/c2fc1_next_dist_03d21e83._.js:3127
[  120647ms] [ERROR] ./Desktop/I-Product/skillhub/src/app/[locale]/page.tsx:5:1
Module not found: Can't resolve '@/components/RetroTerminal'
  3 | import SkillGrid from "@/components/SkillGrid";
  4 | import RetroComputer from "@/components/RetroComputer";
> 5 | import RetroTerminal from "@/components/RetroTerminal";
    | ^^^^^^^^^^^^^^^^^^^^^^^^^^^^^^^^^^^^^^^^^^^^^^^^^^^^^^^
  6 | import { getAllSkills } from "@/lib/skills";
  7 | import { isValidLocale, type Locale } from "@/i18n/config";
  8 | import { getDictionary } from "@/i18n/get-dictionary";

Import map: aliased to relative './src/components/RetroTerminal' inside of [project]/Desktop/I-Product/skillhub

https://nextjs.org/docs/messages/module-not-found @ http://localhost:3000/_next/static/chunks/c2fc1_next_dist_03d21e83._.js:3127
[  120697ms] [ERROR] ./Desktop/I-Product/skillhub/src/app/[locale]/page.tsx:5:1
Module not found: Can't resolve '@/components/RetroTerminal'
  3 | import SkillGrid from "@/components/SkillGrid";
  4 | import RetroComputer from "@/components/RetroComputer";
> 5 | import RetroTerminal from "@/components/RetroTerminal";
    | ^^^^^^^^^^^^^^^^^^^^^^^^^^^^^^^^^^^^^^^^^^^^^^^^^^^^^^^
  6 | import { getAllSkills } from "@/lib/skills";
  7 | import { isValidLocale, type Locale } from "@/i18n/config";
  8 | import { getDictionary } from "@/i18n/get-dictionary";

Import map: aliased to relative './src/components/RetroTerminal' inside of [project]/Desktop/I-Product/skillhub

https://nextjs.org/docs/messages/module-not-found @ http://localhost:3000/_next/static/chunks/c2fc1_next_dist_03d21e83._.js:3127
[  120746ms] [ERROR] ./Desktop/I-Product/skillhub/src/app/[locale]/page.tsx:5:1
Module not found: Can't resolve '@/components/RetroTerminal'
  3 | import SkillGrid from "@/components/SkillGrid";
  4 | import RetroComputer from "@/components/RetroComputer";
> 5 | import RetroTerminal from "@/components/RetroTerminal";
    | ^^^^^^^^^^^^^^^^^^^^^^^^^^^^^^^^^^^^^^^^^^^^^^^^^^^^^^^
  6 | import { getAllSkills } from "@/lib/skills";
  7 | import { isValidLocale, type Locale } from "@/i18n/config";
  8 | import { getDictionary } from "@/i18n/get-dictionary";

Import map: aliased to relative './src/components/RetroTerminal' inside of [project]/Desktop/I-Product/skillhub

https://nextjs.org/docs/messages/module-not-found @ http://localhost:3000/_next/static/chunks/c2fc1_next_dist_03d21e83._.js:3127
[  120797ms] [ERROR] ./Desktop/I-Product/skillhub/src/app/[locale]/page.tsx:5:1
Module not found: Can't resolve '@/components/RetroTerminal'
  3 | import SkillGrid from "@/components/SkillGrid";
  4 | import RetroComputer from "@/components/RetroComputer";
> 5 | import RetroTerminal from "@/components/RetroTerminal";
    | ^^^^^^^^^^^^^^^^^^^^^^^^^^^^^^^^^^^^^^^^^^^^^^^^^^^^^^^
  6 | import { getAllSkills } from "@/lib/skills";
  7 | import { isValidLocale, type Locale } from "@/i18n/config";
  8 | import { getDictionary } from "@/i18n/get-dictionary";

Import map: aliased to relative './src/components/RetroTerminal' inside of [project]/Desktop/I-Product/skillhub

https://nextjs.org/docs/messages/module-not-found @ http://localhost:3000/_next/static/chunks/c2fc1_next_dist_03d21e83._.js:3127
[  120845ms] [ERROR] ./Desktop/I-Product/skillhub/src/app/[locale]/page.tsx:5:1
Module not found: Can't resolve '@/components/RetroTerminal'
  3 | import SkillGrid from "@/components/SkillGrid";
  4 | import RetroComputer from "@/components/RetroComputer";
> 5 | import RetroTerminal from "@/components/RetroTerminal";
    | ^^^^^^^^^^^^^^^^^^^^^^^^^^^^^^^^^^^^^^^^^^^^^^^^^^^^^^^
  6 | import { getAllSkills } from "@/lib/skills";
  7 | import { isValidLocale, type Locale } from "@/i18n/config";
  8 | import { getDictionary } from "@/i18n/get-dictionary";

Import map: aliased to relative './src/components/RetroTerminal' inside of [project]/Desktop/I-Product/skillhub

https://nextjs.org/docs/messages/module-not-found @ http://localhost:3000/_next/static/chunks/c2fc1_next_dist_03d21e83._.js:3127
[  120886ms] [ERROR] ./Desktop/I-Product/skillhub/src/app/[locale]/page.tsx:5:1
Module not found: Can't resolve '@/components/RetroTerminal'
  3 | import SkillGrid from "@/components/SkillGrid";
  4 | import RetroComputer from "@/components/RetroComputer";
> 5 | import RetroTerminal from "@/components/RetroTerminal";
    | ^^^^^^^^^^^^^^^^^^^^^^^^^^^^^^^^^^^^^^^^^^^^^^^^^^^^^^^
  6 | import { getAllSkills } from "@/lib/skills";
  7 | import { isValidLocale, type Locale } from "@/i18n/config";
  8 | import { getDictionary } from "@/i18n/get-dictionary";

Import map: aliased to relative './src/components/RetroTerminal' inside of [project]/Desktop/I-Product/skillhub

https://nextjs.org/docs/messages/module-not-found @ http://localhost:3000/_next/static/chunks/c2fc1_next_dist_03d21e83._.js:3127
[  120935ms] [ERROR] ./Desktop/I-Product/skillhub/src/app/[locale]/page.tsx:5:1
Module not found: Can't resolve '@/components/RetroTerminal'
  3 | import SkillGrid from "@/components/SkillGrid";
  4 | import RetroComputer from "@/components/RetroComputer";
> 5 | import RetroTerminal from "@/components/RetroTerminal";
    | ^^^^^^^^^^^^^^^^^^^^^^^^^^^^^^^^^^^^^^^^^^^^^^^^^^^^^^^
  6 | import { getAllSkills } from "@/lib/skills";
  7 | import { isValidLocale, type Locale } from "@/i18n/config";
  8 | import { getDictionary } from "@/i18n/get-dictionary";

Import map: aliased to relative './src/components/RetroTerminal' inside of [project]/Desktop/I-Product/skillhub

https://nextjs.org/docs/messages/module-not-found @ http://localhost:3000/_next/static/chunks/c2fc1_next_dist_03d21e83._.js:3127
[  120983ms] [ERROR] ./Desktop/I-Product/skillhub/src/app/[locale]/page.tsx:5:1
Module not found: Can't resolve '@/components/RetroTerminal'
  3 | import SkillGrid from "@/components/SkillGrid";
  4 | import RetroComputer from "@/components/RetroComputer";
> 5 | import RetroTerminal from "@/components/RetroTerminal";
    | ^^^^^^^^^^^^^^^^^^^^^^^^^^^^^^^^^^^^^^^^^^^^^^^^^^^^^^^
  6 | import { getAllSkills } from "@/lib/skills";
  7 | import { isValidLocale, type Locale } from "@/i18n/config";
  8 | import { getDictionary } from "@/i18n/get-dictionary";

Import map: aliased to relative './src/components/RetroTerminal' inside of [project]/Desktop/I-Product/skillhub

https://nextjs.org/docs/messages/module-not-found @ http://localhost:3000/_next/static/chunks/c2fc1_next_dist_03d21e83._.js:3127
[  121032ms] [ERROR] ./Desktop/I-Product/skillhub/src/app/[locale]/page.tsx:5:1
Module not found: Can't resolve '@/components/RetroTerminal'
  3 | import SkillGrid from "@/components/SkillGrid";
  4 | import RetroComputer from "@/components/RetroComputer";
> 5 | import RetroTerminal from "@/components/RetroTerminal";
    | ^^^^^^^^^^^^^^^^^^^^^^^^^^^^^^^^^^^^^^^^^^^^^^^^^^^^^^^
  6 | import { getAllSkills } from "@/lib/skills";
  7 | import { isValidLocale, type Locale } from "@/i18n/config";
  8 | import { getDictionary } from "@/i18n/get-dictionary";

Import map: aliased to relative './src/components/RetroTerminal' inside of [project]/Desktop/I-Product/skillhub

https://nextjs.org/docs/messages/module-not-found @ http://localhost:3000/_next/static/chunks/c2fc1_next_dist_03d21e83._.js:3127
[  121082ms] [ERROR] ./Desktop/I-Product/skillhub/src/app/[locale]/page.tsx:5:1
Module not found: Can't resolve '@/components/RetroTerminal'
  3 | import SkillGrid from "@/components/SkillGrid";
  4 | import RetroComputer from "@/components/RetroComputer";
> 5 | import RetroTerminal from "@/components/RetroTerminal";
    | ^^^^^^^^^^^^^^^^^^^^^^^^^^^^^^^^^^^^^^^^^^^^^^^^^^^^^^^
  6 | import { getAllSkills } from "@/lib/skills";
  7 | import { isValidLocale, type Locale } from "@/i18n/config";
  8 | import { getDictionary } from "@/i18n/get-dictionary";

Import map: aliased to relative './src/components/RetroTerminal' inside of [project]/Desktop/I-Product/skillhub

https://nextjs.org/docs/messages/module-not-found @ http://localhost:3000/_next/static/chunks/c2fc1_next_dist_03d21e83._.js:3127
[  121131ms] [ERROR] ./Desktop/I-Product/skillhub/src/app/[locale]/page.tsx:5:1
Module not found: Can't resolve '@/components/RetroTerminal'
  3 | import SkillGrid from "@/components/SkillGrid";
  4 | import RetroComputer from "@/components/RetroComputer";
> 5 | import RetroTerminal from "@/components/RetroTerminal";
    | ^^^^^^^^^^^^^^^^^^^^^^^^^^^^^^^^^^^^^^^^^^^^^^^^^^^^^^^
  6 | import { getAllSkills } from "@/lib/skills";
  7 | import { isValidLocale, type Locale } from "@/i18n/config";
  8 | import { getDictionary } from "@/i18n/get-dictionary";

Import map: aliased to relative './src/components/RetroTerminal' inside of [project]/Desktop/I-Product/skillhub

https://nextjs.org/docs/messages/module-not-found @ http://localhost:3000/_next/static/chunks/c2fc1_next_dist_03d21e83._.js:3127
[  121180ms] [ERROR] ./Desktop/I-Product/skillhub/src/app/[locale]/page.tsx:5:1
Module not found: Can't resolve '@/components/RetroTerminal'
  3 | import SkillGrid from "@/components/SkillGrid";
  4 | import RetroComputer from "@/components/RetroComputer";
> 5 | import RetroTerminal from "@/components/RetroTerminal";
    | ^^^^^^^^^^^^^^^^^^^^^^^^^^^^^^^^^^^^^^^^^^^^^^^^^^^^^^^
  6 | import { getAllSkills } from "@/lib/skills";
  7 | import { isValidLocale, type Locale } from "@/i18n/config";
  8 | import { getDictionary } from "@/i18n/get-dictionary";

Import map: aliased to relative './src/components/RetroTerminal' inside of [project]/Desktop/I-Product/skillhub

https://nextjs.org/docs/messages/module-not-found @ http://localhost:3000/_next/static/chunks/c2fc1_next_dist_03d21e83._.js:3127
[  121268ms] [ERROR] ./Desktop/I-Product/skillhub/src/app/[locale]/page.tsx:5:1
Module not found: Can't resolve '@/components/RetroTerminal'
  3 | import SkillGrid from "@/components/SkillGrid";
  4 | import RetroComputer from "@/components/RetroComputer";
> 5 | import RetroTerminal from "@/components/RetroTerminal";
    | ^^^^^^^^^^^^^^^^^^^^^^^^^^^^^^^^^^^^^^^^^^^^^^^^^^^^^^^
  6 | import { getAllSkills } from "@/lib/skills";
  7 | import { isValidLocale, type Locale } from "@/i18n/config";
  8 | import { getDictionary } from "@/i18n/get-dictionary";

Import map: aliased to relative './src/components/RetroTerminal' inside of [project]/Desktop/I-Product/skillhub

https://nextjs.org/docs/messages/module-not-found @ http://localhost:3000/_next/static/chunks/c2fc1_next_dist_03d21e83._.js:3127
[  121345ms] [ERROR] ./Desktop/I-Product/skillhub/src/app/[locale]/page.tsx:5:1
Module not found: Can't resolve '@/components/RetroTerminal'
  3 | import SkillGrid from "@/components/SkillGrid";
  4 | import RetroComputer from "@/components/RetroComputer";
> 5 | import RetroTerminal from "@/components/RetroTerminal";
    | ^^^^^^^^^^^^^^^^^^^^^^^^^^^^^^^^^^^^^^^^^^^^^^^^^^^^^^^
  6 | import { getAllSkills } from "@/lib/skills";
  7 | import { isValidLocale, type Locale } from "@/i18n/config";
  8 | import { getDictionary } from "@/i18n/get-dictionary";

Import map: aliased to relative './src/components/RetroTerminal' inside of [project]/Desktop/I-Product/skillhub

https://nextjs.org/docs/messages/module-not-found @ http://localhost:3000/_next/static/chunks/c2fc1_next_dist_03d21e83._.js:3127
[  121398ms] [ERROR] ./Desktop/I-Product/skillhub/src/app/[locale]/page.tsx:5:1
Module not found: Can't resolve '@/components/RetroTerminal'
  3 | import SkillGrid from "@/components/SkillGrid";
  4 | import RetroComputer from "@/components/RetroComputer";
> 5 | import RetroTerminal from "@/components/RetroTerminal";
    | ^^^^^^^^^^^^^^^^^^^^^^^^^^^^^^^^^^^^^^^^^^^^^^^^^^^^^^^
  6 | import { getAllSkills } from "@/lib/skills";
  7 | import { isValidLocale, type Locale } from "@/i18n/config";
  8 | import { getDictionary } from "@/i18n/get-dictionary";

Import map: aliased to relative './src/components/RetroTerminal' inside of [project]/Desktop/I-Product/skillhub

https://nextjs.org/docs/messages/module-not-found @ http://localhost:3000/_next/static/chunks/c2fc1_next_dist_03d21e83._.js:3127
[  121448ms] [ERROR] ./Desktop/I-Product/skillhub/src/app/[locale]/page.tsx:5:1
Module not found: Can't resolve '@/components/RetroTerminal'
  3 | import SkillGrid from "@/components/SkillGrid";
  4 | import RetroComputer from "@/components/RetroComputer";
> 5 | import RetroTerminal from "@/components/RetroTerminal";
    | ^^^^^^^^^^^^^^^^^^^^^^^^^^^^^^^^^^^^^^^^^^^^^^^^^^^^^^^
  6 | import { getAllSkills } from "@/lib/skills";
  7 | import { isValidLocale, type Locale } from "@/i18n/config";
  8 | import { getDictionary } from "@/i18n/get-dictionary";

Import map: aliased to relative './src/components/RetroTerminal' inside of [project]/Desktop/I-Product/skillhub

https://nextjs.org/docs/messages/module-not-found @ http://localhost:3000/_next/static/chunks/c2fc1_next_dist_03d21e83._.js:3127
[  121497ms] [ERROR] ./Desktop/I-Product/skillhub/src/app/[locale]/page.tsx:5:1
Module not found: Can't resolve '@/components/RetroTerminal'
  3 | import SkillGrid from "@/components/SkillGrid";
  4 | import RetroComputer from "@/components/RetroComputer";
> 5 | import RetroTerminal from "@/components/RetroTerminal";
    | ^^^^^^^^^^^^^^^^^^^^^^^^^^^^^^^^^^^^^^^^^^^^^^^^^^^^^^^
  6 | import { getAllSkills } from "@/lib/skills";
  7 | import { isValidLocale, type Locale } from "@/i18n/config";
  8 | import { getDictionary } from "@/i18n/get-dictionary";

Import map: aliased to relative './src/components/RetroTerminal' inside of [project]/Desktop/I-Product/skillhub

https://nextjs.org/docs/messages/module-not-found @ http://localhost:3000/_next/static/chunks/c2fc1_next_dist_03d21e83._.js:3127
[  121548ms] [ERROR] ./Desktop/I-Product/skillhub/src/app/[locale]/page.tsx:5:1
Module not found: Can't resolve '@/components/RetroTerminal'
  3 | import SkillGrid from "@/components/SkillGrid";
  4 | import RetroComputer from "@/components/RetroComputer";
> 5 | import RetroTerminal from "@/components/RetroTerminal";
    | ^^^^^^^^^^^^^^^^^^^^^^^^^^^^^^^^^^^^^^^^^^^^^^^^^^^^^^^
  6 | import { getAllSkills } from "@/lib/skills";
  7 | import { isValidLocale, type Locale } from "@/i18n/config";
  8 | import { getDictionary } from "@/i18n/get-dictionary";

Import map: aliased to relative './src/components/RetroTerminal' inside of [project]/Desktop/I-Product/skillhub

https://nextjs.org/docs/messages/module-not-found @ http://localhost:3000/_next/static/chunks/c2fc1_next_dist_03d21e83._.js:3127
[  121605ms] [ERROR] ./Desktop/I-Product/skillhub/src/app/[locale]/page.tsx:5:1
Module not found: Can't resolve '@/components/RetroTerminal'
  3 | import SkillGrid from "@/components/SkillGrid";
  4 | import RetroComputer from "@/components/RetroComputer";
> 5 | import RetroTerminal from "@/components/RetroTerminal";
    | ^^^^^^^^^^^^^^^^^^^^^^^^^^^^^^^^^^^^^^^^^^^^^^^^^^^^^^^
  6 | import { getAllSkills } from "@/lib/skills";
  7 | import { isValidLocale, type Locale } from "@/i18n/config";
  8 | import { getDictionary } from "@/i18n/get-dictionary";

Import map: aliased to relative './src/components/RetroTerminal' inside of [project]/Desktop/I-Product/skillhub

https://nextjs.org/docs/messages/module-not-found @ http://localhost:3000/_next/static/chunks/c2fc1_next_dist_03d21e83._.js:3127
[  121653ms] [ERROR] ./Desktop/I-Product/skillhub/src/app/[locale]/page.tsx:5:1
Module not found: Can't resolve '@/components/RetroTerminal'
  3 | import SkillGrid from "@/components/SkillGrid";
  4 | import RetroComputer from "@/components/RetroComputer";
> 5 | import RetroTerminal from "@/components/RetroTerminal";
    | ^^^^^^^^^^^^^^^^^^^^^^^^^^^^^^^^^^^^^^^^^^^^^^^^^^^^^^^
  6 | import { getAllSkills } from "@/lib/skills";
  7 | import { isValidLocale, type Locale } from "@/i18n/config";
  8 | import { getDictionary } from "@/i18n/get-dictionary";

Import map: aliased to relative './src/components/RetroTerminal' inside of [project]/Desktop/I-Product/skillhub

https://nextjs.org/docs/messages/module-not-found @ http://localhost:3000/_next/static/chunks/c2fc1_next_dist_03d21e83._.js:3127
[  121696ms] [ERROR] ./Desktop/I-Product/skillhub/src/app/[locale]/page.tsx:5:1
Module not found: Can't resolve '@/components/RetroTerminal'
  3 | import SkillGrid from "@/components/SkillGrid";
  4 | import RetroComputer from "@/components/RetroComputer";
> 5 | import RetroTerminal from "@/components/RetroTerminal";
    | ^^^^^^^^^^^^^^^^^^^^^^^^^^^^^^^^^^^^^^^^^^^^^^^^^^^^^^^
  6 | import { getAllSkills } from "@/lib/skills";
  7 | import { isValidLocale, type Locale } from "@/i18n/config";
  8 | import { getDictionary } from "@/i18n/get-dictionary";

Import map: aliased to relative './src/components/RetroTerminal' inside of [project]/Desktop/I-Product/skillhub

https://nextjs.org/docs/messages/module-not-found @ http://localhost:3000/_next/static/chunks/c2fc1_next_dist_03d21e83._.js:3127
[  121747ms] [ERROR] ./Desktop/I-Product/skillhub/src/app/[locale]/page.tsx:5:1
Module not found: Can't resolve '@/components/RetroTerminal'
  3 | import SkillGrid from "@/components/SkillGrid";
  4 | import RetroComputer from "@/components/RetroComputer";
> 5 | import RetroTerminal from "@/components/RetroTerminal";
    | ^^^^^^^^^^^^^^^^^^^^^^^^^^^^^^^^^^^^^^^^^^^^^^^^^^^^^^^
  6 | import { getAllSkills } from "@/lib/skills";
  7 | import { isValidLocale, type Locale } from "@/i18n/config";
  8 | import { getDictionary } from "@/i18n/get-dictionary";

Import map: aliased to relative './src/components/RetroTerminal' inside of [project]/Desktop/I-Product/skillhub

https://nextjs.org/docs/messages/module-not-found @ http://localhost:3000/_next/static/chunks/c2fc1_next_dist_03d21e83._.js:3127
[  121798ms] [ERROR] ./Desktop/I-Product/skillhub/src/app/[locale]/page.tsx:5:1
Module not found: Can't resolve '@/components/RetroTerminal'
  3 | import SkillGrid from "@/components/SkillGrid";
  4 | import RetroComputer from "@/components/RetroComputer";
> 5 | import RetroTerminal from "@/components/RetroTerminal";
    | ^^^^^^^^^^^^^^^^^^^^^^^^^^^^^^^^^^^^^^^^^^^^^^^^^^^^^^^
  6 | import { getAllSkills } from "@/lib/skills";
  7 | import { isValidLocale, type Locale } from "@/i18n/config";
  8 | import { getDictionary } from "@/i18n/get-dictionary";

Import map: aliased to relative './src/components/RetroTerminal' inside of [project]/Desktop/I-Product/skillhub

https://nextjs.org/docs/messages/module-not-found @ http://localhost:3000/_next/static/chunks/c2fc1_next_dist_03d21e83._.js:3127
[  121846ms] [ERROR] ./Desktop/I-Product/skillhub/src/app/[locale]/page.tsx:5:1
Module not found: Can't resolve '@/components/RetroTerminal'
  3 | import SkillGrid from "@/components/SkillGrid";
  4 | import RetroComputer from "@/components/RetroComputer";
> 5 | import RetroTerminal from "@/components/RetroTerminal";
    | ^^^^^^^^^^^^^^^^^^^^^^^^^^^^^^^^^^^^^^^^^^^^^^^^^^^^^^^
  6 | import { getAllSkills } from "@/lib/skills";
  7 | import { isValidLocale, type Locale } from "@/i18n/config";
  8 | import { getDictionary } from "@/i18n/get-dictionary";

Import map: aliased to relative './src/components/RetroTerminal' inside of [project]/Desktop/I-Product/skillhub

https://nextjs.org/docs/messages/module-not-found @ http://localhost:3000/_next/static/chunks/c2fc1_next_dist_03d21e83._.js:3127
[  121896ms] [ERROR] ./Desktop/I-Product/skillhub/src/app/[locale]/page.tsx:5:1
Module not found: Can't resolve '@/components/RetroTerminal'
  3 | import SkillGrid from "@/components/SkillGrid";
  4 | import RetroComputer from "@/components/RetroComputer";
> 5 | import RetroTerminal from "@/components/RetroTerminal";
    | ^^^^^^^^^^^^^^^^^^^^^^^^^^^^^^^^^^^^^^^^^^^^^^^^^^^^^^^
  6 | import { getAllSkills } from "@/lib/skills";
  7 | import { isValidLocale, type Locale } from "@/i18n/config";
  8 | import { getDictionary } from "@/i18n/get-dictionary";

Import map: aliased to relative './src/components/RetroTerminal' inside of [project]/Desktop/I-Product/skillhub

https://nextjs.org/docs/messages/module-not-found @ http://localhost:3000/_next/static/chunks/c2fc1_next_dist_03d21e83._.js:3127
[  121945ms] [ERROR] ./Desktop/I-Product/skillhub/src/app/[locale]/page.tsx:5:1
Module not found: Can't resolve '@/components/RetroTerminal'
  3 | import SkillGrid from "@/components/SkillGrid";
  4 | import RetroComputer from "@/components/RetroComputer";
> 5 | import RetroTerminal from "@/components/RetroTerminal";
    | ^^^^^^^^^^^^^^^^^^^^^^^^^^^^^^^^^^^^^^^^^^^^^^^^^^^^^^^
  6 | import { getAllSkills } from "@/lib/skills";
  7 | import { isValidLocale, type Locale } from "@/i18n/config";
  8 | import { getDictionary } from "@/i18n/get-dictionary";

Import map: aliased to relative './src/components/RetroTerminal' inside of [project]/Desktop/I-Product/skillhub

https://nextjs.org/docs/messages/module-not-found @ http://localhost:3000/_next/static/chunks/c2fc1_next_dist_03d21e83._.js:3127
[  121998ms] [ERROR] ./Desktop/I-Product/skillhub/src/app/[locale]/page.tsx:5:1
Module not found: Can't resolve '@/components/RetroTerminal'
  3 | import SkillGrid from "@/components/SkillGrid";
  4 | import RetroComputer from "@/components/RetroComputer";
> 5 | import RetroTerminal from "@/components/RetroTerminal";
    | ^^^^^^^^^^^^^^^^^^^^^^^^^^^^^^^^^^^^^^^^^^^^^^^^^^^^^^^
  6 | import { getAllSkills } from "@/lib/skills";
  7 | import { isValidLocale, type Locale } from "@/i18n/config";
  8 | import { getDictionary } from "@/i18n/get-dictionary";

Import map: aliased to relative './src/components/RetroTerminal' inside of [project]/Desktop/I-Product/skillhub

https://nextjs.org/docs/messages/module-not-found @ http://localhost:3000/_next/static/chunks/c2fc1_next_dist_03d21e83._.js:3127
[  122047ms] [ERROR] ./Desktop/I-Product/skillhub/src/app/[locale]/page.tsx:5:1
Module not found: Can't resolve '@/components/RetroTerminal'
  3 | import SkillGrid from "@/components/SkillGrid";
  4 | import RetroComputer from "@/components/RetroComputer";
> 5 | import RetroTerminal from "@/components/RetroTerminal";
    | ^^^^^^^^^^^^^^^^^^^^^^^^^^^^^^^^^^^^^^^^^^^^^^^^^^^^^^^
  6 | import { getAllSkills } from "@/lib/skills";
  7 | import { isValidLocale, type Locale } from "@/i18n/config";
  8 | import { getDictionary } from "@/i18n/get-dictionary";

Import map: aliased to relative './src/components/RetroTerminal' inside of [project]/Desktop/I-Product/skillhub

https://nextjs.org/docs/messages/module-not-found @ http://localhost:3000/_next/static/chunks/c2fc1_next_dist_03d21e83._.js:3127
[  122097ms] [ERROR] ./Desktop/I-Product/skillhub/src/app/[locale]/page.tsx:5:1
Module not found: Can't resolve '@/components/RetroTerminal'
  3 | import SkillGrid from "@/components/SkillGrid";
  4 | import RetroComputer from "@/components/RetroComputer";
> 5 | import RetroTerminal from "@/components/RetroTerminal";
    | ^^^^^^^^^^^^^^^^^^^^^^^^^^^^^^^^^^^^^^^^^^^^^^^^^^^^^^^
  6 | import { getAllSkills } from "@/lib/skills";
  7 | import { isValidLocale, type Locale } from "@/i18n/config";
  8 | import { getDictionary } from "@/i18n/get-dictionary";

Import map: aliased to relative './src/components/RetroTerminal' inside of [project]/Desktop/I-Product/skillhub

https://nextjs.org/docs/messages/module-not-found @ http://localhost:3000/_next/static/chunks/c2fc1_next_dist_03d21e83._.js:3127
[  122147ms] [ERROR] ./Desktop/I-Product/skillhub/src/app/[locale]/page.tsx:5:1
Module not found: Can't resolve '@/components/RetroTerminal'
  3 | import SkillGrid from "@/components/SkillGrid";
  4 | import RetroComputer from "@/components/RetroComputer";
> 5 | import RetroTerminal from "@/components/RetroTerminal";
    | ^^^^^^^^^^^^^^^^^^^^^^^^^^^^^^^^^^^^^^^^^^^^^^^^^^^^^^^
  6 | import { getAllSkills } from "@/lib/skills";
  7 | import { isValidLocale, type Locale } from "@/i18n/config";
  8 | import { getDictionary } from "@/i18n/get-dictionary";

Import map: aliased to relative './src/components/RetroTerminal' inside of [project]/Desktop/I-Product/skillhub

https://nextjs.org/docs/messages/module-not-found @ http://localhost:3000/_next/static/chunks/c2fc1_next_dist_03d21e83._.js:3127
[  122198ms] [ERROR] ./Desktop/I-Product/skillhub/src/app/[locale]/page.tsx:5:1
Module not found: Can't resolve '@/components/RetroTerminal'
  3 | import SkillGrid from "@/components/SkillGrid";
  4 | import RetroComputer from "@/components/RetroComputer";
> 5 | import RetroTerminal from "@/components/RetroTerminal";
    | ^^^^^^^^^^^^^^^^^^^^^^^^^^^^^^^^^^^^^^^^^^^^^^^^^^^^^^^
  6 | import { getAllSkills } from "@/lib/skills";
  7 | import { isValidLocale, type Locale } from "@/i18n/config";
  8 | import { getDictionary } from "@/i18n/get-dictionary";

Import map: aliased to relative './src/components/RetroTerminal' inside of [project]/Desktop/I-Product/skillhub

https://nextjs.org/docs/messages/module-not-found @ http://localhost:3000/_next/static/chunks/c2fc1_next_dist_03d21e83._.js:3127
[  122247ms] [ERROR] ./Desktop/I-Product/skillhub/src/app/[locale]/page.tsx:5:1
Module not found: Can't resolve '@/components/RetroTerminal'
  3 | import SkillGrid from "@/components/SkillGrid";
  4 | import RetroComputer from "@/components/RetroComputer";
> 5 | import RetroTerminal from "@/components/RetroTerminal";
    | ^^^^^^^^^^^^^^^^^^^^^^^^^^^^^^^^^^^^^^^^^^^^^^^^^^^^^^^
  6 | import { getAllSkills } from "@/lib/skills";
  7 | import { isValidLocale, type Locale } from "@/i18n/config";
  8 | import { getDictionary } from "@/i18n/get-dictionary";

Import map: aliased to relative './src/components/RetroTerminal' inside of [project]/Desktop/I-Product/skillhub

https://nextjs.org/docs/messages/module-not-found @ http://localhost:3000/_next/static/chunks/c2fc1_next_dist_03d21e83._.js:3127
[  122297ms] [ERROR] ./Desktop/I-Product/skillhub/src/app/[locale]/page.tsx:5:1
Module not found: Can't resolve '@/components/RetroTerminal'
  3 | import SkillGrid from "@/components/SkillGrid";
  4 | import RetroComputer from "@/components/RetroComputer";
> 5 | import RetroTerminal from "@/components/RetroTerminal";
    | ^^^^^^^^^^^^^^^^^^^^^^^^^^^^^^^^^^^^^^^^^^^^^^^^^^^^^^^
  6 | import { getAllSkills } from "@/lib/skills";
  7 | import { isValidLocale, type Locale } from "@/i18n/config";
  8 | import { getDictionary } from "@/i18n/get-dictionary";

Import map: aliased to relative './src/components/RetroTerminal' inside of [project]/Desktop/I-Product/skillhub

https://nextjs.org/docs/messages/module-not-found @ http://localhost:3000/_next/static/chunks/c2fc1_next_dist_03d21e83._.js:3127
[  122346ms] [ERROR] ./Desktop/I-Product/skillhub/src/app/[locale]/page.tsx:5:1
Module not found: Can't resolve '@/components/RetroTerminal'
  3 | import SkillGrid from "@/components/SkillGrid";
  4 | import RetroComputer from "@/components/RetroComputer";
> 5 | import RetroTerminal from "@/components/RetroTerminal";
    | ^^^^^^^^^^^^^^^^^^^^^^^^^^^^^^^^^^^^^^^^^^^^^^^^^^^^^^^
  6 | import { getAllSkills } from "@/lib/skills";
  7 | import { isValidLocale, type Locale } from "@/i18n/config";
  8 | import { getDictionary } from "@/i18n/get-dictionary";

Import map: aliased to relative './src/components/RetroTerminal' inside of [project]/Desktop/I-Product/skillhub

https://nextjs.org/docs/messages/module-not-found @ http://localhost:3000/_next/static/chunks/c2fc1_next_dist_03d21e83._.js:3127
[  122398ms] [ERROR] ./Desktop/I-Product/skillhub/src/app/[locale]/page.tsx:5:1
Module not found: Can't resolve '@/components/RetroTerminal'
  3 | import SkillGrid from "@/components/SkillGrid";
  4 | import RetroComputer from "@/components/RetroComputer";
> 5 | import RetroTerminal from "@/components/RetroTerminal";
    | ^^^^^^^^^^^^^^^^^^^^^^^^^^^^^^^^^^^^^^^^^^^^^^^^^^^^^^^
  6 | import { getAllSkills } from "@/lib/skills";
  7 | import { isValidLocale, type Locale } from "@/i18n/config";
  8 | import { getDictionary } from "@/i18n/get-dictionary";

Import map: aliased to relative './src/components/RetroTerminal' inside of [project]/Desktop/I-Product/skillhub

https://nextjs.org/docs/messages/module-not-found @ http://localhost:3000/_next/static/chunks/c2fc1_next_dist_03d21e83._.js:3127
[  122449ms] [ERROR] ./Desktop/I-Product/skillhub/src/app/[locale]/page.tsx:5:1
Module not found: Can't resolve '@/components/RetroTerminal'
  3 | import SkillGrid from "@/components/SkillGrid";
  4 | import RetroComputer from "@/components/RetroComputer";
> 5 | import RetroTerminal from "@/components/RetroTerminal";
    | ^^^^^^^^^^^^^^^^^^^^^^^^^^^^^^^^^^^^^^^^^^^^^^^^^^^^^^^
  6 | import { getAllSkills } from "@/lib/skills";
  7 | import { isValidLocale, type Locale } from "@/i18n/config";
  8 | import { getDictionary } from "@/i18n/get-dictionary";

Import map: aliased to relative './src/components/RetroTerminal' inside of [project]/Desktop/I-Product/skillhub

https://nextjs.org/docs/messages/module-not-found @ http://localhost:3000/_next/static/chunks/c2fc1_next_dist_03d21e83._.js:3127
[  122499ms] [ERROR] ./Desktop/I-Product/skillhub/src/app/[locale]/page.tsx:5:1
Module not found: Can't resolve '@/components/RetroTerminal'
  3 | import SkillGrid from "@/components/SkillGrid";
  4 | import RetroComputer from "@/components/RetroComputer";
> 5 | import RetroTerminal from "@/components/RetroTerminal";
    | ^^^^^^^^^^^^^^^^^^^^^^^^^^^^^^^^^^^^^^^^^^^^^^^^^^^^^^^
  6 | import { getAllSkills } from "@/lib/skills";
  7 | import { isValidLocale, type Locale } from "@/i18n/config";
  8 | import { getDictionary } from "@/i18n/get-dictionary";

Import map: aliased to relative './src/components/RetroTerminal' inside of [project]/Desktop/I-Product/skillhub

https://nextjs.org/docs/messages/module-not-found @ http://localhost:3000/_next/static/chunks/c2fc1_next_dist_03d21e83._.js:3127
[  122548ms] [ERROR] ./Desktop/I-Product/skillhub/src/app/[locale]/page.tsx:5:1
Module not found: Can't resolve '@/components/RetroTerminal'
  3 | import SkillGrid from "@/components/SkillGrid";
  4 | import RetroComputer from "@/components/RetroComputer";
> 5 | import RetroTerminal from "@/components/RetroTerminal";
    | ^^^^^^^^^^^^^^^^^^^^^^^^^^^^^^^^^^^^^^^^^^^^^^^^^^^^^^^
  6 | import { getAllSkills } from "@/lib/skills";
  7 | import { isValidLocale, type Locale } from "@/i18n/config";
  8 | import { getDictionary } from "@/i18n/get-dictionary";

Import map: aliased to relative './src/components/RetroTerminal' inside of [project]/Desktop/I-Product/skillhub

https://nextjs.org/docs/messages/module-not-found @ http://localhost:3000/_next/static/chunks/c2fc1_next_dist_03d21e83._.js:3127
[  122598ms] [ERROR] ./Desktop/I-Product/skillhub/src/app/[locale]/page.tsx:5:1
Module not found: Can't resolve '@/components/RetroTerminal'
  3 | import SkillGrid from "@/components/SkillGrid";
  4 | import RetroComputer from "@/components/RetroComputer";
> 5 | import RetroTerminal from "@/components/RetroTerminal";
    | ^^^^^^^^^^^^^^^^^^^^^^^^^^^^^^^^^^^^^^^^^^^^^^^^^^^^^^^
  6 | import { getAllSkills } from "@/lib/skills";
  7 | import { isValidLocale, type Locale } from "@/i18n/config";
  8 | import { getDictionary } from "@/i18n/get-dictionary";

Import map: aliased to relative './src/components/RetroTerminal' inside of [project]/Desktop/I-Product/skillhub

https://nextjs.org/docs/messages/module-not-found @ http://localhost:3000/_next/static/chunks/c2fc1_next_dist_03d21e83._.js:3127
[  122647ms] [ERROR] ./Desktop/I-Product/skillhub/src/app/[locale]/page.tsx:5:1
Module not found: Can't resolve '@/components/RetroTerminal'
  3 | import SkillGrid from "@/components/SkillGrid";
  4 | import RetroComputer from "@/components/RetroComputer";
> 5 | import RetroTerminal from "@/components/RetroTerminal";
    | ^^^^^^^^^^^^^^^^^^^^^^^^^^^^^^^^^^^^^^^^^^^^^^^^^^^^^^^
  6 | import { getAllSkills } from "@/lib/skills";
  7 | import { isValidLocale, type Locale } from "@/i18n/config";
  8 | import { getDictionary } from "@/i18n/get-dictionary";

Import map: aliased to relative './src/components/RetroTerminal' inside of [project]/Desktop/I-Product/skillhub

https://nextjs.org/docs/messages/module-not-found @ http://localhost:3000/_next/static/chunks/c2fc1_next_dist_03d21e83._.js:3127
[  122697ms] [ERROR] ./Desktop/I-Product/skillhub/src/app/[locale]/page.tsx:5:1
Module not found: Can't resolve '@/components/RetroTerminal'
  3 | import SkillGrid from "@/components/SkillGrid";
  4 | import RetroComputer from "@/components/RetroComputer";
> 5 | import RetroTerminal from "@/components/RetroTerminal";
    | ^^^^^^^^^^^^^^^^^^^^^^^^^^^^^^^^^^^^^^^^^^^^^^^^^^^^^^^
  6 | import { getAllSkills } from "@/lib/skills";
  7 | import { isValidLocale, type Locale } from "@/i18n/config";
  8 | import { getDictionary } from "@/i18n/get-dictionary";

Import map: aliased to relative './src/components/RetroTerminal' inside of [project]/Desktop/I-Product/skillhub

https://nextjs.org/docs/messages/module-not-found @ http://localhost:3000/_next/static/chunks/c2fc1_next_dist_03d21e83._.js:3127
[  122747ms] [ERROR] ./Desktop/I-Product/skillhub/src/app/[locale]/page.tsx:5:1
Module not found: Can't resolve '@/components/RetroTerminal'
  3 | import SkillGrid from "@/components/SkillGrid";
  4 | import RetroComputer from "@/components/RetroComputer";
> 5 | import RetroTerminal from "@/components/RetroTerminal";
    | ^^^^^^^^^^^^^^^^^^^^^^^^^^^^^^^^^^^^^^^^^^^^^^^^^^^^^^^
  6 | import { getAllSkills } from "@/lib/skills";
  7 | import { isValidLocale, type Locale } from "@/i18n/config";
  8 | import { getDictionary } from "@/i18n/get-dictionary";

Import map: aliased to relative './src/components/RetroTerminal' inside of [project]/Desktop/I-Product/skillhub

https://nextjs.org/docs/messages/module-not-found @ http://localhost:3000/_next/static/chunks/c2fc1_next_dist_03d21e83._.js:3127
[  122796ms] [ERROR] ./Desktop/I-Product/skillhub/src/app/[locale]/page.tsx:5:1
Module not found: Can't resolve '@/components/RetroTerminal'
  3 | import SkillGrid from "@/components/SkillGrid";
  4 | import RetroComputer from "@/components/RetroComputer";
> 5 | import RetroTerminal from "@/components/RetroTerminal";
    | ^^^^^^^^^^^^^^^^^^^^^^^^^^^^^^^^^^^^^^^^^^^^^^^^^^^^^^^
  6 | import { getAllSkills } from "@/lib/skills";
  7 | import { isValidLocale, type Locale } from "@/i18n/config";
  8 | import { getDictionary } from "@/i18n/get-dictionary";

Import map: aliased to relative './src/components/RetroTerminal' inside of [project]/Desktop/I-Product/skillhub

https://nextjs.org/docs/messages/module-not-found @ http://localhost:3000/_next/static/chunks/c2fc1_next_dist_03d21e83._.js:3127
[  122846ms] [ERROR] ./Desktop/I-Product/skillhub/src/app/[locale]/page.tsx:5:1
Module not found: Can't resolve '@/components/RetroTerminal'
  3 | import SkillGrid from "@/components/SkillGrid";
  4 | import RetroComputer from "@/components/RetroComputer";
> 5 | import RetroTerminal from "@/components/RetroTerminal";
    | ^^^^^^^^^^^^^^^^^^^^^^^^^^^^^^^^^^^^^^^^^^^^^^^^^^^^^^^
  6 | import { getAllSkills } from "@/lib/skills";
  7 | import { isValidLocale, type Locale } from "@/i18n/config";
  8 | import { getDictionary } from "@/i18n/get-dictionary";

Import map: aliased to relative './src/components/RetroTerminal' inside of [project]/Desktop/I-Product/skillhub

https://nextjs.org/docs/messages/module-not-found @ http://localhost:3000/_next/static/chunks/c2fc1_next_dist_03d21e83._.js:3127
[  122897ms] [ERROR] ./Desktop/I-Product/skillhub/src/app/[locale]/page.tsx:5:1
Module not found: Can't resolve '@/components/RetroTerminal'
  3 | import SkillGrid from "@/components/SkillGrid";
  4 | import RetroComputer from "@/components/RetroComputer";
> 5 | import RetroTerminal from "@/components/RetroTerminal";
    | ^^^^^^^^^^^^^^^^^^^^^^^^^^^^^^^^^^^^^^^^^^^^^^^^^^^^^^^
  6 | import { getAllSkills } from "@/lib/skills";
  7 | import { isValidLocale, type Locale } from "@/i18n/config";
  8 | import { getDictionary } from "@/i18n/get-dictionary";

Import map: aliased to relative './src/components/RetroTerminal' inside of [project]/Desktop/I-Product/skillhub

https://nextjs.org/docs/messages/module-not-found @ http://localhost:3000/_next/static/chunks/c2fc1_next_dist_03d21e83._.js:3127
[  122947ms] [ERROR] ./Desktop/I-Product/skillhub/src/app/[locale]/page.tsx:5:1
Module not found: Can't resolve '@/components/RetroTerminal'
  3 | import SkillGrid from "@/components/SkillGrid";
  4 | import RetroComputer from "@/components/RetroComputer";
> 5 | import RetroTerminal from "@/components/RetroTerminal";
    | ^^^^^^^^^^^^^^^^^^^^^^^^^^^^^^^^^^^^^^^^^^^^^^^^^^^^^^^
  6 | import { getAllSkills } from "@/lib/skills";
  7 | import { isValidLocale, type Locale } from "@/i18n/config";
  8 | import { getDictionary } from "@/i18n/get-dictionary";

Import map: aliased to relative './src/components/RetroTerminal' inside of [project]/Desktop/I-Product/skillhub

https://nextjs.org/docs/messages/module-not-found @ http://localhost:3000/_next/static/chunks/c2fc1_next_dist_03d21e83._.js:3127
[  122998ms] [ERROR] ./Desktop/I-Product/skillhub/src/app/[locale]/page.tsx:5:1
Module not found: Can't resolve '@/components/RetroTerminal'
  3 | import SkillGrid from "@/components/SkillGrid";
  4 | import RetroComputer from "@/components/RetroComputer";
> 5 | import RetroTerminal from "@/components/RetroTerminal";
    | ^^^^^^^^^^^^^^^^^^^^^^^^^^^^^^^^^^^^^^^^^^^^^^^^^^^^^^^
  6 | import { getAllSkills } from "@/lib/skills";
  7 | import { isValidLocale, type Locale } from "@/i18n/config";
  8 | import { getDictionary } from "@/i18n/get-dictionary";

Import map: aliased to relative './src/components/RetroTerminal' inside of [project]/Desktop/I-Product/skillhub

https://nextjs.org/docs/messages/module-not-found @ http://localhost:3000/_next/static/chunks/c2fc1_next_dist_03d21e83._.js:3127
[  123047ms] [ERROR] ./Desktop/I-Product/skillhub/src/app/[locale]/page.tsx:5:1
Module not found: Can't resolve '@/components/RetroTerminal'
  3 | import SkillGrid from "@/components/SkillGrid";
  4 | import RetroComputer from "@/components/RetroComputer";
> 5 | import RetroTerminal from "@/components/RetroTerminal";
    | ^^^^^^^^^^^^^^^^^^^^^^^^^^^^^^^^^^^^^^^^^^^^^^^^^^^^^^^
  6 | import { getAllSkills } from "@/lib/skills";
  7 | import { isValidLocale, type Locale } from "@/i18n/config";
  8 | import { getDictionary } from "@/i18n/get-dictionary";

Import map: aliased to relative './src/components/RetroTerminal' inside of [project]/Desktop/I-Product/skillhub

https://nextjs.org/docs/messages/module-not-found @ http://localhost:3000/_next/static/chunks/c2fc1_next_dist_03d21e83._.js:3127
[  123097ms] [ERROR] ./Desktop/I-Product/skillhub/src/app/[locale]/page.tsx:5:1
Module not found: Can't resolve '@/components/RetroTerminal'
  3 | import SkillGrid from "@/components/SkillGrid";
  4 | import RetroComputer from "@/components/RetroComputer";
> 5 | import RetroTerminal from "@/components/RetroTerminal";
    | ^^^^^^^^^^^^^^^^^^^^^^^^^^^^^^^^^^^^^^^^^^^^^^^^^^^^^^^
  6 | import { getAllSkills } from "@/lib/skills";
  7 | import { isValidLocale, type Locale } from "@/i18n/config";
  8 | import { getDictionary } from "@/i18n/get-dictionary";

Import map: aliased to relative './src/components/RetroTerminal' inside of [project]/Desktop/I-Product/skillhub

https://nextjs.org/docs/messages/module-not-found @ http://localhost:3000/_next/static/chunks/c2fc1_next_dist_03d21e83._.js:3127
[  123146ms] [ERROR] ./Desktop/I-Product/skillhub/src/app/[locale]/page.tsx:5:1
Module not found: Can't resolve '@/components/RetroTerminal'
  3 | import SkillGrid from "@/components/SkillGrid";
  4 | import RetroComputer from "@/components/RetroComputer";
> 5 | import RetroTerminal from "@/components/RetroTerminal";
    | ^^^^^^^^^^^^^^^^^^^^^^^^^^^^^^^^^^^^^^^^^^^^^^^^^^^^^^^
  6 | import { getAllSkills } from "@/lib/skills";
  7 | import { isValidLocale, type Locale } from "@/i18n/config";
  8 | import { getDictionary } from "@/i18n/get-dictionary";

Import map: aliased to relative './src/components/RetroTerminal' inside of [project]/Desktop/I-Product/skillhub

https://nextjs.org/docs/messages/module-not-found @ http://localhost:3000/_next/static/chunks/c2fc1_next_dist_03d21e83._.js:3127
[  123197ms] [ERROR] ./Desktop/I-Product/skillhub/src/app/[locale]/page.tsx:5:1
Module not found: Can't resolve '@/components/RetroTerminal'
  3 | import SkillGrid from "@/components/SkillGrid";
  4 | import RetroComputer from "@/components/RetroComputer";
> 5 | import RetroTerminal from "@/components/RetroTerminal";
    | ^^^^^^^^^^^^^^^^^^^^^^^^^^^^^^^^^^^^^^^^^^^^^^^^^^^^^^^
  6 | import { getAllSkills } from "@/lib/skills";
  7 | import { isValidLocale, type Locale } from "@/i18n/config";
  8 | import { getDictionary } from "@/i18n/get-dictionary";

Import map: aliased to relative './src/components/RetroTerminal' inside of [project]/Desktop/I-Product/skillhub

https://nextjs.org/docs/messages/module-not-found @ http://localhost:3000/_next/static/chunks/c2fc1_next_dist_03d21e83._.js:3127
[  123247ms] [ERROR] ./Desktop/I-Product/skillhub/src/app/[locale]/page.tsx:5:1
Module not found: Can't resolve '@/components/RetroTerminal'
  3 | import SkillGrid from "@/components/SkillGrid";
  4 | import RetroComputer from "@/components/RetroComputer";
> 5 | import RetroTerminal from "@/components/RetroTerminal";
    | ^^^^^^^^^^^^^^^^^^^^^^^^^^^^^^^^^^^^^^^^^^^^^^^^^^^^^^^
  6 | import { getAllSkills } from "@/lib/skills";
  7 | import { isValidLocale, type Locale } from "@/i18n/config";
  8 | import { getDictionary } from "@/i18n/get-dictionary";

Import map: aliased to relative './src/components/RetroTerminal' inside of [project]/Desktop/I-Product/skillhub

https://nextjs.org/docs/messages/module-not-found @ http://localhost:3000/_next/static/chunks/c2fc1_next_dist_03d21e83._.js:3127
[  123297ms] [ERROR] ./Desktop/I-Product/skillhub/src/app/[locale]/page.tsx:5:1
Module not found: Can't resolve '@/components/RetroTerminal'
  3 | import SkillGrid from "@/components/SkillGrid";
  4 | import RetroComputer from "@/components/RetroComputer";
> 5 | import RetroTerminal from "@/components/RetroTerminal";
    | ^^^^^^^^^^^^^^^^^^^^^^^^^^^^^^^^^^^^^^^^^^^^^^^^^^^^^^^
  6 | import { getAllSkills } from "@/lib/skills";
  7 | import { isValidLocale, type Locale } from "@/i18n/config";
  8 | import { getDictionary } from "@/i18n/get-dictionary";

Import map: aliased to relative './src/components/RetroTerminal' inside of [project]/Desktop/I-Product/skillhub

https://nextjs.org/docs/messages/module-not-found @ http://localhost:3000/_next/static/chunks/c2fc1_next_dist_03d21e83._.js:3127
[  123346ms] [ERROR] ./Desktop/I-Product/skillhub/src/app/[locale]/page.tsx:5:1
Module not found: Can't resolve '@/components/RetroTerminal'
  3 | import SkillGrid from "@/components/SkillGrid";
  4 | import RetroComputer from "@/components/RetroComputer";
> 5 | import RetroTerminal from "@/components/RetroTerminal";
    | ^^^^^^^^^^^^^^^^^^^^^^^^^^^^^^^^^^^^^^^^^^^^^^^^^^^^^^^
  6 | import { getAllSkills } from "@/lib/skills";
  7 | import { isValidLocale, type Locale } from "@/i18n/config";
  8 | import { getDictionary } from "@/i18n/get-dictionary";

Import map: aliased to relative './src/components/RetroTerminal' inside of [project]/Desktop/I-Product/skillhub

https://nextjs.org/docs/messages/module-not-found @ http://localhost:3000/_next/static/chunks/c2fc1_next_dist_03d21e83._.js:3127
[  123397ms] [ERROR] ./Desktop/I-Product/skillhub/src/app/[locale]/page.tsx:5:1
Module not found: Can't resolve '@/components/RetroTerminal'
  3 | import SkillGrid from "@/components/SkillGrid";
  4 | import RetroComputer from "@/components/RetroComputer";
> 5 | import RetroTerminal from "@/components/RetroTerminal";
    | ^^^^^^^^^^^^^^^^^^^^^^^^^^^^^^^^^^^^^^^^^^^^^^^^^^^^^^^
  6 | import { getAllSkills } from "@/lib/skills";
  7 | import { isValidLocale, type Locale } from "@/i18n/config";
  8 | import { getDictionary } from "@/i18n/get-dictionary";

Import map: aliased to relative './src/components/RetroTerminal' inside of [project]/Desktop/I-Product/skillhub

https://nextjs.org/docs/messages/module-not-found @ http://localhost:3000/_next/static/chunks/c2fc1_next_dist_03d21e83._.js:3127
[  123448ms] [ERROR] ./Desktop/I-Product/skillhub/src/app/[locale]/page.tsx:5:1
Module not found: Can't resolve '@/components/RetroTerminal'
  3 | import SkillGrid from "@/components/SkillGrid";
  4 | import RetroComputer from "@/components/RetroComputer";
> 5 | import RetroTerminal from "@/components/RetroTerminal";
    | ^^^^^^^^^^^^^^^^^^^^^^^^^^^^^^^^^^^^^^^^^^^^^^^^^^^^^^^
  6 | import { getAllSkills } from "@/lib/skills";
  7 | import { isValidLocale, type Locale } from "@/i18n/config";
  8 | import { getDictionary } from "@/i18n/get-dictionary";

Import map: aliased to relative './src/components/RetroTerminal' inside of [project]/Desktop/I-Product/skillhub

https://nextjs.org/docs/messages/module-not-found @ http://localhost:3000/_next/static/chunks/c2fc1_next_dist_03d21e83._.js:3127
[  123497ms] [ERROR] ./Desktop/I-Product/skillhub/src/app/[locale]/page.tsx:5:1
Module not found: Can't resolve '@/components/RetroTerminal'
  3 | import SkillGrid from "@/components/SkillGrid";
  4 | import RetroComputer from "@/components/RetroComputer";
> 5 | import RetroTerminal from "@/components/RetroTerminal";
    | ^^^^^^^^^^^^^^^^^^^^^^^^^^^^^^^^^^^^^^^^^^^^^^^^^^^^^^^
  6 | import { getAllSkills } from "@/lib/skills";
  7 | import { isValidLocale, type Locale } from "@/i18n/config";
  8 | import { getDictionary } from "@/i18n/get-dictionary";

Import map: aliased to relative './src/components/RetroTerminal' inside of [project]/Desktop/I-Product/skillhub

https://nextjs.org/docs/messages/module-not-found @ http://localhost:3000/_next/static/chunks/c2fc1_next_dist_03d21e83._.js:3127
[  123547ms] [ERROR] ./Desktop/I-Product/skillhub/src/app/[locale]/page.tsx:5:1
Module not found: Can't resolve '@/components/RetroTerminal'
  3 | import SkillGrid from "@/components/SkillGrid";
  4 | import RetroComputer from "@/components/RetroComputer";
> 5 | import RetroTerminal from "@/components/RetroTerminal";
    | ^^^^^^^^^^^^^^^^^^^^^^^^^^^^^^^^^^^^^^^^^^^^^^^^^^^^^^^
  6 | import { getAllSkills } from "@/lib/skills";
  7 | import { isValidLocale, type Locale } from "@/i18n/config";
  8 | import { getDictionary } from "@/i18n/get-dictionary";

Import map: aliased to relative './src/components/RetroTerminal' inside of [project]/Desktop/I-Product/skillhub

https://nextjs.org/docs/messages/module-not-found @ http://localhost:3000/_next/static/chunks/c2fc1_next_dist_03d21e83._.js:3127
[  123598ms] [ERROR] ./Desktop/I-Product/skillhub/src/app/[locale]/page.tsx:5:1
Module not found: Can't resolve '@/components/RetroTerminal'
  3 | import SkillGrid from "@/components/SkillGrid";
  4 | import RetroComputer from "@/components/RetroComputer";
> 5 | import RetroTerminal from "@/components/RetroTerminal";
    | ^^^^^^^^^^^^^^^^^^^^^^^^^^^^^^^^^^^^^^^^^^^^^^^^^^^^^^^
  6 | import { getAllSkills } from "@/lib/skills";
  7 | import { isValidLocale, type Locale } from "@/i18n/config";
  8 | import { getDictionary } from "@/i18n/get-dictionary";

Import map: aliased to relative './src/components/RetroTerminal' inside of [project]/Desktop/I-Product/skillhub

https://nextjs.org/docs/messages/module-not-found @ http://localhost:3000/_next/static/chunks/c2fc1_next_dist_03d21e83._.js:3127
[  123646ms] [ERROR] ./Desktop/I-Product/skillhub/src/app/[locale]/page.tsx:5:1
Module not found: Can't resolve '@/components/RetroTerminal'
  3 | import SkillGrid from "@/components/SkillGrid";
  4 | import RetroComputer from "@/components/RetroComputer";
> 5 | import RetroTerminal from "@/components/RetroTerminal";
    | ^^^^^^^^^^^^^^^^^^^^^^^^^^^^^^^^^^^^^^^^^^^^^^^^^^^^^^^
  6 | import { getAllSkills } from "@/lib/skills";
  7 | import { isValidLocale, type Locale } from "@/i18n/config";
  8 | import { getDictionary } from "@/i18n/get-dictionary";

Import map: aliased to relative './src/components/RetroTerminal' inside of [project]/Desktop/I-Product/skillhub

https://nextjs.org/docs/messages/module-not-found @ http://localhost:3000/_next/static/chunks/c2fc1_next_dist_03d21e83._.js:3127
[  123699ms] [ERROR] ./Desktop/I-Product/skillhub/src/app/[locale]/page.tsx:5:1
Module not found: Can't resolve '@/components/RetroTerminal'
  3 | import SkillGrid from "@/components/SkillGrid";
  4 | import RetroComputer from "@/components/RetroComputer";
> 5 | import RetroTerminal from "@/components/RetroTerminal";
    | ^^^^^^^^^^^^^^^^^^^^^^^^^^^^^^^^^^^^^^^^^^^^^^^^^^^^^^^
  6 | import { getAllSkills } from "@/lib/skills";
  7 | import { isValidLocale, type Locale } from "@/i18n/config";
  8 | import { getDictionary } from "@/i18n/get-dictionary";

Import map: aliased to relative './src/components/RetroTerminal' inside of [project]/Desktop/I-Product/skillhub

https://nextjs.org/docs/messages/module-not-found @ http://localhost:3000/_next/static/chunks/c2fc1_next_dist_03d21e83._.js:3127
[  123748ms] [ERROR] ./Desktop/I-Product/skillhub/src/app/[locale]/page.tsx:5:1
Module not found: Can't resolve '@/components/RetroTerminal'
  3 | import SkillGrid from "@/components/SkillGrid";
  4 | import RetroComputer from "@/components/RetroComputer";
> 5 | import RetroTerminal from "@/components/RetroTerminal";
    | ^^^^^^^^^^^^^^^^^^^^^^^^^^^^^^^^^^^^^^^^^^^^^^^^^^^^^^^
  6 | import { getAllSkills } from "@/lib/skills";
  7 | import { isValidLocale, type Locale } from "@/i18n/config";
  8 | import { getDictionary } from "@/i18n/get-dictionary";

Import map: aliased to relative './src/components/RetroTerminal' inside of [project]/Desktop/I-Product/skillhub

https://nextjs.org/docs/messages/module-not-found @ http://localhost:3000/_next/static/chunks/c2fc1_next_dist_03d21e83._.js:3127
[  123797ms] [ERROR] ./Desktop/I-Product/skillhub/src/app/[locale]/page.tsx:5:1
Module not found: Can't resolve '@/components/RetroTerminal'
  3 | import SkillGrid from "@/components/SkillGrid";
  4 | import RetroComputer from "@/components/RetroComputer";
> 5 | import RetroTerminal from "@/components/RetroTerminal";
    | ^^^^^^^^^^^^^^^^^^^^^^^^^^^^^^^^^^^^^^^^^^^^^^^^^^^^^^^
  6 | import { getAllSkills } from "@/lib/skills";
  7 | import { isValidLocale, type Locale } from "@/i18n/config";
  8 | import { getDictionary } from "@/i18n/get-dictionary";

Import map: aliased to relative './src/components/RetroTerminal' inside of [project]/Desktop/I-Product/skillhub

https://nextjs.org/docs/messages/module-not-found @ http://localhost:3000/_next/static/chunks/c2fc1_next_dist_03d21e83._.js:3127
[  123847ms] [ERROR] ./Desktop/I-Product/skillhub/src/app/[locale]/page.tsx:5:1
Module not found: Can't resolve '@/components/RetroTerminal'
  3 | import SkillGrid from "@/components/SkillGrid";
  4 | import RetroComputer from "@/components/RetroComputer";
> 5 | import RetroTerminal from "@/components/RetroTerminal";
    | ^^^^^^^^^^^^^^^^^^^^^^^^^^^^^^^^^^^^^^^^^^^^^^^^^^^^^^^
  6 | import { getAllSkills } from "@/lib/skills";
  7 | import { isValidLocale, type Locale } from "@/i18n/config";
  8 | import { getDictionary } from "@/i18n/get-dictionary";

Import map: aliased to relative './src/components/RetroTerminal' inside of [project]/Desktop/I-Product/skillhub

https://nextjs.org/docs/messages/module-not-found @ http://localhost:3000/_next/static/chunks/c2fc1_next_dist_03d21e83._.js:3127
[  123897ms] [ERROR] ./Desktop/I-Product/skillhub/src/app/[locale]/page.tsx:5:1
Module not found: Can't resolve '@/components/RetroTerminal'
  3 | import SkillGrid from "@/components/SkillGrid";
  4 | import RetroComputer from "@/components/RetroComputer";
> 5 | import RetroTerminal from "@/components/RetroTerminal";
    | ^^^^^^^^^^^^^^^^^^^^^^^^^^^^^^^^^^^^^^^^^^^^^^^^^^^^^^^
  6 | import { getAllSkills } from "@/lib/skills";
  7 | import { isValidLocale, type Locale } from "@/i18n/config";
  8 | import { getDictionary } from "@/i18n/get-dictionary";

Import map: aliased to relative './src/components/RetroTerminal' inside of [project]/Desktop/I-Product/skillhub

https://nextjs.org/docs/messages/module-not-found @ http://localhost:3000/_next/static/chunks/c2fc1_next_dist_03d21e83._.js:3127
[  123946ms] [ERROR] ./Desktop/I-Product/skillhub/src/app/[locale]/page.tsx:5:1
Module not found: Can't resolve '@/components/RetroTerminal'
  3 | import SkillGrid from "@/components/SkillGrid";
  4 | import RetroComputer from "@/components/RetroComputer";
> 5 | import RetroTerminal from "@/components/RetroTerminal";
    | ^^^^^^^^^^^^^^^^^^^^^^^^^^^^^^^^^^^^^^^^^^^^^^^^^^^^^^^
  6 | import { getAllSkills } from "@/lib/skills";
  7 | import { isValidLocale, type Locale } from "@/i18n/config";
  8 | import { getDictionary } from "@/i18n/get-dictionary";

Import map: aliased to relative './src/components/RetroTerminal' inside of [project]/Desktop/I-Product/skillhub

https://nextjs.org/docs/messages/module-not-found @ http://localhost:3000/_next/static/chunks/c2fc1_next_dist_03d21e83._.js:3127
[  123998ms] [ERROR] ./Desktop/I-Product/skillhub/src/app/[locale]/page.tsx:5:1
Module not found: Can't resolve '@/components/RetroTerminal'
  3 | import SkillGrid from "@/components/SkillGrid";
  4 | import RetroComputer from "@/components/RetroComputer";
> 5 | import RetroTerminal from "@/components/RetroTerminal";
    | ^^^^^^^^^^^^^^^^^^^^^^^^^^^^^^^^^^^^^^^^^^^^^^^^^^^^^^^
  6 | import { getAllSkills } from "@/lib/skills";
  7 | import { isValidLocale, type Locale } from "@/i18n/config";
  8 | import { getDictionary } from "@/i18n/get-dictionary";

Import map: aliased to relative './src/components/RetroTerminal' inside of [project]/Desktop/I-Product/skillhub

https://nextjs.org/docs/messages/module-not-found @ http://localhost:3000/_next/static/chunks/c2fc1_next_dist_03d21e83._.js:3127
[  124048ms] [ERROR] ./Desktop/I-Product/skillhub/src/app/[locale]/page.tsx:5:1
Module not found: Can't resolve '@/components/RetroTerminal'
  3 | import SkillGrid from "@/components/SkillGrid";
  4 | import RetroComputer from "@/components/RetroComputer";
> 5 | import RetroTerminal from "@/components/RetroTerminal";
    | ^^^^^^^^^^^^^^^^^^^^^^^^^^^^^^^^^^^^^^^^^^^^^^^^^^^^^^^
  6 | import { getAllSkills } from "@/lib/skills";
  7 | import { isValidLocale, type Locale } from "@/i18n/config";
  8 | import { getDictionary } from "@/i18n/get-dictionary";

Import map: aliased to relative './src/components/RetroTerminal' inside of [project]/Desktop/I-Product/skillhub

https://nextjs.org/docs/messages/module-not-found @ http://localhost:3000/_next/static/chunks/c2fc1_next_dist_03d21e83._.js:3127
[  124157ms] [ERROR] ./Desktop/I-Product/skillhub/src/app/[locale]/page.tsx:5:1
Module not found: Can't resolve '@/components/RetroTerminal'
  3 | import SkillGrid from "@/components/SkillGrid";
  4 | import RetroComputer from "@/components/RetroComputer";
> 5 | import RetroTerminal from "@/components/RetroTerminal";
    | ^^^^^^^^^^^^^^^^^^^^^^^^^^^^^^^^^^^^^^^^^^^^^^^^^^^^^^^
  6 | import { getAllSkills } from "@/lib/skills";
  7 | import { isValidLocale, type Locale } from "@/i18n/config";
  8 | import { getDictionary } from "@/i18n/get-dictionary";

Import map: aliased to relative './src/components/RetroTerminal' inside of [project]/Desktop/I-Product/skillhub

https://nextjs.org/docs/messages/module-not-found @ http://localhost:3000/_next/static/chunks/c2fc1_next_dist_03d21e83._.js:3127
[  124218ms] [ERROR] ./Desktop/I-Product/skillhub/src/app/[locale]/page.tsx:5:1
Module not found: Can't resolve '@/components/RetroTerminal'
  3 | import SkillGrid from "@/components/SkillGrid";
  4 | import RetroComputer from "@/components/RetroComputer";
> 5 | import RetroTerminal from "@/components/RetroTerminal";
    | ^^^^^^^^^^^^^^^^^^^^^^^^^^^^^^^^^^^^^^^^^^^^^^^^^^^^^^^
  6 | import { getAllSkills } from "@/lib/skills";
  7 | import { isValidLocale, type Locale } from "@/i18n/config";
  8 | import { getDictionary } from "@/i18n/get-dictionary";

Import map: aliased to relative './src/components/RetroTerminal' inside of [project]/Desktop/I-Product/skillhub

https://nextjs.org/docs/messages/module-not-found @ http://localhost:3000/_next/static/chunks/c2fc1_next_dist_03d21e83._.js:3127
[  124378ms] [ERROR] ./Desktop/I-Product/skillhub/src/app/[locale]/page.tsx:5:1
Module not found: Can't resolve '@/components/RetroTerminal'
  3 | import SkillGrid from "@/components/SkillGrid";
  4 | import RetroComputer from "@/components/RetroComputer";
> 5 | import RetroTerminal from "@/components/RetroTerminal";
    | ^^^^^^^^^^^^^^^^^^^^^^^^^^^^^^^^^^^^^^^^^^^^^^^^^^^^^^^
  6 | import { getAllSkills } from "@/lib/skills";
  7 | import { isValidLocale, type Locale } from "@/i18n/config";
  8 | import { getDictionary } from "@/i18n/get-dictionary";

Import map: aliased to relative './src/components/RetroTerminal' inside of [project]/Desktop/I-Product/skillhub

https://nextjs.org/docs/messages/module-not-found @ http://localhost:3000/_next/static/chunks/c2fc1_next_dist_03d21e83._.js:3127
[  124451ms] [ERROR] ./Desktop/I-Product/skillhub/src/app/[locale]/page.tsx:5:1
Module not found: Can't resolve '@/components/RetroTerminal'
  3 | import SkillGrid from "@/components/SkillGrid";
  4 | import RetroComputer from "@/components/RetroComputer";
> 5 | import RetroTerminal from "@/components/RetroTerminal";
    | ^^^^^^^^^^^^^^^^^^^^^^^^^^^^^^^^^^^^^^^^^^^^^^^^^^^^^^^
  6 | import { getAllSkills } from "@/lib/skills";
  7 | import { isValidLocale, type Locale } from "@/i18n/config";
  8 | import { getDictionary } from "@/i18n/get-dictionary";

Import map: aliased to relative './src/components/RetroTerminal' inside of [project]/Desktop/I-Product/skillhub

https://nextjs.org/docs/messages/module-not-found @ http://localhost:3000/_next/static/chunks/c2fc1_next_dist_03d21e83._.js:3127
[  124600ms] [ERROR] ./Desktop/I-Product/skillhub/src/app/[locale]/page.tsx:5:1
Module not found: Can't resolve '@/components/RetroTerminal'
  3 | import SkillGrid from "@/components/SkillGrid";
  4 | import RetroComputer from "@/components/RetroComputer";
> 5 | import RetroTerminal from "@/components/RetroTerminal";
    | ^^^^^^^^^^^^^^^^^^^^^^^^^^^^^^^^^^^^^^^^^^^^^^^^^^^^^^^
  6 | import { getAllSkills } from "@/lib/skills";
  7 | import { isValidLocale, type Locale } from "@/i18n/config";
  8 | import { getDictionary } from "@/i18n/get-dictionary";

Import map: aliased to relative './src/components/RetroTerminal' inside of [project]/Desktop/I-Product/skillhub

https://nextjs.org/docs/messages/module-not-found @ http://localhost:3000/_next/static/chunks/c2fc1_next_dist_03d21e83._.js:3127
[  124974ms] [ERROR] ./Desktop/I-Product/skillhub/src/app/[locale]/page.tsx:5:1
Module not found: Can't resolve '@/components/RetroTerminal'
  3 | import SkillGrid from "@/components/SkillGrid";
  4 | import RetroComputer from "@/components/RetroComputer";
> 5 | import RetroTerminal from "@/components/RetroTerminal";
    | ^^^^^^^^^^^^^^^^^^^^^^^^^^^^^^^^^^^^^^^^^^^^^^^^^^^^^^^
  6 | import { getAllSkills } from "@/lib/skills";
  7 | import { isValidLocale, type Locale } from "@/i18n/config";
  8 | import { getDictionary } from "@/i18n/get-dictionary";

Import map: aliased to relative './src/components/RetroTerminal' inside of [project]/Desktop/I-Product/skillhub

https://nextjs.org/docs/messages/module-not-found @ http://localhost:3000/_next/static/chunks/c2fc1_next_dist_03d21e83._.js:3127
[  125173ms] [ERROR] ./Desktop/I-Product/skillhub/src/app/[locale]/page.tsx:5:1
Module not found: Can't resolve '@/components/RetroTerminal'
  3 | import SkillGrid from "@/components/SkillGrid";
  4 | import RetroComputer from "@/components/RetroComputer";
> 5 | import RetroTerminal from "@/components/RetroTerminal";
    | ^^^^^^^^^^^^^^^^^^^^^^^^^^^^^^^^^^^^^^^^^^^^^^^^^^^^^^^
  6 | import { getAllSkills } from "@/lib/skills";
  7 | import { isValidLocale, type Locale } from "@/i18n/config";
  8 | import { getDictionary } from "@/i18n/get-dictionary";

Import map: aliased to relative './src/components/RetroTerminal' inside of [project]/Desktop/I-Product/skillhub

https://nextjs.org/docs/messages/module-not-found @ http://localhost:3000/_next/static/chunks/c2fc1_next_dist_03d21e83._.js:3127
[  125220ms] [ERROR] ./Desktop/I-Product/skillhub/src/app/[locale]/page.tsx:5:1
Module not found: Can't resolve '@/components/RetroTerminal'
  3 | import SkillGrid from "@/components/SkillGrid";
  4 | import RetroComputer from "@/components/RetroComputer";
> 5 | import RetroTerminal from "@/components/RetroTerminal";
    | ^^^^^^^^^^^^^^^^^^^^^^^^^^^^^^^^^^^^^^^^^^^^^^^^^^^^^^^
  6 | import { getAllSkills } from "@/lib/skills";
  7 | import { isValidLocale, type Locale } from "@/i18n/config";
  8 | import { getDictionary } from "@/i18n/get-dictionary";

Import map: aliased to relative './src/components/RetroTerminal' inside of [project]/Desktop/I-Product/skillhub

https://nextjs.org/docs/messages/module-not-found @ http://localhost:3000/_next/static/chunks/c2fc1_next_dist_03d21e83._.js:3127
[  125276ms] [ERROR] ./Desktop/I-Product/skillhub/src/app/[locale]/page.tsx:5:1
Module not found: Can't resolve '@/components/RetroTerminal'
  3 | import SkillGrid from "@/components/SkillGrid";
  4 | import RetroComputer from "@/components/RetroComputer";
> 5 | import RetroTerminal from "@/components/RetroTerminal";
    | ^^^^^^^^^^^^^^^^^^^^^^^^^^^^^^^^^^^^^^^^^^^^^^^^^^^^^^^
  6 | import { getAllSkills } from "@/lib/skills";
  7 | import { isValidLocale, type Locale } from "@/i18n/config";
  8 | import { getDictionary } from "@/i18n/get-dictionary";

Import map: aliased to relative './src/components/RetroTerminal' inside of [project]/Desktop/I-Product/skillhub

https://nextjs.org/docs/messages/module-not-found @ http://localhost:3000/_next/static/chunks/c2fc1_next_dist_03d21e83._.js:3127
[  125331ms] [ERROR] ./Desktop/I-Product/skillhub/src/app/[locale]/page.tsx:5:1
Module not found: Can't resolve '@/components/RetroTerminal'
  3 | import SkillGrid from "@/components/SkillGrid";
  4 | import RetroComputer from "@/components/RetroComputer";
> 5 | import RetroTerminal from "@/components/RetroTerminal";
    | ^^^^^^^^^^^^^^^^^^^^^^^^^^^^^^^^^^^^^^^^^^^^^^^^^^^^^^^
  6 | import { getAllSkills } from "@/lib/skills";
  7 | import { isValidLocale, type Locale } from "@/i18n/config";
  8 | import { getDictionary } from "@/i18n/get-dictionary";

Import map: aliased to relative './src/components/RetroTerminal' inside of [project]/Desktop/I-Product/skillhub

https://nextjs.org/docs/messages/module-not-found @ http://localhost:3000/_next/static/chunks/c2fc1_next_dist_03d21e83._.js:3127
[  125389ms] [ERROR] ./Desktop/I-Product/skillhub/src/app/[locale]/page.tsx:5:1
Module not found: Can't resolve '@/components/RetroTerminal'
  3 | import SkillGrid from "@/components/SkillGrid";
  4 | import RetroComputer from "@/components/RetroComputer";
> 5 | import RetroTerminal from "@/components/RetroTerminal";
    | ^^^^^^^^^^^^^^^^^^^^^^^^^^^^^^^^^^^^^^^^^^^^^^^^^^^^^^^
  6 | import { getAllSkills } from "@/lib/skills";
  7 | import { isValidLocale, type Locale } from "@/i18n/config";
  8 | import { getDictionary } from "@/i18n/get-dictionary";

Import map: aliased to relative './src/components/RetroTerminal' inside of [project]/Desktop/I-Product/skillhub

https://nextjs.org/docs/messages/module-not-found @ http://localhost:3000/_next/static/chunks/c2fc1_next_dist_03d21e83._.js:3127
[  125439ms] [ERROR] ./Desktop/I-Product/skillhub/src/app/[locale]/page.tsx:5:1
Module not found: Can't resolve '@/components/RetroTerminal'
  3 | import SkillGrid from "@/components/SkillGrid";
  4 | import RetroComputer from "@/components/RetroComputer";
> 5 | import RetroTerminal from "@/components/RetroTerminal";
    | ^^^^^^^^^^^^^^^^^^^^^^^^^^^^^^^^^^^^^^^^^^^^^^^^^^^^^^^
  6 | import { getAllSkills } from "@/lib/skills";
  7 | import { isValidLocale, type Locale } from "@/i18n/config";
  8 | import { getDictionary } from "@/i18n/get-dictionary";

Import map: aliased to relative './src/components/RetroTerminal' inside of [project]/Desktop/I-Product/skillhub

https://nextjs.org/docs/messages/module-not-found @ http://localhost:3000/_next/static/chunks/c2fc1_next_dist_03d21e83._.js:3127
[  125490ms] [ERROR] ./Desktop/I-Product/skillhub/src/app/[locale]/page.tsx:5:1
Module not found: Can't resolve '@/components/RetroTerminal'
  3 | import SkillGrid from "@/components/SkillGrid";
  4 | import RetroComputer from "@/components/RetroComputer";
> 5 | import RetroTerminal from "@/components/RetroTerminal";
    | ^^^^^^^^^^^^^^^^^^^^^^^^^^^^^^^^^^^^^^^^^^^^^^^^^^^^^^^
  6 | import { getAllSkills } from "@/lib/skills";
  7 | import { isValidLocale, type Locale } from "@/i18n/config";
  8 | import { getDictionary } from "@/i18n/get-dictionary";

Import map: aliased to relative './src/components/RetroTerminal' inside of [project]/Desktop/I-Product/skillhub

https://nextjs.org/docs/messages/module-not-found @ http://localhost:3000/_next/static/chunks/c2fc1_next_dist_03d21e83._.js:3127
[  125538ms] [ERROR] ./Desktop/I-Product/skillhub/src/app/[locale]/page.tsx:5:1
Module not found: Can't resolve '@/components/RetroTerminal'
  3 | import SkillGrid from "@/components/SkillGrid";
  4 | import RetroComputer from "@/components/RetroComputer";
> 5 | import RetroTerminal from "@/components/RetroTerminal";
    | ^^^^^^^^^^^^^^^^^^^^^^^^^^^^^^^^^^^^^^^^^^^^^^^^^^^^^^^
  6 | import { getAllSkills } from "@/lib/skills";
  7 | import { isValidLocale, type Locale } from "@/i18n/config";
  8 | import { getDictionary } from "@/i18n/get-dictionary";

Import map: aliased to relative './src/components/RetroTerminal' inside of [project]/Desktop/I-Product/skillhub

https://nextjs.org/docs/messages/module-not-found @ http://localhost:3000/_next/static/chunks/c2fc1_next_dist_03d21e83._.js:3127
[  125587ms] [ERROR] ./Desktop/I-Product/skillhub/src/app/[locale]/page.tsx:5:1
Module not found: Can't resolve '@/components/RetroTerminal'
  3 | import SkillGrid from "@/components/SkillGrid";
  4 | import RetroComputer from "@/components/RetroComputer";
> 5 | import RetroTerminal from "@/components/RetroTerminal";
    | ^^^^^^^^^^^^^^^^^^^^^^^^^^^^^^^^^^^^^^^^^^^^^^^^^^^^^^^
  6 | import { getAllSkills } from "@/lib/skills";
  7 | import { isValidLocale, type Locale } from "@/i18n/config";
  8 | import { getDictionary } from "@/i18n/get-dictionary";

Import map: aliased to relative './src/components/RetroTerminal' inside of [project]/Desktop/I-Product/skillhub

https://nextjs.org/docs/messages/module-not-found @ http://localhost:3000/_next/static/chunks/c2fc1_next_dist_03d21e83._.js:3127
[  125635ms] [ERROR] ./Desktop/I-Product/skillhub/src/app/[locale]/page.tsx:5:1
Module not found: Can't resolve '@/components/RetroTerminal'
  3 | import SkillGrid from "@/components/SkillGrid";
  4 | import RetroComputer from "@/components/RetroComputer";
> 5 | import RetroTerminal from "@/components/RetroTerminal";
    | ^^^^^^^^^^^^^^^^^^^^^^^^^^^^^^^^^^^^^^^^^^^^^^^^^^^^^^^
  6 | import { getAllSkills } from "@/lib/skills";
  7 | import { isValidLocale, type Locale } from "@/i18n/config";
  8 | import { getDictionary } from "@/i18n/get-dictionary";

Import map: aliased to relative './src/components/RetroTerminal' inside of [project]/Desktop/I-Product/skillhub

https://nextjs.org/docs/messages/module-not-found @ http://localhost:3000/_next/static/chunks/c2fc1_next_dist_03d21e83._.js:3127
[  125690ms] [ERROR] ./Desktop/I-Product/skillhub/src/app/[locale]/page.tsx:5:1
Module not found: Can't resolve '@/components/RetroTerminal'
  3 | import SkillGrid from "@/components/SkillGrid";
  4 | import RetroComputer from "@/components/RetroComputer";
> 5 | import RetroTerminal from "@/components/RetroTerminal";
    | ^^^^^^^^^^^^^^^^^^^^^^^^^^^^^^^^^^^^^^^^^^^^^^^^^^^^^^^
  6 | import { getAllSkills } from "@/lib/skills";
  7 | import { isValidLocale, type Locale } from "@/i18n/config";
  8 | import { getDictionary } from "@/i18n/get-dictionary";

Import map: aliased to relative './src/components/RetroTerminal' inside of [project]/Desktop/I-Product/skillhub

https://nextjs.org/docs/messages/module-not-found @ http://localhost:3000/_next/static/chunks/c2fc1_next_dist_03d21e83._.js:3127
[  125738ms] [ERROR] ./Desktop/I-Product/skillhub/src/app/[locale]/page.tsx:5:1
Module not found: Can't resolve '@/components/RetroTerminal'
  3 | import SkillGrid from "@/components/SkillGrid";
  4 | import RetroComputer from "@/components/RetroComputer";
> 5 | import RetroTerminal from "@/components/RetroTerminal";
    | ^^^^^^^^^^^^^^^^^^^^^^^^^^^^^^^^^^^^^^^^^^^^^^^^^^^^^^^
  6 | import { getAllSkills } from "@/lib/skills";
  7 | import { isValidLocale, type Locale } from "@/i18n/config";
  8 | import { getDictionary } from "@/i18n/get-dictionary";

Import map: aliased to relative './src/components/RetroTerminal' inside of [project]/Desktop/I-Product/skillhub

https://nextjs.org/docs/messages/module-not-found @ http://localhost:3000/_next/static/chunks/c2fc1_next_dist_03d21e83._.js:3127
[  125790ms] [ERROR] ./Desktop/I-Product/skillhub/src/app/[locale]/page.tsx:5:1
Module not found: Can't resolve '@/components/RetroTerminal'
  3 | import SkillGrid from "@/components/SkillGrid";
  4 | import RetroComputer from "@/components/RetroComputer";
> 5 | import RetroTerminal from "@/components/RetroTerminal";
    | ^^^^^^^^^^^^^^^^^^^^^^^^^^^^^^^^^^^^^^^^^^^^^^^^^^^^^^^
  6 | import { getAllSkills } from "@/lib/skills";
  7 | import { isValidLocale, type Locale } from "@/i18n/config";
  8 | import { getDictionary } from "@/i18n/get-dictionary";

Import map: aliased to relative './src/components/RetroTerminal' inside of [project]/Desktop/I-Product/skillhub

https://nextjs.org/docs/messages/module-not-found @ http://localhost:3000/_next/static/chunks/c2fc1_next_dist_03d21e83._.js:3127
[  125838ms] [ERROR] ./Desktop/I-Product/skillhub/src/app/[locale]/page.tsx:5:1
Module not found: Can't resolve '@/components/RetroTerminal'
  3 | import SkillGrid from "@/components/SkillGrid";
  4 | import RetroComputer from "@/components/RetroComputer";
> 5 | import RetroTerminal from "@/components/RetroTerminal";
    | ^^^^^^^^^^^^^^^^^^^^^^^^^^^^^^^^^^^^^^^^^^^^^^^^^^^^^^^
  6 | import { getAllSkills } from "@/lib/skills";
  7 | import { isValidLocale, type Locale } from "@/i18n/config";
  8 | import { getDictionary } from "@/i18n/get-dictionary";

Import map: aliased to relative './src/components/RetroTerminal' inside of [project]/Desktop/I-Product/skillhub

https://nextjs.org/docs/messages/module-not-found @ http://localhost:3000/_next/static/chunks/c2fc1_next_dist_03d21e83._.js:3127
[  125894ms] [ERROR] ./Desktop/I-Product/skillhub/src/app/[locale]/page.tsx:5:1
Module not found: Can't resolve '@/components/RetroTerminal'
  3 | import SkillGrid from "@/components/SkillGrid";
  4 | import RetroComputer from "@/components/RetroComputer";
> 5 | import RetroTerminal from "@/components/RetroTerminal";
    | ^^^^^^^^^^^^^^^^^^^^^^^^^^^^^^^^^^^^^^^^^^^^^^^^^^^^^^^
  6 | import { getAllSkills } from "@/lib/skills";
  7 | import { isValidLocale, type Locale } from "@/i18n/config";
  8 | import { getDictionary } from "@/i18n/get-dictionary";

Import map: aliased to relative './src/components/RetroTerminal' inside of [project]/Desktop/I-Product/skillhub

https://nextjs.org/docs/messages/module-not-found @ http://localhost:3000/_next/static/chunks/c2fc1_next_dist_03d21e83._.js:3127
[  125956ms] [ERROR] ./Desktop/I-Product/skillhub/src/app/[locale]/page.tsx:5:1
Module not found: Can't resolve '@/components/RetroTerminal'
  3 | import SkillGrid from "@/components/SkillGrid";
  4 | import RetroComputer from "@/components/RetroComputer";
> 5 | import RetroTerminal from "@/components/RetroTerminal";
    | ^^^^^^^^^^^^^^^^^^^^^^^^^^^^^^^^^^^^^^^^^^^^^^^^^^^^^^^
  6 | import { getAllSkills } from "@/lib/skills";
  7 | import { isValidLocale, type Locale } from "@/i18n/config";
  8 | import { getDictionary } from "@/i18n/get-dictionary";

Import map: aliased to relative './src/components/RetroTerminal' inside of [project]/Desktop/I-Product/skillhub

https://nextjs.org/docs/messages/module-not-found @ http://localhost:3000/_next/static/chunks/c2fc1_next_dist_03d21e83._.js:3127
[  126007ms] [ERROR] ./Desktop/I-Product/skillhub/src/app/[locale]/page.tsx:5:1
Module not found: Can't resolve '@/components/RetroTerminal'
  3 | import SkillGrid from "@/components/SkillGrid";
  4 | import RetroComputer from "@/components/RetroComputer";
> 5 | import RetroTerminal from "@/components/RetroTerminal";
    | ^^^^^^^^^^^^^^^^^^^^^^^^^^^^^^^^^^^^^^^^^^^^^^^^^^^^^^^
  6 | import { getAllSkills } from "@/lib/skills";
  7 | import { isValidLocale, type Locale } from "@/i18n/config";
  8 | import { getDictionary } from "@/i18n/get-dictionary";

Import map: aliased to relative './src/components/RetroTerminal' inside of [project]/Desktop/I-Product/skillhub

https://nextjs.org/docs/messages/module-not-found @ http://localhost:3000/_next/static/chunks/c2fc1_next_dist_03d21e83._.js:3127
[  126061ms] [ERROR] ./Desktop/I-Product/skillhub/src/app/[locale]/page.tsx:5:1
Module not found: Can't resolve '@/components/RetroTerminal'
  3 | import SkillGrid from "@/components/SkillGrid";
  4 | import RetroComputer from "@/components/RetroComputer";
> 5 | import RetroTerminal from "@/components/RetroTerminal";
    | ^^^^^^^^^^^^^^^^^^^^^^^^^^^^^^^^^^^^^^^^^^^^^^^^^^^^^^^
  6 | import { getAllSkills } from "@/lib/skills";
  7 | import { isValidLocale, type Locale } from "@/i18n/config";
  8 | import { getDictionary } from "@/i18n/get-dictionary";

Import map: aliased to relative './src/components/RetroTerminal' inside of [project]/Desktop/I-Product/skillhub

https://nextjs.org/docs/messages/module-not-found @ http://localhost:3000/_next/static/chunks/c2fc1_next_dist_03d21e83._.js:3127
[  126112ms] [ERROR] ./Desktop/I-Product/skillhub/src/app/[locale]/page.tsx:5:1
Module not found: Can't resolve '@/components/RetroTerminal'
  3 | import SkillGrid from "@/components/SkillGrid";
  4 | import RetroComputer from "@/components/RetroComputer";
> 5 | import RetroTerminal from "@/components/RetroTerminal";
    | ^^^^^^^^^^^^^^^^^^^^^^^^^^^^^^^^^^^^^^^^^^^^^^^^^^^^^^^
  6 | import { getAllSkills } from "@/lib/skills";
  7 | import { isValidLocale, type Locale } from "@/i18n/config";
  8 | import { getDictionary } from "@/i18n/get-dictionary";

Import map: aliased to relative './src/components/RetroTerminal' inside of [project]/Desktop/I-Product/skillhub

https://nextjs.org/docs/messages/module-not-found @ http://localhost:3000/_next/static/chunks/c2fc1_next_dist_03d21e83._.js:3127
[  126155ms] [ERROR] ./Desktop/I-Product/skillhub/src/app/[locale]/page.tsx:5:1
Module not found: Can't resolve '@/components/RetroTerminal'
  3 | import SkillGrid from "@/components/SkillGrid";
  4 | import RetroComputer from "@/components/RetroComputer";
> 5 | import RetroTerminal from "@/components/RetroTerminal";
    | ^^^^^^^^^^^^^^^^^^^^^^^^^^^^^^^^^^^^^^^^^^^^^^^^^^^^^^^
  6 | import { getAllSkills } from "@/lib/skills";
  7 | import { isValidLocale, type Locale } from "@/i18n/config";
  8 | import { getDictionary } from "@/i18n/get-dictionary";

Import map: aliased to relative './src/components/RetroTerminal' inside of [project]/Desktop/I-Product/skillhub

https://nextjs.org/docs/messages/module-not-found @ http://localhost:3000/_next/static/chunks/c2fc1_next_dist_03d21e83._.js:3127
[  126205ms] [ERROR] ./Desktop/I-Product/skillhub/src/app/[locale]/page.tsx:5:1
Module not found: Can't resolve '@/components/RetroTerminal'
  3 | import SkillGrid from "@/components/SkillGrid";
  4 | import RetroComputer from "@/components/RetroComputer";
> 5 | import RetroTerminal from "@/components/RetroTerminal";
    | ^^^^^^^^^^^^^^^^^^^^^^^^^^^^^^^^^^^^^^^^^^^^^^^^^^^^^^^
  6 | import { getAllSkills } from "@/lib/skills";
  7 | import { isValidLocale, type Locale } from "@/i18n/config";
  8 | import { getDictionary } from "@/i18n/get-dictionary";

Import map: aliased to relative './src/components/RetroTerminal' inside of [project]/Desktop/I-Product/skillhub

https://nextjs.org/docs/messages/module-not-found @ http://localhost:3000/_next/static/chunks/c2fc1_next_dist_03d21e83._.js:3127
[  126256ms] [ERROR] ./Desktop/I-Product/skillhub/src/app/[locale]/page.tsx:5:1
Module not found: Can't resolve '@/components/RetroTerminal'
  3 | import SkillGrid from "@/components/SkillGrid";
  4 | import RetroComputer from "@/components/RetroComputer";
> 5 | import RetroTerminal from "@/components/RetroTerminal";
    | ^^^^^^^^^^^^^^^^^^^^^^^^^^^^^^^^^^^^^^^^^^^^^^^^^^^^^^^
  6 | import { getAllSkills } from "@/lib/skills";
  7 | import { isValidLocale, type Locale } from "@/i18n/config";
  8 | import { getDictionary } from "@/i18n/get-dictionary";

Import map: aliased to relative './src/components/RetroTerminal' inside of [project]/Desktop/I-Product/skillhub

https://nextjs.org/docs/messages/module-not-found @ http://localhost:3000/_next/static/chunks/c2fc1_next_dist_03d21e83._.js:3127
[  126305ms] [ERROR] ./Desktop/I-Product/skillhub/src/app/[locale]/page.tsx:5:1
Module not found: Can't resolve '@/components/RetroTerminal'
  3 | import SkillGrid from "@/components/SkillGrid";
  4 | import RetroComputer from "@/components/RetroComputer";
> 5 | import RetroTerminal from "@/components/RetroTerminal";
    | ^^^^^^^^^^^^^^^^^^^^^^^^^^^^^^^^^^^^^^^^^^^^^^^^^^^^^^^
  6 | import { getAllSkills } from "@/lib/skills";
  7 | import { isValidLocale, type Locale } from "@/i18n/config";
  8 | import { getDictionary } from "@/i18n/get-dictionary";

Import map: aliased to relative './src/components/RetroTerminal' inside of [project]/Desktop/I-Product/skillhub

https://nextjs.org/docs/messages/module-not-found @ http://localhost:3000/_next/static/chunks/c2fc1_next_dist_03d21e83._.js:3127
[  126355ms] [ERROR] ./Desktop/I-Product/skillhub/src/app/[locale]/page.tsx:5:1
Module not found: Can't resolve '@/components/RetroTerminal'
  3 | import SkillGrid from "@/components/SkillGrid";
  4 | import RetroComputer from "@/components/RetroComputer";
> 5 | import RetroTerminal from "@/components/RetroTerminal";
    | ^^^^^^^^^^^^^^^^^^^^^^^^^^^^^^^^^^^^^^^^^^^^^^^^^^^^^^^
  6 | import { getAllSkills } from "@/lib/skills";
  7 | import { isValidLocale, type Locale } from "@/i18n/config";
  8 | import { getDictionary } from "@/i18n/get-dictionary";

Import map: aliased to relative './src/components/RetroTerminal' inside of [project]/Desktop/I-Product/skillhub

https://nextjs.org/docs/messages/module-not-found @ http://localhost:3000/_next/static/chunks/c2fc1_next_dist_03d21e83._.js:3127
[  126403ms] [ERROR] ./Desktop/I-Product/skillhub/src/app/[locale]/page.tsx:5:1
Module not found: Can't resolve '@/components/RetroTerminal'
  3 | import SkillGrid from "@/components/SkillGrid";
  4 | import RetroComputer from "@/components/RetroComputer";
> 5 | import RetroTerminal from "@/components/RetroTerminal";
    | ^^^^^^^^^^^^^^^^^^^^^^^^^^^^^^^^^^^^^^^^^^^^^^^^^^^^^^^
  6 | import { getAllSkills } from "@/lib/skills";
  7 | import { isValidLocale, type Locale } from "@/i18n/config";
  8 | import { getDictionary } from "@/i18n/get-dictionary";

Import map: aliased to relative './src/components/RetroTerminal' inside of [project]/Desktop/I-Product/skillhub

https://nextjs.org/docs/messages/module-not-found @ http://localhost:3000/_next/static/chunks/c2fc1_next_dist_03d21e83._.js:3127
[  126451ms] [ERROR] ./Desktop/I-Product/skillhub/src/app/[locale]/page.tsx:5:1
Module not found: Can't resolve '@/components/RetroTerminal'
  3 | import SkillGrid from "@/components/SkillGrid";
  4 | import RetroComputer from "@/components/RetroComputer";
> 5 | import RetroTerminal from "@/components/RetroTerminal";
    | ^^^^^^^^^^^^^^^^^^^^^^^^^^^^^^^^^^^^^^^^^^^^^^^^^^^^^^^
  6 | import { getAllSkills } from "@/lib/skills";
  7 | import { isValidLocale, type Locale } from "@/i18n/config";
  8 | import { getDictionary } from "@/i18n/get-dictionary";

Import map: aliased to relative './src/components/RetroTerminal' inside of [project]/Desktop/I-Product/skillhub

https://nextjs.org/docs/messages/module-not-found @ http://localhost:3000/_next/static/chunks/c2fc1_next_dist_03d21e83._.js:3127
[  126500ms] [ERROR] ./Desktop/I-Product/skillhub/src/app/[locale]/page.tsx:5:1
Module not found: Can't resolve '@/components/RetroTerminal'
  3 | import SkillGrid from "@/components/SkillGrid";
  4 | import RetroComputer from "@/components/RetroComputer";
> 5 | import RetroTerminal from "@/components/RetroTerminal";
    | ^^^^^^^^^^^^^^^^^^^^^^^^^^^^^^^^^^^^^^^^^^^^^^^^^^^^^^^
  6 | import { getAllSkills } from "@/lib/skills";
  7 | import { isValidLocale, type Locale } from "@/i18n/config";
  8 | import { getDictionary } from "@/i18n/get-dictionary";

Import map: aliased to relative './src/components/RetroTerminal' inside of [project]/Desktop/I-Product/skillhub

https://nextjs.org/docs/messages/module-not-found @ http://localhost:3000/_next/static/chunks/c2fc1_next_dist_03d21e83._.js:3127
[  126550ms] [ERROR] ./Desktop/I-Product/skillhub/src/app/[locale]/page.tsx:5:1
Module not found: Can't resolve '@/components/RetroTerminal'
  3 | import SkillGrid from "@/components/SkillGrid";
  4 | import RetroComputer from "@/components/RetroComputer";
> 5 | import RetroTerminal from "@/components/RetroTerminal";
    | ^^^^^^^^^^^^^^^^^^^^^^^^^^^^^^^^^^^^^^^^^^^^^^^^^^^^^^^
  6 | import { getAllSkills } from "@/lib/skills";
  7 | import { isValidLocale, type Locale } from "@/i18n/config";
  8 | import { getDictionary } from "@/i18n/get-dictionary";

Import map: aliased to relative './src/components/RetroTerminal' inside of [project]/Desktop/I-Product/skillhub

https://nextjs.org/docs/messages/module-not-found @ http://localhost:3000/_next/static/chunks/c2fc1_next_dist_03d21e83._.js:3127
[  126600ms] [ERROR] ./Desktop/I-Product/skillhub/src/app/[locale]/page.tsx:5:1
Module not found: Can't resolve '@/components/RetroTerminal'
  3 | import SkillGrid from "@/components/SkillGrid";
  4 | import RetroComputer from "@/components/RetroComputer";
> 5 | import RetroTerminal from "@/components/RetroTerminal";
    | ^^^^^^^^^^^^^^^^^^^^^^^^^^^^^^^^^^^^^^^^^^^^^^^^^^^^^^^
  6 | import { getAllSkills } from "@/lib/skills";
  7 | import { isValidLocale, type Locale } from "@/i18n/config";
  8 | import { getDictionary } from "@/i18n/get-dictionary";

Import map: aliased to relative './src/components/RetroTerminal' inside of [project]/Desktop/I-Product/skillhub

https://nextjs.org/docs/messages/module-not-found @ http://localhost:3000/_next/static/chunks/c2fc1_next_dist_03d21e83._.js:3127
[  126649ms] [ERROR] ./Desktop/I-Product/skillhub/src/app/[locale]/page.tsx:5:1
Module not found: Can't resolve '@/components/RetroTerminal'
  3 | import SkillGrid from "@/components/SkillGrid";
  4 | import RetroComputer from "@/components/RetroComputer";
> 5 | import RetroTerminal from "@/components/RetroTerminal";
    | ^^^^^^^^^^^^^^^^^^^^^^^^^^^^^^^^^^^^^^^^^^^^^^^^^^^^^^^
  6 | import { getAllSkills } from "@/lib/skills";
  7 | import { isValidLocale, type Locale } from "@/i18n/config";
  8 | import { getDictionary } from "@/i18n/get-dictionary";

Import map: aliased to relative './src/components/RetroTerminal' inside of [project]/Desktop/I-Product/skillhub

https://nextjs.org/docs/messages/module-not-found @ http://localhost:3000/_next/static/chunks/c2fc1_next_dist_03d21e83._.js:3127
[  126697ms] [ERROR] ./Desktop/I-Product/skillhub/src/app/[locale]/page.tsx:5:1
Module not found: Can't resolve '@/components/RetroTerminal'
  3 | import SkillGrid from "@/components/SkillGrid";
  4 | import RetroComputer from "@/components/RetroComputer";
> 5 | import RetroTerminal from "@/components/RetroTerminal";
    | ^^^^^^^^^^^^^^^^^^^^^^^^^^^^^^^^^^^^^^^^^^^^^^^^^^^^^^^
  6 | import { getAllSkills } from "@/lib/skills";
  7 | import { isValidLocale, type Locale } from "@/i18n/config";
  8 | import { getDictionary } from "@/i18n/get-dictionary";

Import map: aliased to relative './src/components/RetroTerminal' inside of [project]/Desktop/I-Product/skillhub

https://nextjs.org/docs/messages/module-not-found @ http://localhost:3000/_next/static/chunks/c2fc1_next_dist_03d21e83._.js:3127
[  126748ms] [ERROR] ./Desktop/I-Product/skillhub/src/app/[locale]/page.tsx:5:1
Module not found: Can't resolve '@/components/RetroTerminal'
  3 | import SkillGrid from "@/components/SkillGrid";
  4 | import RetroComputer from "@/components/RetroComputer";
> 5 | import RetroTerminal from "@/components/RetroTerminal";
    | ^^^^^^^^^^^^^^^^^^^^^^^^^^^^^^^^^^^^^^^^^^^^^^^^^^^^^^^
  6 | import { getAllSkills } from "@/lib/skills";
  7 | import { isValidLocale, type Locale } from "@/i18n/config";
  8 | import { getDictionary } from "@/i18n/get-dictionary";

Import map: aliased to relative './src/components/RetroTerminal' inside of [project]/Desktop/I-Product/skillhub

https://nextjs.org/docs/messages/module-not-found @ http://localhost:3000/_next/static/chunks/c2fc1_next_dist_03d21e83._.js:3127
[  126806ms] [ERROR] ./Desktop/I-Product/skillhub/src/app/[locale]/page.tsx:5:1
Module not found: Can't resolve '@/components/RetroTerminal'
  3 | import SkillGrid from "@/components/SkillGrid";
  4 | import RetroComputer from "@/components/RetroComputer";
> 5 | import RetroTerminal from "@/components/RetroTerminal";
    | ^^^^^^^^^^^^^^^^^^^^^^^^^^^^^^^^^^^^^^^^^^^^^^^^^^^^^^^
  6 | import { getAllSkills } from "@/lib/skills";
  7 | import { isValidLocale, type Locale } from "@/i18n/config";
  8 | import { getDictionary } from "@/i18n/get-dictionary";

Import map: aliased to relative './src/components/RetroTerminal' inside of [project]/Desktop/I-Product/skillhub

https://nextjs.org/docs/messages/module-not-found @ http://localhost:3000/_next/static/chunks/c2fc1_next_dist_03d21e83._.js:3127
[  126853ms] [ERROR] ./Desktop/I-Product/skillhub/src/app/[locale]/page.tsx:5:1
Module not found: Can't resolve '@/components/RetroTerminal'
  3 | import SkillGrid from "@/components/SkillGrid";
  4 | import RetroComputer from "@/components/RetroComputer";
> 5 | import RetroTerminal from "@/components/RetroTerminal";
    | ^^^^^^^^^^^^^^^^^^^^^^^^^^^^^^^^^^^^^^^^^^^^^^^^^^^^^^^
  6 | import { getAllSkills } from "@/lib/skills";
  7 | import { isValidLocale, type Locale } from "@/i18n/config";
  8 | import { getDictionary } from "@/i18n/get-dictionary";

Import map: aliased to relative './src/components/RetroTerminal' inside of [project]/Desktop/I-Product/skillhub

https://nextjs.org/docs/messages/module-not-found @ http://localhost:3000/_next/static/chunks/c2fc1_next_dist_03d21e83._.js:3127
[  126905ms] [ERROR] ./Desktop/I-Product/skillhub/src/app/[locale]/page.tsx:5:1
Module not found: Can't resolve '@/components/RetroTerminal'
  3 | import SkillGrid from "@/components/SkillGrid";
  4 | import RetroComputer from "@/components/RetroComputer";
> 5 | import RetroTerminal from "@/components/RetroTerminal";
    | ^^^^^^^^^^^^^^^^^^^^^^^^^^^^^^^^^^^^^^^^^^^^^^^^^^^^^^^
  6 | import { getAllSkills } from "@/lib/skills";
  7 | import { isValidLocale, type Locale } from "@/i18n/config";
  8 | import { getDictionary } from "@/i18n/get-dictionary";

Import map: aliased to relative './src/components/RetroTerminal' inside of [project]/Desktop/I-Product/skillhub

https://nextjs.org/docs/messages/module-not-found @ http://localhost:3000/_next/static/chunks/c2fc1_next_dist_03d21e83._.js:3127
[  126956ms] [ERROR] ./Desktop/I-Product/skillhub/src/app/[locale]/page.tsx:5:1
Module not found: Can't resolve '@/components/RetroTerminal'
  3 | import SkillGrid from "@/components/SkillGrid";
  4 | import RetroComputer from "@/components/RetroComputer";
> 5 | import RetroTerminal from "@/components/RetroTerminal";
    | ^^^^^^^^^^^^^^^^^^^^^^^^^^^^^^^^^^^^^^^^^^^^^^^^^^^^^^^
  6 | import { getAllSkills } from "@/lib/skills";
  7 | import { isValidLocale, type Locale } from "@/i18n/config";
  8 | import { getDictionary } from "@/i18n/get-dictionary";

Import map: aliased to relative './src/components/RetroTerminal' inside of [project]/Desktop/I-Product/skillhub

https://nextjs.org/docs/messages/module-not-found @ http://localhost:3000/_next/static/chunks/c2fc1_next_dist_03d21e83._.js:3127
[  127005ms] [ERROR] ./Desktop/I-Product/skillhub/src/app/[locale]/page.tsx:5:1
Module not found: Can't resolve '@/components/RetroTerminal'
  3 | import SkillGrid from "@/components/SkillGrid";
  4 | import RetroComputer from "@/components/RetroComputer";
> 5 | import RetroTerminal from "@/components/RetroTerminal";
    | ^^^^^^^^^^^^^^^^^^^^^^^^^^^^^^^^^^^^^^^^^^^^^^^^^^^^^^^
  6 | import { getAllSkills } from "@/lib/skills";
  7 | import { isValidLocale, type Locale } from "@/i18n/config";
  8 | import { getDictionary } from "@/i18n/get-dictionary";

Import map: aliased to relative './src/components/RetroTerminal' inside of [project]/Desktop/I-Product/skillhub

https://nextjs.org/docs/messages/module-not-found @ http://localhost:3000/_next/static/chunks/c2fc1_next_dist_03d21e83._.js:3127
[  127058ms] [ERROR] ./Desktop/I-Product/skillhub/src/app/[locale]/page.tsx:5:1
Module not found: Can't resolve '@/components/RetroTerminal'
  3 | import SkillGrid from "@/components/SkillGrid";
  4 | import RetroComputer from "@/components/RetroComputer";
> 5 | import RetroTerminal from "@/components/RetroTerminal";
    | ^^^^^^^^^^^^^^^^^^^^^^^^^^^^^^^^^^^^^^^^^^^^^^^^^^^^^^^
  6 | import { getAllSkills } from "@/lib/skills";
  7 | import { isValidLocale, type Locale } from "@/i18n/config";
  8 | import { getDictionary } from "@/i18n/get-dictionary";

Import map: aliased to relative './src/components/RetroTerminal' inside of [project]/Desktop/I-Product/skillhub

https://nextjs.org/docs/messages/module-not-found @ http://localhost:3000/_next/static/chunks/c2fc1_next_dist_03d21e83._.js:3127
[  127136ms] [ERROR] ./Desktop/I-Product/skillhub/src/app/[locale]/page.tsx:5:1
Module not found: Can't resolve '@/components/RetroTerminal'
  3 | import SkillGrid from "@/components/SkillGrid";
  4 | import RetroComputer from "@/components/RetroComputer";
> 5 | import RetroTerminal from "@/components/RetroTerminal";
    | ^^^^^^^^^^^^^^^^^^^^^^^^^^^^^^^^^^^^^^^^^^^^^^^^^^^^^^^
  6 | import { getAllSkills } from "@/lib/skills";
  7 | import { isValidLocale, type Locale } from "@/i18n/config";
  8 | import { getDictionary } from "@/i18n/get-dictionary";

Import map: aliased to relative './src/components/RetroTerminal' inside of [project]/Desktop/I-Product/skillhub

https://nextjs.org/docs/messages/module-not-found @ http://localhost:3000/_next/static/chunks/c2fc1_next_dist_03d21e83._.js:3127
[  127186ms] [ERROR] ./Desktop/I-Product/skillhub/src/app/[locale]/page.tsx:5:1
Module not found: Can't resolve '@/components/RetroTerminal'
  3 | import SkillGrid from "@/components/SkillGrid";
  4 | import RetroComputer from "@/components/RetroComputer";
> 5 | import RetroTerminal from "@/components/RetroTerminal";
    | ^^^^^^^^^^^^^^^^^^^^^^^^^^^^^^^^^^^^^^^^^^^^^^^^^^^^^^^
  6 | import { getAllSkills } from "@/lib/skills";
  7 | import { isValidLocale, type Locale } from "@/i18n/config";
  8 | import { getDictionary } from "@/i18n/get-dictionary";

Import map: aliased to relative './src/components/RetroTerminal' inside of [project]/Desktop/I-Product/skillhub

https://nextjs.org/docs/messages/module-not-found @ http://localhost:3000/_next/static/chunks/c2fc1_next_dist_03d21e83._.js:3127
[  127239ms] [ERROR] ./Desktop/I-Product/skillhub/src/app/[locale]/page.tsx:5:1
Module not found: Can't resolve '@/components/RetroTerminal'
  3 | import SkillGrid from "@/components/SkillGrid";
  4 | import RetroComputer from "@/components/RetroComputer";
> 5 | import RetroTerminal from "@/components/RetroTerminal";
    | ^^^^^^^^^^^^^^^^^^^^^^^^^^^^^^^^^^^^^^^^^^^^^^^^^^^^^^^
  6 | import { getAllSkills } from "@/lib/skills";
  7 | import { isValidLocale, type Locale } from "@/i18n/config";
  8 | import { getDictionary } from "@/i18n/get-dictionary";

Import map: aliased to relative './src/components/RetroTerminal' inside of [project]/Desktop/I-Product/skillhub

https://nextjs.org/docs/messages/module-not-found @ http://localhost:3000/_next/static/chunks/c2fc1_next_dist_03d21e83._.js:3127
[  127294ms] [ERROR] ./Desktop/I-Product/skillhub/src/app/[locale]/page.tsx:5:1
Module not found: Can't resolve '@/components/RetroTerminal'
  3 | import SkillGrid from "@/components/SkillGrid";
  4 | import RetroComputer from "@/components/RetroComputer";
> 5 | import RetroTerminal from "@/components/RetroTerminal";
    | ^^^^^^^^^^^^^^^^^^^^^^^^^^^^^^^^^^^^^^^^^^^^^^^^^^^^^^^
  6 | import { getAllSkills } from "@/lib/skills";
  7 | import { isValidLocale, type Locale } from "@/i18n/config";
  8 | import { getDictionary } from "@/i18n/get-dictionary";

Import map: aliased to relative './src/components/RetroTerminal' inside of [project]/Desktop/I-Product/skillhub

https://nextjs.org/docs/messages/module-not-found @ http://localhost:3000/_next/static/chunks/c2fc1_next_dist_03d21e83._.js:3127
[  127332ms] [ERROR] ./Desktop/I-Product/skillhub/src/app/[locale]/page.tsx:5:1
Module not found: Can't resolve '@/components/RetroTerminal'
  3 | import SkillGrid from "@/components/SkillGrid";
  4 | import RetroComputer from "@/components/RetroComputer";
> 5 | import RetroTerminal from "@/components/RetroTerminal";
    | ^^^^^^^^^^^^^^^^^^^^^^^^^^^^^^^^^^^^^^^^^^^^^^^^^^^^^^^
  6 | import { getAllSkills } from "@/lib/skills";
  7 | import { isValidLocale, type Locale } from "@/i18n/config";
  8 | import { getDictionary } from "@/i18n/get-dictionary";

Import map: aliased to relative './src/components/RetroTerminal' inside of [project]/Desktop/I-Product/skillhub

https://nextjs.org/docs/messages/module-not-found @ http://localhost:3000/_next/static/chunks/c2fc1_next_dist_03d21e83._.js:3127
[  127383ms] [ERROR] ./Desktop/I-Product/skillhub/src/app/[locale]/page.tsx:5:1
Module not found: Can't resolve '@/components/RetroTerminal'
  3 | import SkillGrid from "@/components/SkillGrid";
  4 | import RetroComputer from "@/components/RetroComputer";
> 5 | import RetroTerminal from "@/components/RetroTerminal";
    | ^^^^^^^^^^^^^^^^^^^^^^^^^^^^^^^^^^^^^^^^^^^^^^^^^^^^^^^
  6 | import { getAllSkills } from "@/lib/skills";
  7 | import { isValidLocale, type Locale } from "@/i18n/config";
  8 | import { getDictionary } from "@/i18n/get-dictionary";

Import map: aliased to relative './src/components/RetroTerminal' inside of [project]/Desktop/I-Product/skillhub

https://nextjs.org/docs/messages/module-not-found @ http://localhost:3000/_next/static/chunks/c2fc1_next_dist_03d21e83._.js:3127
[  127431ms] [ERROR] ./Desktop/I-Product/skillhub/src/app/[locale]/page.tsx:5:1
Module not found: Can't resolve '@/components/RetroTerminal'
  3 | import SkillGrid from "@/components/SkillGrid";
  4 | import RetroComputer from "@/components/RetroComputer";
> 5 | import RetroTerminal from "@/components/RetroTerminal";
    | ^^^^^^^^^^^^^^^^^^^^^^^^^^^^^^^^^^^^^^^^^^^^^^^^^^^^^^^
  6 | import { getAllSkills } from "@/lib/skills";
  7 | import { isValidLocale, type Locale } from "@/i18n/config";
  8 | import { getDictionary } from "@/i18n/get-dictionary";

Import map: aliased to relative './src/components/RetroTerminal' inside of [project]/Desktop/I-Product/skillhub

https://nextjs.org/docs/messages/module-not-found @ http://localhost:3000/_next/static/chunks/c2fc1_next_dist_03d21e83._.js:3127
[  127572ms] [ERROR] ./Desktop/I-Product/skillhub/src/app/[locale]/page.tsx:5:1
Module not found: Can't resolve '@/components/RetroTerminal'
  3 | import SkillGrid from "@/components/SkillGrid";
  4 | import RetroComputer from "@/components/RetroComputer";
> 5 | import RetroTerminal from "@/components/RetroTerminal";
    | ^^^^^^^^^^^^^^^^^^^^^^^^^^^^^^^^^^^^^^^^^^^^^^^^^^^^^^^
  6 | import { getAllSkills } from "@/lib/skills";
  7 | import { isValidLocale, type Locale } from "@/i18n/config";
  8 | import { getDictionary } from "@/i18n/get-dictionary";

Import map: aliased to relative './src/components/RetroTerminal' inside of [project]/Desktop/I-Product/skillhub

https://nextjs.org/docs/messages/module-not-found @ http://localhost:3000/_next/static/chunks/c2fc1_next_dist_03d21e83._.js:3127
[  127634ms] [ERROR] ./Desktop/I-Product/skillhub/src/app/[locale]/page.tsx:5:1
Module not found: Can't resolve '@/components/RetroTerminal'
  3 | import SkillGrid from "@/components/SkillGrid";
  4 | import RetroComputer from "@/components/RetroComputer";
> 5 | import RetroTerminal from "@/components/RetroTerminal";
    | ^^^^^^^^^^^^^^^^^^^^^^^^^^^^^^^^^^^^^^^^^^^^^^^^^^^^^^^
  6 | import { getAllSkills } from "@/lib/skills";
  7 | import { isValidLocale, type Locale } from "@/i18n/config";
  8 | import { getDictionary } from "@/i18n/get-dictionary";

Import map: aliased to relative './src/components/RetroTerminal' inside of [project]/Desktop/I-Product/skillhub

https://nextjs.org/docs/messages/module-not-found @ http://localhost:3000/_next/static/chunks/c2fc1_next_dist_03d21e83._.js:3127
[  127684ms] [ERROR] ./Desktop/I-Product/skillhub/src/app/[locale]/page.tsx:5:1
Module not found: Can't resolve '@/components/RetroTerminal'
  3 | import SkillGrid from "@/components/SkillGrid";
  4 | import RetroComputer from "@/components/RetroComputer";
> 5 | import RetroTerminal from "@/components/RetroTerminal";
    | ^^^^^^^^^^^^^^^^^^^^^^^^^^^^^^^^^^^^^^^^^^^^^^^^^^^^^^^
  6 | import { getAllSkills } from "@/lib/skills";
  7 | import { isValidLocale, type Locale } from "@/i18n/config";
  8 | import { getDictionary } from "@/i18n/get-dictionary";

Import map: aliased to relative './src/components/RetroTerminal' inside of [project]/Desktop/I-Product/skillhub

https://nextjs.org/docs/messages/module-not-found @ http://localhost:3000/_next/static/chunks/c2fc1_next_dist_03d21e83._.js:3127
[  127738ms] [ERROR] ./Desktop/I-Product/skillhub/src/app/[locale]/page.tsx:5:1
Module not found: Can't resolve '@/components/RetroTerminal'
  3 | import SkillGrid from "@/components/SkillGrid";
  4 | import RetroComputer from "@/components/RetroComputer";
> 5 | import RetroTerminal from "@/components/RetroTerminal";
    | ^^^^^^^^^^^^^^^^^^^^^^^^^^^^^^^^^^^^^^^^^^^^^^^^^^^^^^^
  6 | import { getAllSkills } from "@/lib/skills";
  7 | import { isValidLocale, type Locale } from "@/i18n/config";
  8 | import { getDictionary } from "@/i18n/get-dictionary";

Import map: aliased to relative './src/components/RetroTerminal' inside of [project]/Desktop/I-Product/skillhub

https://nextjs.org/docs/messages/module-not-found @ http://localhost:3000/_next/static/chunks/c2fc1_next_dist_03d21e83._.js:3127
[  127809ms] [ERROR] ./Desktop/I-Product/skillhub/src/app/[locale]/page.tsx:5:1
Module not found: Can't resolve '@/components/RetroTerminal'
  3 | import SkillGrid from "@/components/SkillGrid";
  4 | import RetroComputer from "@/components/RetroComputer";
> 5 | import RetroTerminal from "@/components/RetroTerminal";
    | ^^^^^^^^^^^^^^^^^^^^^^^^^^^^^^^^^^^^^^^^^^^^^^^^^^^^^^^
  6 | import { getAllSkills } from "@/lib/skills";
  7 | import { isValidLocale, type Locale } from "@/i18n/config";
  8 | import { getDictionary } from "@/i18n/get-dictionary";

Import map: aliased to relative './src/components/RetroTerminal' inside of [project]/Desktop/I-Product/skillhub

https://nextjs.org/docs/messages/module-not-found @ http://localhost:3000/_next/static/chunks/c2fc1_next_dist_03d21e83._.js:3127
[  127906ms] [ERROR] ./Desktop/I-Product/skillhub/src/app/[locale]/page.tsx:5:1
Module not found: Can't resolve '@/components/RetroTerminal'
  3 | import SkillGrid from "@/components/SkillGrid";
  4 | import RetroComputer from "@/components/RetroComputer";
> 5 | import RetroTerminal from "@/components/RetroTerminal";
    | ^^^^^^^^^^^^^^^^^^^^^^^^^^^^^^^^^^^^^^^^^^^^^^^^^^^^^^^
  6 | import { getAllSkills } from "@/lib/skills";
  7 | import { isValidLocale, type Locale } from "@/i18n/config";
  8 | import { getDictionary } from "@/i18n/get-dictionary";

Import map: aliased to relative './src/components/RetroTerminal' inside of [project]/Desktop/I-Product/skillhub

https://nextjs.org/docs/messages/module-not-found @ http://localhost:3000/_next/static/chunks/c2fc1_next_dist_03d21e83._.js:3127
[  127971ms] [ERROR] ./Desktop/I-Product/skillhub/src/app/[locale]/page.tsx:5:1
Module not found: Can't resolve '@/components/RetroTerminal'
  3 | import SkillGrid from "@/components/SkillGrid";
  4 | import RetroComputer from "@/components/RetroComputer";
> 5 | import RetroTerminal from "@/components/RetroTerminal";
    | ^^^^^^^^^^^^^^^^^^^^^^^^^^^^^^^^^^^^^^^^^^^^^^^^^^^^^^^
  6 | import { getAllSkills } from "@/lib/skills";
  7 | import { isValidLocale, type Locale } from "@/i18n/config";
  8 | import { getDictionary } from "@/i18n/get-dictionary";

Import map: aliased to relative './src/components/RetroTerminal' inside of [project]/Desktop/I-Product/skillhub

https://nextjs.org/docs/messages/module-not-found @ http://localhost:3000/_next/static/chunks/c2fc1_next_dist_03d21e83._.js:3127
[  128022ms] [ERROR] ./Desktop/I-Product/skillhub/src/app/[locale]/page.tsx:5:1
Module not found: Can't resolve '@/components/RetroTerminal'
  3 | import SkillGrid from "@/components/SkillGrid";
  4 | import RetroComputer from "@/components/RetroComputer";
> 5 | import RetroTerminal from "@/components/RetroTerminal";
    | ^^^^^^^^^^^^^^^^^^^^^^^^^^^^^^^^^^^^^^^^^^^^^^^^^^^^^^^
  6 | import { getAllSkills } from "@/lib/skills";
  7 | import { isValidLocale, type Locale } from "@/i18n/config";
  8 | import { getDictionary } from "@/i18n/get-dictionary";

Import map: aliased to relative './src/components/RetroTerminal' inside of [project]/Desktop/I-Product/skillhub

https://nextjs.org/docs/messages/module-not-found @ http://localhost:3000/_next/static/chunks/c2fc1_next_dist_03d21e83._.js:3127
[  128074ms] [ERROR] ./Desktop/I-Product/skillhub/src/app/[locale]/page.tsx:5:1
Module not found: Can't resolve '@/components/RetroTerminal'
  3 | import SkillGrid from "@/components/SkillGrid";
  4 | import RetroComputer from "@/components/RetroComputer";
> 5 | import RetroTerminal from "@/components/RetroTerminal";
    | ^^^^^^^^^^^^^^^^^^^^^^^^^^^^^^^^^^^^^^^^^^^^^^^^^^^^^^^
  6 | import { getAllSkills } from "@/lib/skills";
  7 | import { isValidLocale, type Locale } from "@/i18n/config";
  8 | import { getDictionary } from "@/i18n/get-dictionary";

Import map: aliased to relative './src/components/RetroTerminal' inside of [project]/Desktop/I-Product/skillhub

https://nextjs.org/docs/messages/module-not-found @ http://localhost:3000/_next/static/chunks/c2fc1_next_dist_03d21e83._.js:3127
[  128126ms] [ERROR] ./Desktop/I-Product/skillhub/src/app/[locale]/page.tsx:5:1
Module not found: Can't resolve '@/components/RetroTerminal'
  3 | import SkillGrid from "@/components/SkillGrid";
  4 | import RetroComputer from "@/components/RetroComputer";
> 5 | import RetroTerminal from "@/components/RetroTerminal";
    | ^^^^^^^^^^^^^^^^^^^^^^^^^^^^^^^^^^^^^^^^^^^^^^^^^^^^^^^
  6 | import { getAllSkills } from "@/lib/skills";
  7 | import { isValidLocale, type Locale } from "@/i18n/config";
  8 | import { getDictionary } from "@/i18n/get-dictionary";

Import map: aliased to relative './src/components/RetroTerminal' inside of [project]/Desktop/I-Product/skillhub

https://nextjs.org/docs/messages/module-not-found @ http://localhost:3000/_next/static/chunks/c2fc1_next_dist_03d21e83._.js:3127
[  128168ms] [ERROR] ./Desktop/I-Product/skillhub/src/app/[locale]/page.tsx:5:1
Module not found: Can't resolve '@/components/RetroTerminal'
  3 | import SkillGrid from "@/components/SkillGrid";
  4 | import RetroComputer from "@/components/RetroComputer";
> 5 | import RetroTerminal from "@/components/RetroTerminal";
    | ^^^^^^^^^^^^^^^^^^^^^^^^^^^^^^^^^^^^^^^^^^^^^^^^^^^^^^^
  6 | import { getAllSkills } from "@/lib/skills";
  7 | import { isValidLocale, type Locale } from "@/i18n/config";
  8 | import { getDictionary } from "@/i18n/get-dictionary";

Import map: aliased to relative './src/components/RetroTerminal' inside of [project]/Desktop/I-Product/skillhub

https://nextjs.org/docs/messages/module-not-found @ http://localhost:3000/_next/static/chunks/c2fc1_next_dist_03d21e83._.js:3127
[  128212ms] [ERROR] ./Desktop/I-Product/skillhub/src/app/[locale]/page.tsx:5:1
Module not found: Can't resolve '@/components/RetroTerminal'
  3 | import SkillGrid from "@/components/SkillGrid";
  4 | import RetroComputer from "@/components/RetroComputer";
> 5 | import RetroTerminal from "@/components/RetroTerminal";
    | ^^^^^^^^^^^^^^^^^^^^^^^^^^^^^^^^^^^^^^^^^^^^^^^^^^^^^^^
  6 | import { getAllSkills } from "@/lib/skills";
  7 | import { isValidLocale, type Locale } from "@/i18n/config";
  8 | import { getDictionary } from "@/i18n/get-dictionary";

Import map: aliased to relative './src/components/RetroTerminal' inside of [project]/Desktop/I-Product/skillhub

https://nextjs.org/docs/messages/module-not-found @ http://localhost:3000/_next/static/chunks/c2fc1_next_dist_03d21e83._.js:3127
[  128253ms] [ERROR] ./Desktop/I-Product/skillhub/src/app/[locale]/page.tsx:5:1
Module not found: Can't resolve '@/components/RetroTerminal'
  3 | import SkillGrid from "@/components/SkillGrid";
  4 | import RetroComputer from "@/components/RetroComputer";
> 5 | import RetroTerminal from "@/components/RetroTerminal";
    | ^^^^^^^^^^^^^^^^^^^^^^^^^^^^^^^^^^^^^^^^^^^^^^^^^^^^^^^
  6 | import { getAllSkills } from "@/lib/skills";
  7 | import { isValidLocale, type Locale } from "@/i18n/config";
  8 | import { getDictionary } from "@/i18n/get-dictionary";

Import map: aliased to relative './src/components/RetroTerminal' inside of [project]/Desktop/I-Product/skillhub

https://nextjs.org/docs/messages/module-not-found @ http://localhost:3000/_next/static/chunks/c2fc1_next_dist_03d21e83._.js:3127
[  128295ms] [ERROR] ./Desktop/I-Product/skillhub/src/app/[locale]/page.tsx:5:1
Module not found: Can't resolve '@/components/RetroTerminal'
  3 | import SkillGrid from "@/components/SkillGrid";
  4 | import RetroComputer from "@/components/RetroComputer";
> 5 | import RetroTerminal from "@/components/RetroTerminal";
    | ^^^^^^^^^^^^^^^^^^^^^^^^^^^^^^^^^^^^^^^^^^^^^^^^^^^^^^^
  6 | import { getAllSkills } from "@/lib/skills";
  7 | import { isValidLocale, type Locale } from "@/i18n/config";
  8 | import { getDictionary } from "@/i18n/get-dictionary";

Import map: aliased to relative './src/components/RetroTerminal' inside of [project]/Desktop/I-Product/skillhub

https://nextjs.org/docs/messages/module-not-found @ http://localhost:3000/_next/static/chunks/c2fc1_next_dist_03d21e83._.js:3127
[  128343ms] [ERROR] ./Desktop/I-Product/skillhub/src/app/[locale]/page.tsx:5:1
Module not found: Can't resolve '@/components/RetroTerminal'
  3 | import SkillGrid from "@/components/SkillGrid";
  4 | import RetroComputer from "@/components/RetroComputer";
> 5 | import RetroTerminal from "@/components/RetroTerminal";
    | ^^^^^^^^^^^^^^^^^^^^^^^^^^^^^^^^^^^^^^^^^^^^^^^^^^^^^^^
  6 | import { getAllSkills } from "@/lib/skills";
  7 | import { isValidLocale, type Locale } from "@/i18n/config";
  8 | import { getDictionary } from "@/i18n/get-dictionary";

Import map: aliased to relative './src/components/RetroTerminal' inside of [project]/Desktop/I-Product/skillhub

https://nextjs.org/docs/messages/module-not-found @ http://localhost:3000/_next/static/chunks/c2fc1_next_dist_03d21e83._.js:3127
[  128399ms] [ERROR] ./Desktop/I-Product/skillhub/src/app/[locale]/page.tsx:5:1
Module not found: Can't resolve '@/components/RetroTerminal'
  3 | import SkillGrid from "@/components/SkillGrid";
  4 | import RetroComputer from "@/components/RetroComputer";
> 5 | import RetroTerminal from "@/components/RetroTerminal";
    | ^^^^^^^^^^^^^^^^^^^^^^^^^^^^^^^^^^^^^^^^^^^^^^^^^^^^^^^
  6 | import { getAllSkills } from "@/lib/skills";
  7 | import { isValidLocale, type Locale } from "@/i18n/config";
  8 | import { getDictionary } from "@/i18n/get-dictionary";

Import map: aliased to relative './src/components/RetroTerminal' inside of [project]/Desktop/I-Product/skillhub

https://nextjs.org/docs/messages/module-not-found @ http://localhost:3000/_next/static/chunks/c2fc1_next_dist_03d21e83._.js:3127
[  128459ms] [ERROR] ./Desktop/I-Product/skillhub/src/app/[locale]/page.tsx:5:1
Module not found: Can't resolve '@/components/RetroTerminal'
  3 | import SkillGrid from "@/components/SkillGrid";
  4 | import RetroComputer from "@/components/RetroComputer";
> 5 | import RetroTerminal from "@/components/RetroTerminal";
    | ^^^^^^^^^^^^^^^^^^^^^^^^^^^^^^^^^^^^^^^^^^^^^^^^^^^^^^^
  6 | import { getAllSkills } from "@/lib/skills";
  7 | import { isValidLocale, type Locale } from "@/i18n/config";
  8 | import { getDictionary } from "@/i18n/get-dictionary";

Import map: aliased to relative './src/components/RetroTerminal' inside of [project]/Desktop/I-Product/skillhub

https://nextjs.org/docs/messages/module-not-found @ http://localhost:3000/_next/static/chunks/c2fc1_next_dist_03d21e83._.js:3127
[  128526ms] [ERROR] ./Desktop/I-Product/skillhub/src/app/[locale]/page.tsx:5:1
Module not found: Can't resolve '@/components/RetroTerminal'
  3 | import SkillGrid from "@/components/SkillGrid";
  4 | import RetroComputer from "@/components/RetroComputer";
> 5 | import RetroTerminal from "@/components/RetroTerminal";
    | ^^^^^^^^^^^^^^^^^^^^^^^^^^^^^^^^^^^^^^^^^^^^^^^^^^^^^^^
  6 | import { getAllSkills } from "@/lib/skills";
  7 | import { isValidLocale, type Locale } from "@/i18n/config";
  8 | import { getDictionary } from "@/i18n/get-dictionary";

Import map: aliased to relative './src/components/RetroTerminal' inside of [project]/Desktop/I-Product/skillhub

https://nextjs.org/docs/messages/module-not-found @ http://localhost:3000/_next/static/chunks/c2fc1_next_dist_03d21e83._.js:3127
[  128586ms] [ERROR] ./Desktop/I-Product/skillhub/src/app/[locale]/page.tsx:5:1
Module not found: Can't resolve '@/components/RetroTerminal'
  3 | import SkillGrid from "@/components/SkillGrid";
  4 | import RetroComputer from "@/components/RetroComputer";
> 5 | import RetroTerminal from "@/components/RetroTerminal";
    | ^^^^^^^^^^^^^^^^^^^^^^^^^^^^^^^^^^^^^^^^^^^^^^^^^^^^^^^
  6 | import { getAllSkills } from "@/lib/skills";
  7 | import { isValidLocale, type Locale } from "@/i18n/config";
  8 | import { getDictionary } from "@/i18n/get-dictionary";

Import map: aliased to relative './src/components/RetroTerminal' inside of [project]/Desktop/I-Product/skillhub

https://nextjs.org/docs/messages/module-not-found @ http://localhost:3000/_next/static/chunks/c2fc1_next_dist_03d21e83._.js:3127
[  128635ms] [ERROR] ./Desktop/I-Product/skillhub/src/app/[locale]/page.tsx:5:1
Module not found: Can't resolve '@/components/RetroTerminal'
  3 | import SkillGrid from "@/components/SkillGrid";
  4 | import RetroComputer from "@/components/RetroComputer";
> 5 | import RetroTerminal from "@/components/RetroTerminal";
    | ^^^^^^^^^^^^^^^^^^^^^^^^^^^^^^^^^^^^^^^^^^^^^^^^^^^^^^^
  6 | import { getAllSkills } from "@/lib/skills";
  7 | import { isValidLocale, type Locale } from "@/i18n/config";
  8 | import { getDictionary } from "@/i18n/get-dictionary";

Import map: aliased to relative './src/components/RetroTerminal' inside of [project]/Desktop/I-Product/skillhub

https://nextjs.org/docs/messages/module-not-found @ http://localhost:3000/_next/static/chunks/c2fc1_next_dist_03d21e83._.js:3127
[  128683ms] [ERROR] ./Desktop/I-Product/skillhub/src/app/[locale]/page.tsx:5:1
Module not found: Can't resolve '@/components/RetroTerminal'
  3 | import SkillGrid from "@/components/SkillGrid";
  4 | import RetroComputer from "@/components/RetroComputer";
> 5 | import RetroTerminal from "@/components/RetroTerminal";
    | ^^^^^^^^^^^^^^^^^^^^^^^^^^^^^^^^^^^^^^^^^^^^^^^^^^^^^^^
  6 | import { getAllSkills } from "@/lib/skills";
  7 | import { isValidLocale, type Locale } from "@/i18n/config";
  8 | import { getDictionary } from "@/i18n/get-dictionary";

Import map: aliased to relative './src/components/RetroTerminal' inside of [project]/Desktop/I-Product/skillhub

https://nextjs.org/docs/messages/module-not-found @ http://localhost:3000/_next/static/chunks/c2fc1_next_dist_03d21e83._.js:3127
[  128731ms] [ERROR] ./Desktop/I-Product/skillhub/src/app/[locale]/page.tsx:5:1
Module not found: Can't resolve '@/components/RetroTerminal'
  3 | import SkillGrid from "@/components/SkillGrid";
  4 | import RetroComputer from "@/components/RetroComputer";
> 5 | import RetroTerminal from "@/components/RetroTerminal";
    | ^^^^^^^^^^^^^^^^^^^^^^^^^^^^^^^^^^^^^^^^^^^^^^^^^^^^^^^
  6 | import { getAllSkills } from "@/lib/skills";
  7 | import { isValidLocale, type Locale } from "@/i18n/config";
  8 | import { getDictionary } from "@/i18n/get-dictionary";

Import map: aliased to relative './src/components/RetroTerminal' inside of [project]/Desktop/I-Product/skillhub

https://nextjs.org/docs/messages/module-not-found @ http://localhost:3000/_next/static/chunks/c2fc1_next_dist_03d21e83._.js:3127
[  128777ms] [ERROR] ./Desktop/I-Product/skillhub/src/app/[locale]/page.tsx:5:1
Module not found: Can't resolve '@/components/RetroTerminal'
  3 | import SkillGrid from "@/components/SkillGrid";
  4 | import RetroComputer from "@/components/RetroComputer";
> 5 | import RetroTerminal from "@/components/RetroTerminal";
    | ^^^^^^^^^^^^^^^^^^^^^^^^^^^^^^^^^^^^^^^^^^^^^^^^^^^^^^^
  6 | import { getAllSkills } from "@/lib/skills";
  7 | import { isValidLocale, type Locale } from "@/i18n/config";
  8 | import { getDictionary } from "@/i18n/get-dictionary";

Import map: aliased to relative './src/components/RetroTerminal' inside of [project]/Desktop/I-Product/skillhub

https://nextjs.org/docs/messages/module-not-found @ http://localhost:3000/_next/static/chunks/c2fc1_next_dist_03d21e83._.js:3127
[  128821ms] [ERROR] ./Desktop/I-Product/skillhub/src/app/[locale]/page.tsx:5:1
Module not found: Can't resolve '@/components/RetroTerminal'
  3 | import SkillGrid from "@/components/SkillGrid";
  4 | import RetroComputer from "@/components/RetroComputer";
> 5 | import RetroTerminal from "@/components/RetroTerminal";
    | ^^^^^^^^^^^^^^^^^^^^^^^^^^^^^^^^^^^^^^^^^^^^^^^^^^^^^^^
  6 | import { getAllSkills } from "@/lib/skills";
  7 | import { isValidLocale, type Locale } from "@/i18n/config";
  8 | import { getDictionary } from "@/i18n/get-dictionary";

Import map: aliased to relative './src/components/RetroTerminal' inside of [project]/Desktop/I-Product/skillhub

https://nextjs.org/docs/messages/module-not-found @ http://localhost:3000/_next/static/chunks/c2fc1_next_dist_03d21e83._.js:3127
[  128869ms] [ERROR] ./Desktop/I-Product/skillhub/src/app/[locale]/page.tsx:5:1
Module not found: Can't resolve '@/components/RetroTerminal'
  3 | import SkillGrid from "@/components/SkillGrid";
  4 | import RetroComputer from "@/components/RetroComputer";
> 5 | import RetroTerminal from "@/components/RetroTerminal";
    | ^^^^^^^^^^^^^^^^^^^^^^^^^^^^^^^^^^^^^^^^^^^^^^^^^^^^^^^
  6 | import { getAllSkills } from "@/lib/skills";
  7 | import { isValidLocale, type Locale } from "@/i18n/config";
  8 | import { getDictionary } from "@/i18n/get-dictionary";

Import map: aliased to relative './src/components/RetroTerminal' inside of [project]/Desktop/I-Product/skillhub

https://nextjs.org/docs/messages/module-not-found @ http://localhost:3000/_next/static/chunks/c2fc1_next_dist_03d21e83._.js:3127
[  128919ms] [ERROR] ./Desktop/I-Product/skillhub/src/app/[locale]/page.tsx:5:1
Module not found: Can't resolve '@/components/RetroTerminal'
  3 | import SkillGrid from "@/components/SkillGrid";
  4 | import RetroComputer from "@/components/RetroComputer";
> 5 | import RetroTerminal from "@/components/RetroTerminal";
    | ^^^^^^^^^^^^^^^^^^^^^^^^^^^^^^^^^^^^^^^^^^^^^^^^^^^^^^^
  6 | import { getAllSkills } from "@/lib/skills";
  7 | import { isValidLocale, type Locale } from "@/i18n/config";
  8 | import { getDictionary } from "@/i18n/get-dictionary";

Import map: aliased to relative './src/components/RetroTerminal' inside of [project]/Desktop/I-Product/skillhub

https://nextjs.org/docs/messages/module-not-found @ http://localhost:3000/_next/static/chunks/c2fc1_next_dist_03d21e83._.js:3127
[  128968ms] [ERROR] ./Desktop/I-Product/skillhub/src/app/[locale]/page.tsx:5:1
Module not found: Can't resolve '@/components/RetroTerminal'
  3 | import SkillGrid from "@/components/SkillGrid";
  4 | import RetroComputer from "@/components/RetroComputer";
> 5 | import RetroTerminal from "@/components/RetroTerminal";
    | ^^^^^^^^^^^^^^^^^^^^^^^^^^^^^^^^^^^^^^^^^^^^^^^^^^^^^^^
  6 | import { getAllSkills } from "@/lib/skills";
  7 | import { isValidLocale, type Locale } from "@/i18n/config";
  8 | import { getDictionary } from "@/i18n/get-dictionary";

Import map: aliased to relative './src/components/RetroTerminal' inside of [project]/Desktop/I-Product/skillhub

https://nextjs.org/docs/messages/module-not-found @ http://localhost:3000/_next/static/chunks/c2fc1_next_dist_03d21e83._.js:3127
[  129034ms] [ERROR] ./Desktop/I-Product/skillhub/src/app/[locale]/page.tsx:5:1
Module not found: Can't resolve '@/components/RetroTerminal'
  3 | import SkillGrid from "@/components/SkillGrid";
  4 | import RetroComputer from "@/components/RetroComputer";
> 5 | import RetroTerminal from "@/components/RetroTerminal";
    | ^^^^^^^^^^^^^^^^^^^^^^^^^^^^^^^^^^^^^^^^^^^^^^^^^^^^^^^
  6 | import { getAllSkills } from "@/lib/skills";
  7 | import { isValidLocale, type Locale } from "@/i18n/config";
  8 | import { getDictionary } from "@/i18n/get-dictionary";

Import map: aliased to relative './src/components/RetroTerminal' inside of [project]/Desktop/I-Product/skillhub

https://nextjs.org/docs/messages/module-not-found @ http://localhost:3000/_next/static/chunks/c2fc1_next_dist_03d21e83._.js:3127
[  129077ms] [ERROR] ./Desktop/I-Product/skillhub/src/app/[locale]/page.tsx:5:1
Module not found: Can't resolve '@/components/RetroTerminal'
  3 | import SkillGrid from "@/components/SkillGrid";
  4 | import RetroComputer from "@/components/RetroComputer";
> 5 | import RetroTerminal from "@/components/RetroTerminal";
    | ^^^^^^^^^^^^^^^^^^^^^^^^^^^^^^^^^^^^^^^^^^^^^^^^^^^^^^^
  6 | import { getAllSkills } from "@/lib/skills";
  7 | import { isValidLocale, type Locale } from "@/i18n/config";
  8 | import { getDictionary } from "@/i18n/get-dictionary";

Import map: aliased to relative './src/components/RetroTerminal' inside of [project]/Desktop/I-Product/skillhub

https://nextjs.org/docs/messages/module-not-found @ http://localhost:3000/_next/static/chunks/c2fc1_next_dist_03d21e83._.js:3127
[  129125ms] [ERROR] ./Desktop/I-Product/skillhub/src/app/[locale]/page.tsx:5:1
Module not found: Can't resolve '@/components/RetroTerminal'
  3 | import SkillGrid from "@/components/SkillGrid";
  4 | import RetroComputer from "@/components/RetroComputer";
> 5 | import RetroTerminal from "@/components/RetroTerminal";
    | ^^^^^^^^^^^^^^^^^^^^^^^^^^^^^^^^^^^^^^^^^^^^^^^^^^^^^^^
  6 | import { getAllSkills } from "@/lib/skills";
  7 | import { isValidLocale, type Locale } from "@/i18n/config";
  8 | import { getDictionary } from "@/i18n/get-dictionary";

Import map: aliased to relative './src/components/RetroTerminal' inside of [project]/Desktop/I-Product/skillhub

https://nextjs.org/docs/messages/module-not-found @ http://localhost:3000/_next/static/chunks/c2fc1_next_dist_03d21e83._.js:3127
[  129173ms] [ERROR] ./Desktop/I-Product/skillhub/src/app/[locale]/page.tsx:5:1
Module not found: Can't resolve '@/components/RetroTerminal'
  3 | import SkillGrid from "@/components/SkillGrid";
  4 | import RetroComputer from "@/components/RetroComputer";
> 5 | import RetroTerminal from "@/components/RetroTerminal";
    | ^^^^^^^^^^^^^^^^^^^^^^^^^^^^^^^^^^^^^^^^^^^^^^^^^^^^^^^
  6 | import { getAllSkills } from "@/lib/skills";
  7 | import { isValidLocale, type Locale } from "@/i18n/config";
  8 | import { getDictionary } from "@/i18n/get-dictionary";

Import map: aliased to relative './src/components/RetroTerminal' inside of [project]/Desktop/I-Product/skillhub

https://nextjs.org/docs/messages/module-not-found @ http://localhost:3000/_next/static/chunks/c2fc1_next_dist_03d21e83._.js:3127
[  129223ms] [ERROR] ./Desktop/I-Product/skillhub/src/app/[locale]/page.tsx:5:1
Module not found: Can't resolve '@/components/RetroTerminal'
  3 | import SkillGrid from "@/components/SkillGrid";
  4 | import RetroComputer from "@/components/RetroComputer";
> 5 | import RetroTerminal from "@/components/RetroTerminal";
    | ^^^^^^^^^^^^^^^^^^^^^^^^^^^^^^^^^^^^^^^^^^^^^^^^^^^^^^^
  6 | import { getAllSkills } from "@/lib/skills";
  7 | import { isValidLocale, type Locale } from "@/i18n/config";
  8 | import { getDictionary } from "@/i18n/get-dictionary";

Import map: aliased to relative './src/components/RetroTerminal' inside of [project]/Desktop/I-Product/skillhub

https://nextjs.org/docs/messages/module-not-found @ http://localhost:3000/_next/static/chunks/c2fc1_next_dist_03d21e83._.js:3127
[  129263ms] [ERROR] ./Desktop/I-Product/skillhub/src/app/[locale]/page.tsx:5:1
Module not found: Can't resolve '@/components/RetroTerminal'
  3 | import SkillGrid from "@/components/SkillGrid";
  4 | import RetroComputer from "@/components/RetroComputer";
> 5 | import RetroTerminal from "@/components/RetroTerminal";
    | ^^^^^^^^^^^^^^^^^^^^^^^^^^^^^^^^^^^^^^^^^^^^^^^^^^^^^^^
  6 | import { getAllSkills } from "@/lib/skills";
  7 | import { isValidLocale, type Locale } from "@/i18n/config";
  8 | import { getDictionary } from "@/i18n/get-dictionary";

Import map: aliased to relative './src/components/RetroTerminal' inside of [project]/Desktop/I-Product/skillhub

https://nextjs.org/docs/messages/module-not-found @ http://localhost:3000/_next/static/chunks/c2fc1_next_dist_03d21e83._.js:3127
[  129312ms] [ERROR] ./Desktop/I-Product/skillhub/src/app/[locale]/page.tsx:5:1
Module not found: Can't resolve '@/components/RetroTerminal'
  3 | import SkillGrid from "@/components/SkillGrid";
  4 | import RetroComputer from "@/components/RetroComputer";
> 5 | import RetroTerminal from "@/components/RetroTerminal";
    | ^^^^^^^^^^^^^^^^^^^^^^^^^^^^^^^^^^^^^^^^^^^^^^^^^^^^^^^
  6 | import { getAllSkills } from "@/lib/skills";
  7 | import { isValidLocale, type Locale } from "@/i18n/config";
  8 | import { getDictionary } from "@/i18n/get-dictionary";

Import map: aliased to relative './src/components/RetroTerminal' inside of [project]/Desktop/I-Product/skillhub

https://nextjs.org/docs/messages/module-not-found @ http://localhost:3000/_next/static/chunks/c2fc1_next_dist_03d21e83._.js:3127
[  129363ms] [ERROR] ./Desktop/I-Product/skillhub/src/app/[locale]/page.tsx:5:1
Module not found: Can't resolve '@/components/RetroTerminal'
  3 | import SkillGrid from "@/components/SkillGrid";
  4 | import RetroComputer from "@/components/RetroComputer";
> 5 | import RetroTerminal from "@/components/RetroTerminal";
    | ^^^^^^^^^^^^^^^^^^^^^^^^^^^^^^^^^^^^^^^^^^^^^^^^^^^^^^^
  6 | import { getAllSkills } from "@/lib/skills";
  7 | import { isValidLocale, type Locale } from "@/i18n/config";
  8 | import { getDictionary } from "@/i18n/get-dictionary";

Import map: aliased to relative './src/components/RetroTerminal' inside of [project]/Desktop/I-Product/skillhub

https://nextjs.org/docs/messages/module-not-found @ http://localhost:3000/_next/static/chunks/c2fc1_next_dist_03d21e83._.js:3127
[  129409ms] [ERROR] ./Desktop/I-Product/skillhub/src/app/[locale]/page.tsx:5:1
Module not found: Can't resolve '@/components/RetroTerminal'
  3 | import SkillGrid from "@/components/SkillGrid";
  4 | import RetroComputer from "@/components/RetroComputer";
> 5 | import RetroTerminal from "@/components/RetroTerminal";
    | ^^^^^^^^^^^^^^^^^^^^^^^^^^^^^^^^^^^^^^^^^^^^^^^^^^^^^^^
  6 | import { getAllSkills } from "@/lib/skills";
  7 | import { isValidLocale, type Locale } from "@/i18n/config";
  8 | import { getDictionary } from "@/i18n/get-dictionary";

Import map: aliased to relative './src/components/RetroTerminal' inside of [project]/Desktop/I-Product/skillhub

https://nextjs.org/docs/messages/module-not-found @ http://localhost:3000/_next/static/chunks/c2fc1_next_dist_03d21e83._.js:3127
[  129458ms] [ERROR] ./Desktop/I-Product/skillhub/src/app/[locale]/page.tsx:5:1
Module not found: Can't resolve '@/components/RetroTerminal'
  3 | import SkillGrid from "@/components/SkillGrid";
  4 | import RetroComputer from "@/components/RetroComputer";
> 5 | import RetroTerminal from "@/components/RetroTerminal";
    | ^^^^^^^^^^^^^^^^^^^^^^^^^^^^^^^^^^^^^^^^^^^^^^^^^^^^^^^
  6 | import { getAllSkills } from "@/lib/skills";
  7 | import { isValidLocale, type Locale } from "@/i18n/config";
  8 | import { getDictionary } from "@/i18n/get-dictionary";

Import map: aliased to relative './src/components/RetroTerminal' inside of [project]/Desktop/I-Product/skillhub

https://nextjs.org/docs/messages/module-not-found @ http://localhost:3000/_next/static/chunks/c2fc1_next_dist_03d21e83._.js:3127
[  129507ms] [ERROR] ./Desktop/I-Product/skillhub/src/app/[locale]/page.tsx:5:1
Module not found: Can't resolve '@/components/RetroTerminal'
  3 | import SkillGrid from "@/components/SkillGrid";
  4 | import RetroComputer from "@/components/RetroComputer";
> 5 | import RetroTerminal from "@/components/RetroTerminal";
    | ^^^^^^^^^^^^^^^^^^^^^^^^^^^^^^^^^^^^^^^^^^^^^^^^^^^^^^^
  6 | import { getAllSkills } from "@/lib/skills";
  7 | import { isValidLocale, type Locale } from "@/i18n/config";
  8 | import { getDictionary } from "@/i18n/get-dictionary";

Import map: aliased to relative './src/components/RetroTerminal' inside of [project]/Desktop/I-Product/skillhub

https://nextjs.org/docs/messages/module-not-found @ http://localhost:3000/_next/static/chunks/c2fc1_next_dist_03d21e83._.js:3127
[  129556ms] [ERROR] ./Desktop/I-Product/skillhub/src/app/[locale]/page.tsx:5:1
Module not found: Can't resolve '@/components/RetroTerminal'
  3 | import SkillGrid from "@/components/SkillGrid";
  4 | import RetroComputer from "@/components/RetroComputer";
> 5 | import RetroTerminal from "@/components/RetroTerminal";
    | ^^^^^^^^^^^^^^^^^^^^^^^^^^^^^^^^^^^^^^^^^^^^^^^^^^^^^^^
  6 | import { getAllSkills } from "@/lib/skills";
  7 | import { isValidLocale, type Locale } from "@/i18n/config";
  8 | import { getDictionary } from "@/i18n/get-dictionary";

Import map: aliased to relative './src/components/RetroTerminal' inside of [project]/Desktop/I-Product/skillhub

https://nextjs.org/docs/messages/module-not-found @ http://localhost:3000/_next/static/chunks/c2fc1_next_dist_03d21e83._.js:3127
[  129605ms] [ERROR] ./Desktop/I-Product/skillhub/src/app/[locale]/page.tsx:5:1
Module not found: Can't resolve '@/components/RetroTerminal'
  3 | import SkillGrid from "@/components/SkillGrid";
  4 | import RetroComputer from "@/components/RetroComputer";
> 5 | import RetroTerminal from "@/components/RetroTerminal";
    | ^^^^^^^^^^^^^^^^^^^^^^^^^^^^^^^^^^^^^^^^^^^^^^^^^^^^^^^
  6 | import { getAllSkills } from "@/lib/skills";
  7 | import { isValidLocale, type Locale } from "@/i18n/config";
  8 | import { getDictionary } from "@/i18n/get-dictionary";

Import map: aliased to relative './src/components/RetroTerminal' inside of [project]/Desktop/I-Product/skillhub

https://nextjs.org/docs/messages/module-not-found @ http://localhost:3000/_next/static/chunks/c2fc1_next_dist_03d21e83._.js:3127
[  129644ms] [ERROR] ./Desktop/I-Product/skillhub/src/app/[locale]/page.tsx:5:1
Module not found: Can't resolve '@/components/RetroTerminal'
  3 | import SkillGrid from "@/components/SkillGrid";
  4 | import RetroComputer from "@/components/RetroComputer";
> 5 | import RetroTerminal from "@/components/RetroTerminal";
    | ^^^^^^^^^^^^^^^^^^^^^^^^^^^^^^^^^^^^^^^^^^^^^^^^^^^^^^^
  6 | import { getAllSkills } from "@/lib/skills";
  7 | import { isValidLocale, type Locale } from "@/i18n/config";
  8 | import { getDictionary } from "@/i18n/get-dictionary";

Import map: aliased to relative './src/components/RetroTerminal' inside of [project]/Desktop/I-Product/skillhub

https://nextjs.org/docs/messages/module-not-found @ http://localhost:3000/_next/static/chunks/c2fc1_next_dist_03d21e83._.js:3127
[  129692ms] [ERROR] ./Desktop/I-Product/skillhub/src/app/[locale]/page.tsx:5:1
Module not found: Can't resolve '@/components/RetroTerminal'
  3 | import SkillGrid from "@/components/SkillGrid";
  4 | import RetroComputer from "@/components/RetroComputer";
> 5 | import RetroTerminal from "@/components/RetroTerminal";
    | ^^^^^^^^^^^^^^^^^^^^^^^^^^^^^^^^^^^^^^^^^^^^^^^^^^^^^^^
  6 | import { getAllSkills } from "@/lib/skills";
  7 | import { isValidLocale, type Locale } from "@/i18n/config";
  8 | import { getDictionary } from "@/i18n/get-dictionary";

Import map: aliased to relative './src/components/RetroTerminal' inside of [project]/Desktop/I-Product/skillhub

https://nextjs.org/docs/messages/module-not-found @ http://localhost:3000/_next/static/chunks/c2fc1_next_dist_03d21e83._.js:3127
[  129739ms] [ERROR] ./Desktop/I-Product/skillhub/src/app/[locale]/page.tsx:5:1
Module not found: Can't resolve '@/components/RetroTerminal'
  3 | import SkillGrid from "@/components/SkillGrid";
  4 | import RetroComputer from "@/components/RetroComputer";
> 5 | import RetroTerminal from "@/components/RetroTerminal";
    | ^^^^^^^^^^^^^^^^^^^^^^^^^^^^^^^^^^^^^^^^^^^^^^^^^^^^^^^
  6 | import { getAllSkills } from "@/lib/skills";
  7 | import { isValidLocale, type Locale } from "@/i18n/config";
  8 | import { getDictionary } from "@/i18n/get-dictionary";

Import map: aliased to relative './src/components/RetroTerminal' inside of [project]/Desktop/I-Product/skillhub

https://nextjs.org/docs/messages/module-not-found @ http://localhost:3000/_next/static/chunks/c2fc1_next_dist_03d21e83._.js:3127
[  129788ms] [ERROR] ./Desktop/I-Product/skillhub/src/app/[locale]/page.tsx:5:1
Module not found: Can't resolve '@/components/RetroTerminal'
  3 | import SkillGrid from "@/components/SkillGrid";
  4 | import RetroComputer from "@/components/RetroComputer";
> 5 | import RetroTerminal from "@/components/RetroTerminal";
    | ^^^^^^^^^^^^^^^^^^^^^^^^^^^^^^^^^^^^^^^^^^^^^^^^^^^^^^^
  6 | import { getAllSkills } from "@/lib/skills";
  7 | import { isValidLocale, type Locale } from "@/i18n/config";
  8 | import { getDictionary } from "@/i18n/get-dictionary";

Import map: aliased to relative './src/components/RetroTerminal' inside of [project]/Desktop/I-Product/skillhub

https://nextjs.org/docs/messages/module-not-found @ http://localhost:3000/_next/static/chunks/c2fc1_next_dist_03d21e83._.js:3127
[  129836ms] [ERROR] ./Desktop/I-Product/skillhub/src/app/[locale]/page.tsx:5:1
Module not found: Can't resolve '@/components/RetroTerminal'
  3 | import SkillGrid from "@/components/SkillGrid";
  4 | import RetroComputer from "@/components/RetroComputer";
> 5 | import RetroTerminal from "@/components/RetroTerminal";
    | ^^^^^^^^^^^^^^^^^^^^^^^^^^^^^^^^^^^^^^^^^^^^^^^^^^^^^^^
  6 | import { getAllSkills } from "@/lib/skills";
  7 | import { isValidLocale, type Locale } from "@/i18n/config";
  8 | import { getDictionary } from "@/i18n/get-dictionary";

Import map: aliased to relative './src/components/RetroTerminal' inside of [project]/Desktop/I-Product/skillhub

https://nextjs.org/docs/messages/module-not-found @ http://localhost:3000/_next/static/chunks/c2fc1_next_dist_03d21e83._.js:3127
[  129885ms] [ERROR] ./Desktop/I-Product/skillhub/src/app/[locale]/page.tsx:5:1
Module not found: Can't resolve '@/components/RetroTerminal'
  3 | import SkillGrid from "@/components/SkillGrid";
  4 | import RetroComputer from "@/components/RetroComputer";
> 5 | import RetroTerminal from "@/components/RetroTerminal";
    | ^^^^^^^^^^^^^^^^^^^^^^^^^^^^^^^^^^^^^^^^^^^^^^^^^^^^^^^
  6 | import { getAllSkills } from "@/lib/skills";
  7 | import { isValidLocale, type Locale } from "@/i18n/config";
  8 | import { getDictionary } from "@/i18n/get-dictionary";

Import map: aliased to relative './src/components/RetroTerminal' inside of [project]/Desktop/I-Product/skillhub

https://nextjs.org/docs/messages/module-not-found @ http://localhost:3000/_next/static/chunks/c2fc1_next_dist_03d21e83._.js:3127
[  129927ms] [ERROR] ./Desktop/I-Product/skillhub/src/app/[locale]/page.tsx:5:1
Module not found: Can't resolve '@/components/RetroTerminal'
  3 | import SkillGrid from "@/components/SkillGrid";
  4 | import RetroComputer from "@/components/RetroComputer";
> 5 | import RetroTerminal from "@/components/RetroTerminal";
    | ^^^^^^^^^^^^^^^^^^^^^^^^^^^^^^^^^^^^^^^^^^^^^^^^^^^^^^^
  6 | import { getAllSkills } from "@/lib/skills";
  7 | import { isValidLocale, type Locale } from "@/i18n/config";
  8 | import { getDictionary } from "@/i18n/get-dictionary";

Import map: aliased to relative './src/components/RetroTerminal' inside of [project]/Desktop/I-Product/skillhub

https://nextjs.org/docs/messages/module-not-found @ http://localhost:3000/_next/static/chunks/c2fc1_next_dist_03d21e83._.js:3127
[  129969ms] [ERROR] ./Desktop/I-Product/skillhub/src/app/[locale]/page.tsx:5:1
Module not found: Can't resolve '@/components/RetroTerminal'
  3 | import SkillGrid from "@/components/SkillGrid";
  4 | import RetroComputer from "@/components/RetroComputer";
> 5 | import RetroTerminal from "@/components/RetroTerminal";
    | ^^^^^^^^^^^^^^^^^^^^^^^^^^^^^^^^^^^^^^^^^^^^^^^^^^^^^^^
  6 | import { getAllSkills } from "@/lib/skills";
  7 | import { isValidLocale, type Locale } from "@/i18n/config";
  8 | import { getDictionary } from "@/i18n/get-dictionary";

Import map: aliased to relative './src/components/RetroTerminal' inside of [project]/Desktop/I-Product/skillhub

https://nextjs.org/docs/messages/module-not-found @ http://localhost:3000/_next/static/chunks/c2fc1_next_dist_03d21e83._.js:3127
[  130016ms] [ERROR] ./Desktop/I-Product/skillhub/src/app/[locale]/page.tsx:5:1
Module not found: Can't resolve '@/components/RetroTerminal'
  3 | import SkillGrid from "@/components/SkillGrid";
  4 | import RetroComputer from "@/components/RetroComputer";
> 5 | import RetroTerminal from "@/components/RetroTerminal";
    | ^^^^^^^^^^^^^^^^^^^^^^^^^^^^^^^^^^^^^^^^^^^^^^^^^^^^^^^
  6 | import { getAllSkills } from "@/lib/skills";
  7 | import { isValidLocale, type Locale } from "@/i18n/config";
  8 | import { getDictionary } from "@/i18n/get-dictionary";

Import map: aliased to relative './src/components/RetroTerminal' inside of [project]/Desktop/I-Product/skillhub

https://nextjs.org/docs/messages/module-not-found @ http://localhost:3000/_next/static/chunks/c2fc1_next_dist_03d21e83._.js:3127
[  130065ms] [ERROR] ./Desktop/I-Product/skillhub/src/app/[locale]/page.tsx:5:1
Module not found: Can't resolve '@/components/RetroTerminal'
  3 | import SkillGrid from "@/components/SkillGrid";
  4 | import RetroComputer from "@/components/RetroComputer";
> 5 | import RetroTerminal from "@/components/RetroTerminal";
    | ^^^^^^^^^^^^^^^^^^^^^^^^^^^^^^^^^^^^^^^^^^^^^^^^^^^^^^^
  6 | import { getAllSkills } from "@/lib/skills";
  7 | import { isValidLocale, type Locale } from "@/i18n/config";
  8 | import { getDictionary } from "@/i18n/get-dictionary";

Import map: aliased to relative './src/components/RetroTerminal' inside of [project]/Desktop/I-Product/skillhub

https://nextjs.org/docs/messages/module-not-found @ http://localhost:3000/_next/static/chunks/c2fc1_next_dist_03d21e83._.js:3127
[  130113ms] [ERROR] ./Desktop/I-Product/skillhub/src/app/[locale]/page.tsx:5:1
Module not found: Can't resolve '@/components/RetroTerminal'
  3 | import SkillGrid from "@/components/SkillGrid";
  4 | import RetroComputer from "@/components/RetroComputer";
> 5 | import RetroTerminal from "@/components/RetroTerminal";
    | ^^^^^^^^^^^^^^^^^^^^^^^^^^^^^^^^^^^^^^^^^^^^^^^^^^^^^^^
  6 | import { getAllSkills } from "@/lib/skills";
  7 | import { isValidLocale, type Locale } from "@/i18n/config";
  8 | import { getDictionary } from "@/i18n/get-dictionary";

Import map: aliased to relative './src/components/RetroTerminal' inside of [project]/Desktop/I-Product/skillhub

https://nextjs.org/docs/messages/module-not-found @ http://localhost:3000/_next/static/chunks/c2fc1_next_dist_03d21e83._.js:3127
[  130160ms] [ERROR] ./Desktop/I-Product/skillhub/src/app/[locale]/page.tsx:5:1
Module not found: Can't resolve '@/components/RetroTerminal'
  3 | import SkillGrid from "@/components/SkillGrid";
  4 | import RetroComputer from "@/components/RetroComputer";
> 5 | import RetroTerminal from "@/components/RetroTerminal";
    | ^^^^^^^^^^^^^^^^^^^^^^^^^^^^^^^^^^^^^^^^^^^^^^^^^^^^^^^
  6 | import { getAllSkills } from "@/lib/skills";
  7 | import { isValidLocale, type Locale } from "@/i18n/config";
  8 | import { getDictionary } from "@/i18n/get-dictionary";

Import map: aliased to relative './src/components/RetroTerminal' inside of [project]/Desktop/I-Product/skillhub

https://nextjs.org/docs/messages/module-not-found @ http://localhost:3000/_next/static/chunks/c2fc1_next_dist_03d21e83._.js:3127
[  130218ms] [ERROR] ./Desktop/I-Product/skillhub/src/app/[locale]/page.tsx:5:1
Module not found: Can't resolve '@/components/RetroTerminal'
  3 | import SkillGrid from "@/components/SkillGrid";
  4 | import RetroComputer from "@/components/RetroComputer";
> 5 | import RetroTerminal from "@/components/RetroTerminal";
    | ^^^^^^^^^^^^^^^^^^^^^^^^^^^^^^^^^^^^^^^^^^^^^^^^^^^^^^^
  6 | import { getAllSkills } from "@/lib/skills";
  7 | import { isValidLocale, type Locale } from "@/i18n/config";
  8 | import { getDictionary } from "@/i18n/get-dictionary";

Import map: aliased to relative './src/components/RetroTerminal' inside of [project]/Desktop/I-Product/skillhub

https://nextjs.org/docs/messages/module-not-found @ http://localhost:3000/_next/static/chunks/c2fc1_next_dist_03d21e83._.js:3127
[  130277ms] [ERROR] ./Desktop/I-Product/skillhub/src/app/[locale]/page.tsx:5:1
Module not found: Can't resolve '@/components/RetroTerminal'
  3 | import SkillGrid from "@/components/SkillGrid";
  4 | import RetroComputer from "@/components/RetroComputer";
> 5 | import RetroTerminal from "@/components/RetroTerminal";
    | ^^^^^^^^^^^^^^^^^^^^^^^^^^^^^^^^^^^^^^^^^^^^^^^^^^^^^^^
  6 | import { getAllSkills } from "@/lib/skills";
  7 | import { isValidLocale, type Locale } from "@/i18n/config";
  8 | import { getDictionary } from "@/i18n/get-dictionary";

Import map: aliased to relative './src/components/RetroTerminal' inside of [project]/Desktop/I-Product/skillhub

https://nextjs.org/docs/messages/module-not-found @ http://localhost:3000/_next/static/chunks/c2fc1_next_dist_03d21e83._.js:3127
[  130334ms] [ERROR] ./Desktop/I-Product/skillhub/src/app/[locale]/page.tsx:5:1
Module not found: Can't resolve '@/components/RetroTerminal'
  3 | import SkillGrid from "@/components/SkillGrid";
  4 | import RetroComputer from "@/components/RetroComputer";
> 5 | import RetroTerminal from "@/components/RetroTerminal";
    | ^^^^^^^^^^^^^^^^^^^^^^^^^^^^^^^^^^^^^^^^^^^^^^^^^^^^^^^
  6 | import { getAllSkills } from "@/lib/skills";
  7 | import { isValidLocale, type Locale } from "@/i18n/config";
  8 | import { getDictionary } from "@/i18n/get-dictionary";

Import map: aliased to relative './src/components/RetroTerminal' inside of [project]/Desktop/I-Product/skillhub

https://nextjs.org/docs/messages/module-not-found @ http://localhost:3000/_next/static/chunks/c2fc1_next_dist_03d21e83._.js:3127
[  130391ms] [ERROR] ./Desktop/I-Product/skillhub/src/app/[locale]/page.tsx:5:1
Module not found: Can't resolve '@/components/RetroTerminal'
  3 | import SkillGrid from "@/components/SkillGrid";
  4 | import RetroComputer from "@/components/RetroComputer";
> 5 | import RetroTerminal from "@/components/RetroTerminal";
    | ^^^^^^^^^^^^^^^^^^^^^^^^^^^^^^^^^^^^^^^^^^^^^^^^^^^^^^^
  6 | import { getAllSkills } from "@/lib/skills";
  7 | import { isValidLocale, type Locale } from "@/i18n/config";
  8 | import { getDictionary } from "@/i18n/get-dictionary";

Import map: aliased to relative './src/components/RetroTerminal' inside of [project]/Desktop/I-Product/skillhub

https://nextjs.org/docs/messages/module-not-found @ http://localhost:3000/_next/static/chunks/c2fc1_next_dist_03d21e83._.js:3127
[  130444ms] [ERROR] ./Desktop/I-Product/skillhub/src/app/[locale]/page.tsx:5:1
Module not found: Can't resolve '@/components/RetroTerminal'
  3 | import SkillGrid from "@/components/SkillGrid";
  4 | import RetroComputer from "@/components/RetroComputer";
> 5 | import RetroTerminal from "@/components/RetroTerminal";
    | ^^^^^^^^^^^^^^^^^^^^^^^^^^^^^^^^^^^^^^^^^^^^^^^^^^^^^^^
  6 | import { getAllSkills } from "@/lib/skills";
  7 | import { isValidLocale, type Locale } from "@/i18n/config";
  8 | import { getDictionary } from "@/i18n/get-dictionary";

Import map: aliased to relative './src/components/RetroTerminal' inside of [project]/Desktop/I-Product/skillhub

https://nextjs.org/docs/messages/module-not-found @ http://localhost:3000/_next/static/chunks/c2fc1_next_dist_03d21e83._.js:3127
[  130495ms] [ERROR] ./Desktop/I-Product/skillhub/src/app/[locale]/page.tsx:5:1
Module not found: Can't resolve '@/components/RetroTerminal'
  3 | import SkillGrid from "@/components/SkillGrid";
  4 | import RetroComputer from "@/components/RetroComputer";
> 5 | import RetroTerminal from "@/components/RetroTerminal";
    | ^^^^^^^^^^^^^^^^^^^^^^^^^^^^^^^^^^^^^^^^^^^^^^^^^^^^^^^
  6 | import { getAllSkills } from "@/lib/skills";
  7 | import { isValidLocale, type Locale } from "@/i18n/config";
  8 | import { getDictionary } from "@/i18n/get-dictionary";

Import map: aliased to relative './src/components/RetroTerminal' inside of [project]/Desktop/I-Product/skillhub

https://nextjs.org/docs/messages/module-not-found @ http://localhost:3000/_next/static/chunks/c2fc1_next_dist_03d21e83._.js:3127
[  130548ms] [ERROR] ./Desktop/I-Product/skillhub/src/app/[locale]/page.tsx:5:1
Module not found: Can't resolve '@/components/RetroTerminal'
  3 | import SkillGrid from "@/components/SkillGrid";
  4 | import RetroComputer from "@/components/RetroComputer";
> 5 | import RetroTerminal from "@/components/RetroTerminal";
    | ^^^^^^^^^^^^^^^^^^^^^^^^^^^^^^^^^^^^^^^^^^^^^^^^^^^^^^^
  6 | import { getAllSkills } from "@/lib/skills";
  7 | import { isValidLocale, type Locale } from "@/i18n/config";
  8 | import { getDictionary } from "@/i18n/get-dictionary";

Import map: aliased to relative './src/components/RetroTerminal' inside of [project]/Desktop/I-Product/skillhub

https://nextjs.org/docs/messages/module-not-found @ http://localhost:3000/_next/static/chunks/c2fc1_next_dist_03d21e83._.js:3127
[  130597ms] [ERROR] ./Desktop/I-Product/skillhub/src/app/[locale]/page.tsx:5:1
Module not found: Can't resolve '@/components/RetroTerminal'
  3 | import SkillGrid from "@/components/SkillGrid";
  4 | import RetroComputer from "@/components/RetroComputer";
> 5 | import RetroTerminal from "@/components/RetroTerminal";
    | ^^^^^^^^^^^^^^^^^^^^^^^^^^^^^^^^^^^^^^^^^^^^^^^^^^^^^^^
  6 | import { getAllSkills } from "@/lib/skills";
  7 | import { isValidLocale, type Locale } from "@/i18n/config";
  8 | import { getDictionary } from "@/i18n/get-dictionary";

Import map: aliased to relative './src/components/RetroTerminal' inside of [project]/Desktop/I-Product/skillhub

https://nextjs.org/docs/messages/module-not-found @ http://localhost:3000/_next/static/chunks/c2fc1_next_dist_03d21e83._.js:3127
[  130646ms] [ERROR] ./Desktop/I-Product/skillhub/src/app/[locale]/page.tsx:5:1
Module not found: Can't resolve '@/components/RetroTerminal'
  3 | import SkillGrid from "@/components/SkillGrid";
  4 | import RetroComputer from "@/components/RetroComputer";
> 5 | import RetroTerminal from "@/components/RetroTerminal";
    | ^^^^^^^^^^^^^^^^^^^^^^^^^^^^^^^^^^^^^^^^^^^^^^^^^^^^^^^
  6 | import { getAllSkills } from "@/lib/skills";
  7 | import { isValidLocale, type Locale } from "@/i18n/config";
  8 | import { getDictionary } from "@/i18n/get-dictionary";

Import map: aliased to relative './src/components/RetroTerminal' inside of [project]/Desktop/I-Product/skillhub

https://nextjs.org/docs/messages/module-not-found @ http://localhost:3000/_next/static/chunks/c2fc1_next_dist_03d21e83._.js:3127
[  130695ms] [ERROR] ./Desktop/I-Product/skillhub/src/app/[locale]/page.tsx:5:1
Module not found: Can't resolve '@/components/RetroTerminal'
  3 | import SkillGrid from "@/components/SkillGrid";
  4 | import RetroComputer from "@/components/RetroComputer";
> 5 | import RetroTerminal from "@/components/RetroTerminal";
    | ^^^^^^^^^^^^^^^^^^^^^^^^^^^^^^^^^^^^^^^^^^^^^^^^^^^^^^^
  6 | import { getAllSkills } from "@/lib/skills";
  7 | import { isValidLocale, type Locale } from "@/i18n/config";
  8 | import { getDictionary } from "@/i18n/get-dictionary";

Import map: aliased to relative './src/components/RetroTerminal' inside of [project]/Desktop/I-Product/skillhub

https://nextjs.org/docs/messages/module-not-found @ http://localhost:3000/_next/static/chunks/c2fc1_next_dist_03d21e83._.js:3127
[  130794ms] [ERROR] ./Desktop/I-Product/skillhub/src/app/[locale]/page.tsx:5:1
Module not found: Can't resolve '@/components/RetroTerminal'
  3 | import SkillGrid from "@/components/SkillGrid";
  4 | import RetroComputer from "@/components/RetroComputer";
> 5 | import RetroTerminal from "@/components/RetroTerminal";
    | ^^^^^^^^^^^^^^^^^^^^^^^^^^^^^^^^^^^^^^^^^^^^^^^^^^^^^^^
  6 | import { getAllSkills } from "@/lib/skills";
  7 | import { isValidLocale, type Locale } from "@/i18n/config";
  8 | import { getDictionary } from "@/i18n/get-dictionary";

Import map: aliased to relative './src/components/RetroTerminal' inside of [project]/Desktop/I-Product/skillhub

https://nextjs.org/docs/messages/module-not-found @ http://localhost:3000/_next/static/chunks/c2fc1_next_dist_03d21e83._.js:3127
[  130867ms] [ERROR] ./Desktop/I-Product/skillhub/src/app/[locale]/page.tsx:5:1
Module not found: Can't resolve '@/components/RetroTerminal'
  3 | import SkillGrid from "@/components/SkillGrid";
  4 | import RetroComputer from "@/components/RetroComputer";
> 5 | import RetroTerminal from "@/components/RetroTerminal";
    | ^^^^^^^^^^^^^^^^^^^^^^^^^^^^^^^^^^^^^^^^^^^^^^^^^^^^^^^
  6 | import { getAllSkills } from "@/lib/skills";
  7 | import { isValidLocale, type Locale } from "@/i18n/config";
  8 | import { getDictionary } from "@/i18n/get-dictionary";

Import map: aliased to relative './src/components/RetroTerminal' inside of [project]/Desktop/I-Product/skillhub

https://nextjs.org/docs/messages/module-not-found @ http://localhost:3000/_next/static/chunks/c2fc1_next_dist_03d21e83._.js:3127
[  130951ms] [ERROR] ./Desktop/I-Product/skillhub/src/app/[locale]/page.tsx:5:1
Module not found: Can't resolve '@/components/RetroTerminal'
  3 | import SkillGrid from "@/components/SkillGrid";
  4 | import RetroComputer from "@/components/RetroComputer";
> 5 | import RetroTerminal from "@/components/RetroTerminal";
    | ^^^^^^^^^^^^^^^^^^^^^^^^^^^^^^^^^^^^^^^^^^^^^^^^^^^^^^^
  6 | import { getAllSkills } from "@/lib/skills";
  7 | import { isValidLocale, type Locale } from "@/i18n/config";
  8 | import { getDictionary } from "@/i18n/get-dictionary";

Import map: aliased to relative './src/components/RetroTerminal' inside of [project]/Desktop/I-Product/skillhub

https://nextjs.org/docs/messages/module-not-found @ http://localhost:3000/_next/static/chunks/c2fc1_next_dist_03d21e83._.js:3127
[  131002ms] [ERROR] ./Desktop/I-Product/skillhub/src/app/[locale]/page.tsx:5:1
Module not found: Can't resolve '@/components/RetroTerminal'
  3 | import SkillGrid from "@/components/SkillGrid";
  4 | import RetroComputer from "@/components/RetroComputer";
> 5 | import RetroTerminal from "@/components/RetroTerminal";
    | ^^^^^^^^^^^^^^^^^^^^^^^^^^^^^^^^^^^^^^^^^^^^^^^^^^^^^^^
  6 | import { getAllSkills } from "@/lib/skills";
  7 | import { isValidLocale, type Locale } from "@/i18n/config";
  8 | import { getDictionary } from "@/i18n/get-dictionary";

Import map: aliased to relative './src/components/RetroTerminal' inside of [project]/Desktop/I-Product/skillhub

https://nextjs.org/docs/messages/module-not-found @ http://localhost:3000/_next/static/chunks/c2fc1_next_dist_03d21e83._.js:3127
[  131058ms] [ERROR] ./Desktop/I-Product/skillhub/src/app/[locale]/page.tsx:5:1
Module not found: Can't resolve '@/components/RetroTerminal'
  3 | import SkillGrid from "@/components/SkillGrid";
  4 | import RetroComputer from "@/components/RetroComputer";
> 5 | import RetroTerminal from "@/components/RetroTerminal";
    | ^^^^^^^^^^^^^^^^^^^^^^^^^^^^^^^^^^^^^^^^^^^^^^^^^^^^^^^
  6 | import { getAllSkills } from "@/lib/skills";
  7 | import { isValidLocale, type Locale } from "@/i18n/config";
  8 | import { getDictionary } from "@/i18n/get-dictionary";

Import map: aliased to relative './src/components/RetroTerminal' inside of [project]/Desktop/I-Product/skillhub

https://nextjs.org/docs/messages/module-not-found @ http://localhost:3000/_next/static/chunks/c2fc1_next_dist_03d21e83._.js:3127
[  131107ms] [ERROR] ./Desktop/I-Product/skillhub/src/app/[locale]/page.tsx:5:1
Module not found: Can't resolve '@/components/RetroTerminal'
  3 | import SkillGrid from "@/components/SkillGrid";
  4 | import RetroComputer from "@/components/RetroComputer";
> 5 | import RetroTerminal from "@/components/RetroTerminal";
    | ^^^^^^^^^^^^^^^^^^^^^^^^^^^^^^^^^^^^^^^^^^^^^^^^^^^^^^^
  6 | import { getAllSkills } from "@/lib/skills";
  7 | import { isValidLocale, type Locale } from "@/i18n/config";
  8 | import { getDictionary } from "@/i18n/get-dictionary";

Import map: aliased to relative './src/components/RetroTerminal' inside of [project]/Desktop/I-Product/skillhub

https://nextjs.org/docs/messages/module-not-found @ http://localhost:3000/_next/static/chunks/c2fc1_next_dist_03d21e83._.js:3127
[  131157ms] [ERROR] ./Desktop/I-Product/skillhub/src/app/[locale]/page.tsx:5:1
Module not found: Can't resolve '@/components/RetroTerminal'
  3 | import SkillGrid from "@/components/SkillGrid";
  4 | import RetroComputer from "@/components/RetroComputer";
> 5 | import RetroTerminal from "@/components/RetroTerminal";
    | ^^^^^^^^^^^^^^^^^^^^^^^^^^^^^^^^^^^^^^^^^^^^^^^^^^^^^^^
  6 | import { getAllSkills } from "@/lib/skills";
  7 | import { isValidLocale, type Locale } from "@/i18n/config";
  8 | import { getDictionary } from "@/i18n/get-dictionary";

Import map: aliased to relative './src/components/RetroTerminal' inside of [project]/Desktop/I-Product/skillhub

https://nextjs.org/docs/messages/module-not-found @ http://localhost:3000/_next/static/chunks/c2fc1_next_dist_03d21e83._.js:3127
[  131206ms] [ERROR] ./Desktop/I-Product/skillhub/src/app/[locale]/page.tsx:5:1
Module not found: Can't resolve '@/components/RetroTerminal'
  3 | import SkillGrid from "@/components/SkillGrid";
  4 | import RetroComputer from "@/components/RetroComputer";
> 5 | import RetroTerminal from "@/components/RetroTerminal";
    | ^^^^^^^^^^^^^^^^^^^^^^^^^^^^^^^^^^^^^^^^^^^^^^^^^^^^^^^
  6 | import { getAllSkills } from "@/lib/skills";
  7 | import { isValidLocale, type Locale } from "@/i18n/config";
  8 | import { getDictionary } from "@/i18n/get-dictionary";

Import map: aliased to relative './src/components/RetroTerminal' inside of [project]/Desktop/I-Product/skillhub

https://nextjs.org/docs/messages/module-not-found @ http://localhost:3000/_next/static/chunks/c2fc1_next_dist_03d21e83._.js:3127
[  131257ms] [ERROR] ./Desktop/I-Product/skillhub/src/app/[locale]/page.tsx:5:1
Module not found: Can't resolve '@/components/RetroTerminal'
  3 | import SkillGrid from "@/components/SkillGrid";
  4 | import RetroComputer from "@/components/RetroComputer";
> 5 | import RetroTerminal from "@/components/RetroTerminal";
    | ^^^^^^^^^^^^^^^^^^^^^^^^^^^^^^^^^^^^^^^^^^^^^^^^^^^^^^^
  6 | import { getAllSkills } from "@/lib/skills";
  7 | import { isValidLocale, type Locale } from "@/i18n/config";
  8 | import { getDictionary } from "@/i18n/get-dictionary";

Import map: aliased to relative './src/components/RetroTerminal' inside of [project]/Desktop/I-Product/skillhub

https://nextjs.org/docs/messages/module-not-found @ http://localhost:3000/_next/static/chunks/c2fc1_next_dist_03d21e83._.js:3127
[  131305ms] [ERROR] ./Desktop/I-Product/skillhub/src/app/[locale]/page.tsx:5:1
Module not found: Can't resolve '@/components/RetroTerminal'
  3 | import SkillGrid from "@/components/SkillGrid";
  4 | import RetroComputer from "@/components/RetroComputer";
> 5 | import RetroTerminal from "@/components/RetroTerminal";
    | ^^^^^^^^^^^^^^^^^^^^^^^^^^^^^^^^^^^^^^^^^^^^^^^^^^^^^^^
  6 | import { getAllSkills } from "@/lib/skills";
  7 | import { isValidLocale, type Locale } from "@/i18n/config";
  8 | import { getDictionary } from "@/i18n/get-dictionary";

Import map: aliased to relative './src/components/RetroTerminal' inside of [project]/Desktop/I-Product/skillhub

https://nextjs.org/docs/messages/module-not-found @ http://localhost:3000/_next/static/chunks/c2fc1_next_dist_03d21e83._.js:3127
[  131355ms] [ERROR] ./Desktop/I-Product/skillhub/src/app/[locale]/page.tsx:5:1
Module not found: Can't resolve '@/components/RetroTerminal'
  3 | import SkillGrid from "@/components/SkillGrid";
  4 | import RetroComputer from "@/components/RetroComputer";
> 5 | import RetroTerminal from "@/components/RetroTerminal";
    | ^^^^^^^^^^^^^^^^^^^^^^^^^^^^^^^^^^^^^^^^^^^^^^^^^^^^^^^
  6 | import { getAllSkills } from "@/lib/skills";
  7 | import { isValidLocale, type Locale } from "@/i18n/config";
  8 | import { getDictionary } from "@/i18n/get-dictionary";

Import map: aliased to relative './src/components/RetroTerminal' inside of [project]/Desktop/I-Product/skillhub

https://nextjs.org/docs/messages/module-not-found @ http://localhost:3000/_next/static/chunks/c2fc1_next_dist_03d21e83._.js:3127
[  131404ms] [ERROR] ./Desktop/I-Product/skillhub/src/app/[locale]/page.tsx:5:1
Module not found: Can't resolve '@/components/RetroTerminal'
  3 | import SkillGrid from "@/components/SkillGrid";
  4 | import RetroComputer from "@/components/RetroComputer";
> 5 | import RetroTerminal from "@/components/RetroTerminal";
    | ^^^^^^^^^^^^^^^^^^^^^^^^^^^^^^^^^^^^^^^^^^^^^^^^^^^^^^^
  6 | import { getAllSkills } from "@/lib/skills";
  7 | import { isValidLocale, type Locale } from "@/i18n/config";
  8 | import { getDictionary } from "@/i18n/get-dictionary";

Import map: aliased to relative './src/components/RetroTerminal' inside of [project]/Desktop/I-Product/skillhub

https://nextjs.org/docs/messages/module-not-found @ http://localhost:3000/_next/static/chunks/c2fc1_next_dist_03d21e83._.js:3127
[  131452ms] [ERROR] ./Desktop/I-Product/skillhub/src/app/[locale]/page.tsx:5:1
Module not found: Can't resolve '@/components/RetroTerminal'
  3 | import SkillGrid from "@/components/SkillGrid";
  4 | import RetroComputer from "@/components/RetroComputer";
> 5 | import RetroTerminal from "@/components/RetroTerminal";
    | ^^^^^^^^^^^^^^^^^^^^^^^^^^^^^^^^^^^^^^^^^^^^^^^^^^^^^^^
  6 | import { getAllSkills } from "@/lib/skills";
  7 | import { isValidLocale, type Locale } from "@/i18n/config";
  8 | import { getDictionary } from "@/i18n/get-dictionary";

Import map: aliased to relative './src/components/RetroTerminal' inside of [project]/Desktop/I-Product/skillhub

https://nextjs.org/docs/messages/module-not-found @ http://localhost:3000/_next/static/chunks/c2fc1_next_dist_03d21e83._.js:3127
[  131500ms] [ERROR] ./Desktop/I-Product/skillhub/src/app/[locale]/page.tsx:5:1
Module not found: Can't resolve '@/components/RetroTerminal'
  3 | import SkillGrid from "@/components/SkillGrid";
  4 | import RetroComputer from "@/components/RetroComputer";
> 5 | import RetroTerminal from "@/components/RetroTerminal";
    | ^^^^^^^^^^^^^^^^^^^^^^^^^^^^^^^^^^^^^^^^^^^^^^^^^^^^^^^
  6 | import { getAllSkills } from "@/lib/skills";
  7 | import { isValidLocale, type Locale } from "@/i18n/config";
  8 | import { getDictionary } from "@/i18n/get-dictionary";

Import map: aliased to relative './src/components/RetroTerminal' inside of [project]/Desktop/I-Product/skillhub

https://nextjs.org/docs/messages/module-not-found @ http://localhost:3000/_next/static/chunks/c2fc1_next_dist_03d21e83._.js:3127
[  131548ms] [ERROR] ./Desktop/I-Product/skillhub/src/app/[locale]/page.tsx:5:1
Module not found: Can't resolve '@/components/RetroTerminal'
  3 | import SkillGrid from "@/components/SkillGrid";
  4 | import RetroComputer from "@/components/RetroComputer";
> 5 | import RetroTerminal from "@/components/RetroTerminal";
    | ^^^^^^^^^^^^^^^^^^^^^^^^^^^^^^^^^^^^^^^^^^^^^^^^^^^^^^^
  6 | import { getAllSkills } from "@/lib/skills";
  7 | import { isValidLocale, type Locale } from "@/i18n/config";
  8 | import { getDictionary } from "@/i18n/get-dictionary";

Import map: aliased to relative './src/components/RetroTerminal' inside of [project]/Desktop/I-Product/skillhub

https://nextjs.org/docs/messages/module-not-found @ http://localhost:3000/_next/static/chunks/c2fc1_next_dist_03d21e83._.js:3127
[  131597ms] [ERROR] ./Desktop/I-Product/skillhub/src/app/[locale]/page.tsx:5:1
Module not found: Can't resolve '@/components/RetroTerminal'
  3 | import SkillGrid from "@/components/SkillGrid";
  4 | import RetroComputer from "@/components/RetroComputer";
> 5 | import RetroTerminal from "@/components/RetroTerminal";
    | ^^^^^^^^^^^^^^^^^^^^^^^^^^^^^^^^^^^^^^^^^^^^^^^^^^^^^^^
  6 | import { getAllSkills } from "@/lib/skills";
  7 | import { isValidLocale, type Locale } from "@/i18n/config";
  8 | import { getDictionary } from "@/i18n/get-dictionary";

Import map: aliased to relative './src/components/RetroTerminal' inside of [project]/Desktop/I-Product/skillhub

https://nextjs.org/docs/messages/module-not-found @ http://localhost:3000/_next/static/chunks/c2fc1_next_dist_03d21e83._.js:3127
[  131646ms] [ERROR] ./Desktop/I-Product/skillhub/src/app/[locale]/page.tsx:5:1
Module not found: Can't resolve '@/components/RetroTerminal'
  3 | import SkillGrid from "@/components/SkillGrid";
  4 | import RetroComputer from "@/components/RetroComputer";
> 5 | import RetroTerminal from "@/components/RetroTerminal";
    | ^^^^^^^^^^^^^^^^^^^^^^^^^^^^^^^^^^^^^^^^^^^^^^^^^^^^^^^
  6 | import { getAllSkills } from "@/lib/skills";
  7 | import { isValidLocale, type Locale } from "@/i18n/config";
  8 | import { getDictionary } from "@/i18n/get-dictionary";

Import map: aliased to relative './src/components/RetroTerminal' inside of [project]/Desktop/I-Product/skillhub

https://nextjs.org/docs/messages/module-not-found @ http://localhost:3000/_next/static/chunks/c2fc1_next_dist_03d21e83._.js:3127
[  131696ms] [ERROR] ./Desktop/I-Product/skillhub/src/app/[locale]/page.tsx:5:1
Module not found: Can't resolve '@/components/RetroTerminal'
  3 | import SkillGrid from "@/components/SkillGrid";
  4 | import RetroComputer from "@/components/RetroComputer";
> 5 | import RetroTerminal from "@/components/RetroTerminal";
    | ^^^^^^^^^^^^^^^^^^^^^^^^^^^^^^^^^^^^^^^^^^^^^^^^^^^^^^^
  6 | import { getAllSkills } from "@/lib/skills";
  7 | import { isValidLocale, type Locale } from "@/i18n/config";
  8 | import { getDictionary } from "@/i18n/get-dictionary";

Import map: aliased to relative './src/components/RetroTerminal' inside of [project]/Desktop/I-Product/skillhub

https://nextjs.org/docs/messages/module-not-found @ http://localhost:3000/_next/static/chunks/c2fc1_next_dist_03d21e83._.js:3127
[  131745ms] [ERROR] ./Desktop/I-Product/skillhub/src/app/[locale]/page.tsx:5:1
Module not found: Can't resolve '@/components/RetroTerminal'
  3 | import SkillGrid from "@/components/SkillGrid";
  4 | import RetroComputer from "@/components/RetroComputer";
> 5 | import RetroTerminal from "@/components/RetroTerminal";
    | ^^^^^^^^^^^^^^^^^^^^^^^^^^^^^^^^^^^^^^^^^^^^^^^^^^^^^^^
  6 | import { getAllSkills } from "@/lib/skills";
  7 | import { isValidLocale, type Locale } from "@/i18n/config";
  8 | import { getDictionary } from "@/i18n/get-dictionary";

Import map: aliased to relative './src/components/RetroTerminal' inside of [project]/Desktop/I-Product/skillhub

https://nextjs.org/docs/messages/module-not-found @ http://localhost:3000/_next/static/chunks/c2fc1_next_dist_03d21e83._.js:3127
[  131803ms] [ERROR] ./Desktop/I-Product/skillhub/src/app/[locale]/page.tsx:5:1
Module not found: Can't resolve '@/components/RetroTerminal'
  3 | import SkillGrid from "@/components/SkillGrid";
  4 | import RetroComputer from "@/components/RetroComputer";
> 5 | import RetroTerminal from "@/components/RetroTerminal";
    | ^^^^^^^^^^^^^^^^^^^^^^^^^^^^^^^^^^^^^^^^^^^^^^^^^^^^^^^
  6 | import { getAllSkills } from "@/lib/skills";
  7 | import { isValidLocale, type Locale } from "@/i18n/config";
  8 | import { getDictionary } from "@/i18n/get-dictionary";

Import map: aliased to relative './src/components/RetroTerminal' inside of [project]/Desktop/I-Product/skillhub

https://nextjs.org/docs/messages/module-not-found @ http://localhost:3000/_next/static/chunks/c2fc1_next_dist_03d21e83._.js:3127
[  131856ms] [ERROR] ./Desktop/I-Product/skillhub/src/app/[locale]/page.tsx:5:1
Module not found: Can't resolve '@/components/RetroTerminal'
  3 | import SkillGrid from "@/components/SkillGrid";
  4 | import RetroComputer from "@/components/RetroComputer";
> 5 | import RetroTerminal from "@/components/RetroTerminal";
    | ^^^^^^^^^^^^^^^^^^^^^^^^^^^^^^^^^^^^^^^^^^^^^^^^^^^^^^^
  6 | import { getAllSkills } from "@/lib/skills";
  7 | import { isValidLocale, type Locale } from "@/i18n/config";
  8 | import { getDictionary } from "@/i18n/get-dictionary";

Import map: aliased to relative './src/components/RetroTerminal' inside of [project]/Desktop/I-Product/skillhub

https://nextjs.org/docs/messages/module-not-found @ http://localhost:3000/_next/static/chunks/c2fc1_next_dist_03d21e83._.js:3127
[  131906ms] [ERROR] ./Desktop/I-Product/skillhub/src/app/[locale]/page.tsx:5:1
Module not found: Can't resolve '@/components/RetroTerminal'
  3 | import SkillGrid from "@/components/SkillGrid";
  4 | import RetroComputer from "@/components/RetroComputer";
> 5 | import RetroTerminal from "@/components/RetroTerminal";
    | ^^^^^^^^^^^^^^^^^^^^^^^^^^^^^^^^^^^^^^^^^^^^^^^^^^^^^^^
  6 | import { getAllSkills } from "@/lib/skills";
  7 | import { isValidLocale, type Locale } from "@/i18n/config";
  8 | import { getDictionary } from "@/i18n/get-dictionary";

Import map: aliased to relative './src/components/RetroTerminal' inside of [project]/Desktop/I-Product/skillhub

https://nextjs.org/docs/messages/module-not-found @ http://localhost:3000/_next/static/chunks/c2fc1_next_dist_03d21e83._.js:3127
[  131958ms] [ERROR] ./Desktop/I-Product/skillhub/src/app/[locale]/page.tsx:5:1
Module not found: Can't resolve '@/components/RetroTerminal'
  3 | import SkillGrid from "@/components/SkillGrid";
  4 | import RetroComputer from "@/components/RetroComputer";
> 5 | import RetroTerminal from "@/components/RetroTerminal";
    | ^^^^^^^^^^^^^^^^^^^^^^^^^^^^^^^^^^^^^^^^^^^^^^^^^^^^^^^
  6 | import { getAllSkills } from "@/lib/skills";
  7 | import { isValidLocale, type Locale } from "@/i18n/config";
  8 | import { getDictionary } from "@/i18n/get-dictionary";

Import map: aliased to relative './src/components/RetroTerminal' inside of [project]/Desktop/I-Product/skillhub

https://nextjs.org/docs/messages/module-not-found @ http://localhost:3000/_next/static/chunks/c2fc1_next_dist_03d21e83._.js:3127
[  132007ms] [ERROR] ./Desktop/I-Product/skillhub/src/app/[locale]/page.tsx:5:1
Module not found: Can't resolve '@/components/RetroTerminal'
  3 | import SkillGrid from "@/components/SkillGrid";
  4 | import RetroComputer from "@/components/RetroComputer";
> 5 | import RetroTerminal from "@/components/RetroTerminal";
    | ^^^^^^^^^^^^^^^^^^^^^^^^^^^^^^^^^^^^^^^^^^^^^^^^^^^^^^^
  6 | import { getAllSkills } from "@/lib/skills";
  7 | import { isValidLocale, type Locale } from "@/i18n/config";
  8 | import { getDictionary } from "@/i18n/get-dictionary";

Import map: aliased to relative './src/components/RetroTerminal' inside of [project]/Desktop/I-Product/skillhub

https://nextjs.org/docs/messages/module-not-found @ http://localhost:3000/_next/static/chunks/c2fc1_next_dist_03d21e83._.js:3127
[  132063ms] [ERROR] ./Desktop/I-Product/skillhub/src/app/[locale]/page.tsx:5:1
Module not found: Can't resolve '@/components/RetroTerminal'
  3 | import SkillGrid from "@/components/SkillGrid";
  4 | import RetroComputer from "@/components/RetroComputer";
> 5 | import RetroTerminal from "@/components/RetroTerminal";
    | ^^^^^^^^^^^^^^^^^^^^^^^^^^^^^^^^^^^^^^^^^^^^^^^^^^^^^^^
  6 | import { getAllSkills } from "@/lib/skills";
  7 | import { isValidLocale, type Locale } from "@/i18n/config";
  8 | import { getDictionary } from "@/i18n/get-dictionary";

Import map: aliased to relative './src/components/RetroTerminal' inside of [project]/Desktop/I-Product/skillhub

https://nextjs.org/docs/messages/module-not-found @ http://localhost:3000/_next/static/chunks/c2fc1_next_dist_03d21e83._.js:3127
[  132115ms] [ERROR] ./Desktop/I-Product/skillhub/src/app/[locale]/page.tsx:5:1
Module not found: Can't resolve '@/components/RetroTerminal'
  3 | import SkillGrid from "@/components/SkillGrid";
  4 | import RetroComputer from "@/components/RetroComputer";
> 5 | import RetroTerminal from "@/components/RetroTerminal";
    | ^^^^^^^^^^^^^^^^^^^^^^^^^^^^^^^^^^^^^^^^^^^^^^^^^^^^^^^
  6 | import { getAllSkills } from "@/lib/skills";
  7 | import { isValidLocale, type Locale } from "@/i18n/config";
  8 | import { getDictionary } from "@/i18n/get-dictionary";

Import map: aliased to relative './src/components/RetroTerminal' inside of [project]/Desktop/I-Product/skillhub

https://nextjs.org/docs/messages/module-not-found @ http://localhost:3000/_next/static/chunks/c2fc1_next_dist_03d21e83._.js:3127
[  132187ms] [ERROR] ./Desktop/I-Product/skillhub/src/app/[locale]/page.tsx:5:1
Module not found: Can't resolve '@/components/RetroTerminal'
  3 | import SkillGrid from "@/components/SkillGrid";
  4 | import RetroComputer from "@/components/RetroComputer";
> 5 | import RetroTerminal from "@/components/RetroTerminal";
    | ^^^^^^^^^^^^^^^^^^^^^^^^^^^^^^^^^^^^^^^^^^^^^^^^^^^^^^^
  6 | import { getAllSkills } from "@/lib/skills";
  7 | import { isValidLocale, type Locale } from "@/i18n/config";
  8 | import { getDictionary } from "@/i18n/get-dictionary";

Import map: aliased to relative './src/components/RetroTerminal' inside of [project]/Desktop/I-Product/skillhub

https://nextjs.org/docs/messages/module-not-found @ http://localhost:3000/_next/static/chunks/c2fc1_next_dist_03d21e83._.js:3127
[  132265ms] [ERROR] ./Desktop/I-Product/skillhub/src/app/[locale]/page.tsx:5:1
Module not found: Can't resolve '@/components/RetroTerminal'
  3 | import SkillGrid from "@/components/SkillGrid";
  4 | import RetroComputer from "@/components/RetroComputer";
> 5 | import RetroTerminal from "@/components/RetroTerminal";
    | ^^^^^^^^^^^^^^^^^^^^^^^^^^^^^^^^^^^^^^^^^^^^^^^^^^^^^^^
  6 | import { getAllSkills } from "@/lib/skills";
  7 | import { isValidLocale, type Locale } from "@/i18n/config";
  8 | import { getDictionary } from "@/i18n/get-dictionary";

Import map: aliased to relative './src/components/RetroTerminal' inside of [project]/Desktop/I-Product/skillhub

https://nextjs.org/docs/messages/module-not-found @ http://localhost:3000/_next/static/chunks/c2fc1_next_dist_03d21e83._.js:3127
[  132309ms] [ERROR] ./Desktop/I-Product/skillhub/src/app/[locale]/page.tsx:5:1
Module not found: Can't resolve '@/components/RetroTerminal'
  3 | import SkillGrid from "@/components/SkillGrid";
  4 | import RetroComputer from "@/components/RetroComputer";
> 5 | import RetroTerminal from "@/components/RetroTerminal";
    | ^^^^^^^^^^^^^^^^^^^^^^^^^^^^^^^^^^^^^^^^^^^^^^^^^^^^^^^
  6 | import { getAllSkills } from "@/lib/skills";
  7 | import { isValidLocale, type Locale } from "@/i18n/config";
  8 | import { getDictionary } from "@/i18n/get-dictionary";

Import map: aliased to relative './src/components/RetroTerminal' inside of [project]/Desktop/I-Product/skillhub

https://nextjs.org/docs/messages/module-not-found @ http://localhost:3000/_next/static/chunks/c2fc1_next_dist_03d21e83._.js:3127
[  132359ms] [ERROR] ./Desktop/I-Product/skillhub/src/app/[locale]/page.tsx:5:1
Module not found: Can't resolve '@/components/RetroTerminal'
  3 | import SkillGrid from "@/components/SkillGrid";
  4 | import RetroComputer from "@/components/RetroComputer";
> 5 | import RetroTerminal from "@/components/RetroTerminal";
    | ^^^^^^^^^^^^^^^^^^^^^^^^^^^^^^^^^^^^^^^^^^^^^^^^^^^^^^^
  6 | import { getAllSkills } from "@/lib/skills";
  7 | import { isValidLocale, type Locale } from "@/i18n/config";
  8 | import { getDictionary } from "@/i18n/get-dictionary";

Import map: aliased to relative './src/components/RetroTerminal' inside of [project]/Desktop/I-Product/skillhub

https://nextjs.org/docs/messages/module-not-found @ http://localhost:3000/_next/static/chunks/c2fc1_next_dist_03d21e83._.js:3127
[  132638ms] [WARNING] [HMR] Invalid message: {"isTrusted":true}
TypeError: Cannot convert undefined or null to object
    at Object.keys (<anonymous>)
    at extractModulesFromTurbopackMessage (http://localhost:3000/_next/static/chunks/c2fc1_next_dist_client_e8b6fe15._.js:11210:39)
    at TurbopackHmr.onTurbopackMessage (http://localhost:3000/_next/static/chunks/c2fc1_next_dist_client_e8b6fe15._.js:11157:32)
    at processMessage (http://localhost:3000/_next/static/chunks/c2fc1_next_dist_client_e8b6fe15._.js:11589:30)
    at WebSocket.handleMessage (http://localhost:3000/_next/static/chunks/c2fc1_next_dist_client_e8b6fe15._.js:10914:52) @ http://localhost:3000/_next/static/chunks/c2fc1_next_dist_03d21e83._.js:2297
[  135378ms] ReferenceError: RetroTerminal is not defined
    at Home (about://React/Server/file:///Users/wuxichen/Desktop/I-Product/skillhub/.next/dev/server/chunks/ssr/%5Broot-of-the-server%5D__b522e7a6._.js?95:872:338)
    at resolveErrorDev (http://localhost:3000/_next/static/chunks/c2fc1_next_dist_compiled_react-server-dom-turbopack_ff6606b9._.js:1894:148)
    at processFullStringRow (http://localhost:3000/_next/static/chunks/c2fc1_next_dist_compiled_react-server-dom-turbopack_ff6606b9._.js:2402:29)
    at processFullBinaryRow (http://localhost:3000/_next/static/chunks/c2fc1_next_dist_compiled_react-server-dom-turbopack_ff6606b9._.js:2361:9)
    at processBinaryChunk (http://localhost:3000/_next/static/chunks/c2fc1_next_dist_compiled_react-server-dom-turbopack_ff6606b9._.js:2470:221)
    at progress (http://localhost:3000/_next/static/chunks/c2fc1_next_dist_compiled_react-server-dom-turbopack_ff6606b9._.js:2640:13)
[  138472ms] [WARNING] The resource http://localhost:3000/_next/static/chunks/Desktop_I-Product_skillhub_src_components_RetroComputer_module_1adc35d8.css was preloaded using link preload but not used within a few seconds from the window's load event. Please make sure it has an appropriate `as` value and it is preloaded intentionally. @ http://localhost:3000/:0
[  139524ms] [WARNING] [Fast Refresh] performing full reload because your application had an unrecoverable error @ http://localhost:3000/_next/static/chunks/c2fc1_next_dist_03d21e83._.js:2297
