[   68324ms] [ERROR] ./Desktop/I-Product/skillhub/src/app/[locale]/page.tsx:5:1
Module not found: Can't resolve '@/components/CrtTerminal'
  3 | import SkillGrid from "@/components/SkillGrid";
  4 | import RetroComputer from "@/components/RetroComputer";
> 5 | import CrtTerminal from "@/components/CrtTerminal";
    | ^^^^^^^^^^^^^^^^^^^^^^^^^^^^^^^^^^^^^^^^^^^^^^^^^^^
  6 | import { getAllSkills } from "@/lib/skills";
  7 | import { isValidLocale, type Locale } from "@/i18n/config";
  8 | import { getDictionary } from "@/i18n/get-dictionary";

Import map: aliased to relative './src/components/CrtTerminal' inside of [project]/Desktop/I-Product/skillhub

https://nextjs.org/docs/messages/module-not-found @ http://localhost:3000/_next/static/chunks/c2fc1_next_dist_03d21e83._.js:3127
[   68450ms] [ERROR] ./Desktop/I-Product/skillhub/src/app/[locale]/page.tsx:5:1
Module not found: Can't resolve '@/components/CrtTerminal'
  3 | import SkillGrid from "@/components/SkillGrid";
  4 | import RetroComputer from "@/components/RetroComputer";
> 5 | import CrtTerminal from "@/components/CrtTerminal";
    | ^^^^^^^^^^^^^^^^^^^^^^^^^^^^^^^^^^^^^^^^^^^^^^^^^^^
  6 | import { getAllSkills } from "@/lib/skills";
  7 | import { isValidLocale, type Locale } from "@/i18n/config";
  8 | import { getDictionary } from "@/i18n/get-dictionary";

Import map: aliased to relative './src/components/CrtTerminal' inside of [project]/Desktop/I-Product/skillhub

https://nextjs.org/docs/messages/module-not-found @ http://localhost:3000/_next/static/chunks/c2fc1_next_dist_03d21e83._.js:3127
[   68503ms] [ERROR] ./Desktop/I-Product/skillhub/src/app/[locale]/page.tsx:5:1
Module not found: Can't resolve '@/components/CrtTerminal'
  3 | import SkillGrid from "@/components/SkillGrid";
  4 | import RetroComputer from "@/components/RetroComputer";
> 5 | import CrtTerminal from "@/components/CrtTerminal";
    | ^^^^^^^^^^^^^^^^^^^^^^^^^^^^^^^^^^^^^^^^^^^^^^^^^^^
  6 | import { getAllSkills } from "@/lib/skills";
  7 | import { isValidLocale, type Locale } from "@/i18n/config";
  8 | import { getDictionary } from "@/i18n/get-dictionary";

Import map: aliased to relative './src/components/CrtTerminal' inside of [project]/Desktop/I-Product/skillhub

https://nextjs.org/docs/messages/module-not-found @ http://localhost:3000/_next/static/chunks/c2fc1_next_dist_03d21e83._.js:3127
[   68558ms] [ERROR] ./Desktop/I-Product/skillhub/src/app/[locale]/page.tsx:5:1
Module not found: Can't resolve '@/components/CrtTerminal'
  3 | import SkillGrid from "@/components/SkillGrid";
  4 | import RetroComputer from "@/components/RetroComputer";
> 5 | import CrtTerminal from "@/components/CrtTerminal";
    | ^^^^^^^^^^^^^^^^^^^^^^^^^^^^^^^^^^^^^^^^^^^^^^^^^^^
  6 | import { getAllSkills } from "@/lib/skills";
  7 | import { isValidLocale, type Locale } from "@/i18n/config";
  8 | import { getDictionary } from "@/i18n/get-dictionary";

Import map: aliased to relative './src/components/CrtTerminal' inside of [project]/Desktop/I-Product/skillhub

https://nextjs.org/docs/messages/module-not-found @ http://localhost:3000/_next/static/chunks/c2fc1_next_dist_03d21e83._.js:3127
[   68608ms] [ERROR] ./Desktop/I-Product/skillhub/src/app/[locale]/page.tsx:5:1
Module not found: Can't resolve '@/components/CrtTerminal'
  3 | import SkillGrid from "@/components/SkillGrid";
  4 | import RetroComputer from "@/components/RetroComputer";
> 5 | import CrtTerminal from "@/components/CrtTerminal";
    | ^^^^^^^^^^^^^^^^^^^^^^^^^^^^^^^^^^^^^^^^^^^^^^^^^^^
  6 | import { getAllSkills } from "@/lib/skills";
  7 | import { isValidLocale, type Locale } from "@/i18n/config";
  8 | import { getDictionary } from "@/i18n/get-dictionary";

Import map: aliased to relative './src/components/CrtTerminal' inside of [project]/Desktop/I-Product/skillhub

https://nextjs.org/docs/messages/module-not-found @ http://localhost:3000/_next/static/chunks/c2fc1_next_dist_03d21e83._.js:3127
[   68657ms] [ERROR] ./Desktop/I-Product/skillhub/src/app/[locale]/page.tsx:5:1
Module not found: Can't resolve '@/components/CrtTerminal'
  3 | import SkillGrid from "@/components/SkillGrid";
  4 | import RetroComputer from "@/components/RetroComputer";
> 5 | import CrtTerminal from "@/components/CrtTerminal";
    | ^^^^^^^^^^^^^^^^^^^^^^^^^^^^^^^^^^^^^^^^^^^^^^^^^^^
  6 | import { getAllSkills } from "@/lib/skills";
  7 | import { isValidLocale, type Locale } from "@/i18n/config";
  8 | import { getDictionary } from "@/i18n/get-dictionary";

Import map: aliased to relative './src/components/CrtTerminal' inside of [project]/Desktop/I-Product/skillhub

https://nextjs.org/docs/messages/module-not-found @ http://localhost:3000/_next/static/chunks/c2fc1_next_dist_03d21e83._.js:3127
[   68707ms] [ERROR] ./Desktop/I-Product/skillhub/src/app/[locale]/page.tsx:5:1
Module not found: Can't resolve '@/components/CrtTerminal'
  3 | import SkillGrid from "@/components/SkillGrid";
  4 | import RetroComputer from "@/components/RetroComputer";
> 5 | import CrtTerminal from "@/components/CrtTerminal";
    | ^^^^^^^^^^^^^^^^^^^^^^^^^^^^^^^^^^^^^^^^^^^^^^^^^^^
  6 | import { getAllSkills } from "@/lib/skills";
  7 | import { isValidLocale, type Locale } from "@/i18n/config";
  8 | import { getDictionary } from "@/i18n/get-dictionary";

Import map: aliased to relative './src/components/CrtTerminal' inside of [project]/Desktop/I-Product/skillhub

https://nextjs.org/docs/messages/module-not-found @ http://localhost:3000/_next/static/chunks/c2fc1_next_dist_03d21e83._.js:3127
[   68755ms] [ERROR] ./Desktop/I-Product/skillhub/src/app/[locale]/page.tsx:5:1
Module not found: Can't resolve '@/components/CrtTerminal'
  3 | import SkillGrid from "@/components/SkillGrid";
  4 | import RetroComputer from "@/components/RetroComputer";
> 5 | import CrtTerminal from "@/components/CrtTerminal";
    | ^^^^^^^^^^^^^^^^^^^^^^^^^^^^^^^^^^^^^^^^^^^^^^^^^^^
  6 | import { getAllSkills } from "@/lib/skills";
  7 | import { isValidLocale, type Locale } from "@/i18n/config";
  8 | import { getDictionary } from "@/i18n/get-dictionary";

Import map: aliased to relative './src/components/CrtTerminal' inside of [project]/Desktop/I-Product/skillhub

https://nextjs.org/docs/messages/module-not-found @ http://localhost:3000/_next/static/chunks/c2fc1_next_dist_03d21e83._.js:3127
[   68804ms] [ERROR] ./Desktop/I-Product/skillhub/src/app/[locale]/page.tsx:5:1
Module not found: Can't resolve '@/components/CrtTerminal'
  3 | import SkillGrid from "@/components/SkillGrid";
  4 | import RetroComputer from "@/components/RetroComputer";
> 5 | import CrtTerminal from "@/components/CrtTerminal";
    | ^^^^^^^^^^^^^^^^^^^^^^^^^^^^^^^^^^^^^^^^^^^^^^^^^^^
  6 | import { getAllSkills } from "@/lib/skills";
  7 | import { isValidLocale, type Locale } from "@/i18n/config";
  8 | import { getDictionary } from "@/i18n/get-dictionary";

Import map: aliased to relative './src/components/CrtTerminal' inside of [project]/Desktop/I-Product/skillhub

https://nextjs.org/docs/messages/module-not-found @ http://localhost:3000/_next/static/chunks/c2fc1_next_dist_03d21e83._.js:3127
[   68852ms] [ERROR] ./Desktop/I-Product/skillhub/src/app/[locale]/page.tsx:5:1
Module not found: Can't resolve '@/components/CrtTerminal'
  3 | import SkillGrid from "@/components/SkillGrid";
  4 | import RetroComputer from "@/components/RetroComputer";
> 5 | import CrtTerminal from "@/components/CrtTerminal";
    | ^^^^^^^^^^^^^^^^^^^^^^^^^^^^^^^^^^^^^^^^^^^^^^^^^^^
  6 | import { getAllSkills } from "@/lib/skills";
  7 | import { isValidLocale, type Locale } from "@/i18n/config";
  8 | import { getDictionary } from "@/i18n/get-dictionary";

Import map: aliased to relative './src/components/CrtTerminal' inside of [project]/Desktop/I-Product/skillhub

https://nextjs.org/docs/messages/module-not-found @ http://localhost:3000/_next/static/chunks/c2fc1_next_dist_03d21e83._.js:3127
[   68901ms] [ERROR] ./Desktop/I-Product/skillhub/src/app/[locale]/page.tsx:5:1
Module not found: Can't resolve '@/components/CrtTerminal'
  3 | import SkillGrid from "@/components/SkillGrid";
  4 | import RetroComputer from "@/components/RetroComputer";
> 5 | import CrtTerminal from "@/components/CrtTerminal";
    | ^^^^^^^^^^^^^^^^^^^^^^^^^^^^^^^^^^^^^^^^^^^^^^^^^^^
  6 | import { getAllSkills } from "@/lib/skills";
  7 | import { isValidLocale, type Locale } from "@/i18n/config";
  8 | import { getDictionary } from "@/i18n/get-dictionary";

Import map: aliased to relative './src/components/CrtTerminal' inside of [project]/Desktop/I-Product/skillhub

https://nextjs.org/docs/messages/module-not-found @ http://localhost:3000/_next/static/chunks/c2fc1_next_dist_03d21e83._.js:3127
[   68949ms] [ERROR] ./Desktop/I-Product/skillhub/src/app/[locale]/page.tsx:5:1
Module not found: Can't resolve '@/components/CrtTerminal'
  3 | import SkillGrid from "@/components/SkillGrid";
  4 | import RetroComputer from "@/components/RetroComputer";
> 5 | import CrtTerminal from "@/components/CrtTerminal";
    | ^^^^^^^^^^^^^^^^^^^^^^^^^^^^^^^^^^^^^^^^^^^^^^^^^^^
  6 | import { getAllSkills } from "@/lib/skills";
  7 | import { isValidLocale, type Locale } from "@/i18n/config";
  8 | import { getDictionary } from "@/i18n/get-dictionary";

Import map: aliased to relative './src/components/CrtTerminal' inside of [project]/Desktop/I-Product/skillhub

https://nextjs.org/docs/messages/module-not-found @ http://localhost:3000/_next/static/chunks/c2fc1_next_dist_03d21e83._.js:3127
[   69001ms] [ERROR] ./Desktop/I-Product/skillhub/src/app/[locale]/page.tsx:5:1
Module not found: Can't resolve '@/components/CrtTerminal'
  3 | import SkillGrid from "@/components/SkillGrid";
  4 | import RetroComputer from "@/components/RetroComputer";
> 5 | import CrtTerminal from "@/components/CrtTerminal";
    | ^^^^^^^^^^^^^^^^^^^^^^^^^^^^^^^^^^^^^^^^^^^^^^^^^^^
  6 | import { getAllSkills } from "@/lib/skills";
  7 | import { isValidLocale, type Locale } from "@/i18n/config";
  8 | import { getDictionary } from "@/i18n/get-dictionary";

Import map: aliased to relative './src/components/CrtTerminal' inside of [project]/Desktop/I-Product/skillhub

https://nextjs.org/docs/messages/module-not-found @ http://localhost:3000/_next/static/chunks/c2fc1_next_dist_03d21e83._.js:3127
[   69052ms] [ERROR] ./Desktop/I-Product/skillhub/src/app/[locale]/page.tsx:5:1
Module not found: Can't resolve '@/components/CrtTerminal'
  3 | import SkillGrid from "@/components/SkillGrid";
  4 | import RetroComputer from "@/components/RetroComputer";
> 5 | import CrtTerminal from "@/components/CrtTerminal";
    | ^^^^^^^^^^^^^^^^^^^^^^^^^^^^^^^^^^^^^^^^^^^^^^^^^^^
  6 | import { getAllSkills } from "@/lib/skills";
  7 | import { isValidLocale, type Locale } from "@/i18n/config";
  8 | import { getDictionary } from "@/i18n/get-dictionary";

Import map: aliased to relative './src/components/CrtTerminal' inside of [project]/Desktop/I-Product/skillhub

https://nextjs.org/docs/messages/module-not-found @ http://localhost:3000/_next/static/chunks/c2fc1_next_dist_03d21e83._.js:3127
[   69101ms] [ERROR] ./Desktop/I-Product/skillhub/src/app/[locale]/page.tsx:5:1
Module not found: Can't resolve '@/components/CrtTerminal'
  3 | import SkillGrid from "@/components/SkillGrid";
  4 | import RetroComputer from "@/components/RetroComputer";
> 5 | import CrtTerminal from "@/components/CrtTerminal";
    | ^^^^^^^^^^^^^^^^^^^^^^^^^^^^^^^^^^^^^^^^^^^^^^^^^^^
  6 | import { getAllSkills } from "@/lib/skills";
  7 | import { isValidLocale, type Locale } from "@/i18n/config";
  8 | import { getDictionary } from "@/i18n/get-dictionary";

Import map: aliased to relative './src/components/CrtTerminal' inside of [project]/Desktop/I-Product/skillhub

https://nextjs.org/docs/messages/module-not-found @ http://localhost:3000/_next/static/chunks/c2fc1_next_dist_03d21e83._.js:3127
[   69150ms] [ERROR] ./Desktop/I-Product/skillhub/src/app/[locale]/page.tsx:5:1
Module not found: Can't resolve '@/components/CrtTerminal'
  3 | import SkillGrid from "@/components/SkillGrid";
  4 | import RetroComputer from "@/components/RetroComputer";
> 5 | import CrtTerminal from "@/components/CrtTerminal";
    | ^^^^^^^^^^^^^^^^^^^^^^^^^^^^^^^^^^^^^^^^^^^^^^^^^^^
  6 | import { getAllSkills } from "@/lib/skills";
  7 | import { isValidLocale, type Locale } from "@/i18n/config";
  8 | import { getDictionary } from "@/i18n/get-dictionary";

Import map: aliased to relative './src/components/CrtTerminal' inside of [project]/Desktop/I-Product/skillhub

https://nextjs.org/docs/messages/module-not-found @ http://localhost:3000/_next/static/chunks/c2fc1_next_dist_03d21e83._.js:3127
[   69200ms] [ERROR] ./Desktop/I-Product/skillhub/src/app/[locale]/page.tsx:5:1
Module not found: Can't resolve '@/components/CrtTerminal'
  3 | import SkillGrid from "@/components/SkillGrid";
  4 | import RetroComputer from "@/components/RetroComputer";
> 5 | import CrtTerminal from "@/components/CrtTerminal";
    | ^^^^^^^^^^^^^^^^^^^^^^^^^^^^^^^^^^^^^^^^^^^^^^^^^^^
  6 | import { getAllSkills } from "@/lib/skills";
  7 | import { isValidLocale, type Locale } from "@/i18n/config";
  8 | import { getDictionary } from "@/i18n/get-dictionary";

Import map: aliased to relative './src/components/CrtTerminal' inside of [project]/Desktop/I-Product/skillhub

https://nextjs.org/docs/messages/module-not-found @ http://localhost:3000/_next/static/chunks/c2fc1_next_dist_03d21e83._.js:3127
[   69250ms] [ERROR] ./Desktop/I-Product/skillhub/src/app/[locale]/page.tsx:5:1
Module not found: Can't resolve '@/components/CrtTerminal'
  3 | import SkillGrid from "@/components/SkillGrid";
  4 | import RetroComputer from "@/components/RetroComputer";
> 5 | import CrtTerminal from "@/components/CrtTerminal";
    | ^^^^^^^^^^^^^^^^^^^^^^^^^^^^^^^^^^^^^^^^^^^^^^^^^^^
  6 | import { getAllSkills } from "@/lib/skills";
  7 | import { isValidLocale, type Locale } from "@/i18n/config";
  8 | import { getDictionary } from "@/i18n/get-dictionary";

Import map: aliased to relative './src/components/CrtTerminal' inside of [project]/Desktop/I-Product/skillhub

https://nextjs.org/docs/messages/module-not-found @ http://localhost:3000/_next/static/chunks/c2fc1_next_dist_03d21e83._.js:3127
[   69301ms] [ERROR] ./Desktop/I-Product/skillhub/src/app/[locale]/page.tsx:5:1
Module not found: Can't resolve '@/components/CrtTerminal'
  3 | import SkillGrid from "@/components/SkillGrid";
  4 | import RetroComputer from "@/components/RetroComputer";
> 5 | import CrtTerminal from "@/components/CrtTerminal";
    | ^^^^^^^^^^^^^^^^^^^^^^^^^^^^^^^^^^^^^^^^^^^^^^^^^^^
  6 | import { getAllSkills } from "@/lib/skills";
  7 | import { isValidLocale, type Locale } from "@/i18n/config";
  8 | import { getDictionary } from "@/i18n/get-dictionary";

Import map: aliased to relative './src/components/CrtTerminal' inside of [project]/Desktop/I-Product/skillhub

https://nextjs.org/docs/messages/module-not-found @ http://localhost:3000/_next/static/chunks/c2fc1_next_dist_03d21e83._.js:3127
[   69351ms] [ERROR] ./Desktop/I-Product/skillhub/src/app/[locale]/page.tsx:5:1
Module not found: Can't resolve '@/components/CrtTerminal'
  3 | import SkillGrid from "@/components/SkillGrid";
  4 | import RetroComputer from "@/components/RetroComputer";
> 5 | import CrtTerminal from "@/components/CrtTerminal";
    | ^^^^^^^^^^^^^^^^^^^^^^^^^^^^^^^^^^^^^^^^^^^^^^^^^^^
  6 | import { getAllSkills } from "@/lib/skills";
  7 | import { isValidLocale, type Locale } from "@/i18n/config";
  8 | import { getDictionary } from "@/i18n/get-dictionary";

Import map: aliased to relative './src/components/CrtTerminal' inside of [project]/Desktop/I-Product/skillhub

https://nextjs.org/docs/messages/module-not-found @ http://localhost:3000/_next/static/chunks/c2fc1_next_dist_03d21e83._.js:3127
[   69401ms] [ERROR] ./Desktop/I-Product/skillhub/src/app/[locale]/page.tsx:5:1
Module not found: Can't resolve '@/components/CrtTerminal'
  3 | import SkillGrid from "@/components/SkillGrid";
  4 | import RetroComputer from "@/components/RetroComputer";
> 5 | import CrtTerminal from "@/components/CrtTerminal";
    | ^^^^^^^^^^^^^^^^^^^^^^^^^^^^^^^^^^^^^^^^^^^^^^^^^^^
  6 | import { getAllSkills } from "@/lib/skills";
  7 | import { isValidLocale, type Locale } from "@/i18n/config";
  8 | import { getDictionary } from "@/i18n/get-dictionary";

Import map: aliased to relative './src/components/CrtTerminal' inside of [project]/Desktop/I-Product/skillhub

https://nextjs.org/docs/messages/module-not-found @ http://localhost:3000/_next/static/chunks/c2fc1_next_dist_03d21e83._.js:3127
[   69452ms] [ERROR] ./Desktop/I-Product/skillhub/src/app/[locale]/page.tsx:5:1
Module not found: Can't resolve '@/components/CrtTerminal'
  3 | import SkillGrid from "@/components/SkillGrid";
  4 | import RetroComputer from "@/components/RetroComputer";
> 5 | import CrtTerminal from "@/components/CrtTerminal";
    | ^^^^^^^^^^^^^^^^^^^^^^^^^^^^^^^^^^^^^^^^^^^^^^^^^^^
  6 | import { getAllSkills } from "@/lib/skills";
  7 | import { isValidLocale, type Locale } from "@/i18n/config";
  8 | import { getDictionary } from "@/i18n/get-dictionary";

Import map: aliased to relative './src/components/CrtTerminal' inside of [project]/Desktop/I-Product/skillhub

https://nextjs.org/docs/messages/module-not-found @ http://localhost:3000/_next/static/chunks/c2fc1_next_dist_03d21e83._.js:3127
[   69492ms] [ERROR] ./Desktop/I-Product/skillhub/src/app/[locale]/page.tsx:5:1
Module not found: Can't resolve '@/components/CrtTerminal'
  3 | import SkillGrid from "@/components/SkillGrid";
  4 | import RetroComputer from "@/components/RetroComputer";
> 5 | import CrtTerminal from "@/components/CrtTerminal";
    | ^^^^^^^^^^^^^^^^^^^^^^^^^^^^^^^^^^^^^^^^^^^^^^^^^^^
  6 | import { getAllSkills } from "@/lib/skills";
  7 | import { isValidLocale, type Locale } from "@/i18n/config";
  8 | import { getDictionary } from "@/i18n/get-dictionary";

Import map: aliased to relative './src/components/CrtTerminal' inside of [project]/Desktop/I-Product/skillhub

https://nextjs.org/docs/messages/module-not-found @ http://localhost:3000/_next/static/chunks/c2fc1_next_dist_03d21e83._.js:3127
[   69541ms] [ERROR] ./Desktop/I-Product/skillhub/src/app/[locale]/page.tsx:5:1
Module not found: Can't resolve '@/components/CrtTerminal'
  3 | import SkillGrid from "@/components/SkillGrid";
  4 | import RetroComputer from "@/components/RetroComputer";
> 5 | import CrtTerminal from "@/components/CrtTerminal";
    | ^^^^^^^^^^^^^^^^^^^^^^^^^^^^^^^^^^^^^^^^^^^^^^^^^^^
  6 | import { getAllSkills } from "@/lib/skills";
  7 | import { isValidLocale, type Locale } from "@/i18n/config";
  8 | import { getDictionary } from "@/i18n/get-dictionary";

Import map: aliased to relative './src/components/CrtTerminal' inside of [project]/Desktop/I-Product/skillhub

https://nextjs.org/docs/messages/module-not-found @ http://localhost:3000/_next/static/chunks/c2fc1_next_dist_03d21e83._.js:3127
[   69590ms] [ERROR] ./Desktop/I-Product/skillhub/src/app/[locale]/page.tsx:5:1
Module not found: Can't resolve '@/components/CrtTerminal'
  3 | import SkillGrid from "@/components/SkillGrid";
  4 | import RetroComputer from "@/components/RetroComputer";
> 5 | import CrtTerminal from "@/components/CrtTerminal";
    | ^^^^^^^^^^^^^^^^^^^^^^^^^^^^^^^^^^^^^^^^^^^^^^^^^^^
  6 | import { getAllSkills } from "@/lib/skills";
  7 | import { isValidLocale, type Locale } from "@/i18n/config";
  8 | import { getDictionary } from "@/i18n/get-dictionary";

Import map: aliased to relative './src/components/CrtTerminal' inside of [project]/Desktop/I-Product/skillhub

https://nextjs.org/docs/messages/module-not-found @ http://localhost:3000/_next/static/chunks/c2fc1_next_dist_03d21e83._.js:3127
[   69713ms] [ERROR] ./Desktop/I-Product/skillhub/src/app/[locale]/page.tsx:5:1
Module not found: Can't resolve '@/components/CrtTerminal'
  3 | import SkillGrid from "@/components/SkillGrid";
  4 | import RetroComputer from "@/components/RetroComputer";
> 5 | import CrtTerminal from "@/components/CrtTerminal";
    | ^^^^^^^^^^^^^^^^^^^^^^^^^^^^^^^^^^^^^^^^^^^^^^^^^^^
  6 | import { getAllSkills } from "@/lib/skills";
  7 | import { isValidLocale, type Locale } from "@/i18n/config";
  8 | import { getDictionary } from "@/i18n/get-dictionary";

Import map: aliased to relative './src/components/CrtTerminal' inside of [project]/Desktop/I-Product/skillhub

https://nextjs.org/docs/messages/module-not-found @ http://localhost:3000/_next/static/chunks/c2fc1_next_dist_03d21e83._.js:3127
[   69764ms] [ERROR] ./Desktop/I-Product/skillhub/src/app/[locale]/page.tsx:5:1
Module not found: Can't resolve '@/components/CrtTerminal'
  3 | import SkillGrid from "@/components/SkillGrid";
  4 | import RetroComputer from "@/components/RetroComputer";
> 5 | import CrtTerminal from "@/components/CrtTerminal";
    | ^^^^^^^^^^^^^^^^^^^^^^^^^^^^^^^^^^^^^^^^^^^^^^^^^^^
  6 | import { getAllSkills } from "@/lib/skills";
  7 | import { isValidLocale, type Locale } from "@/i18n/config";
  8 | import { getDictionary } from "@/i18n/get-dictionary";

Import map: aliased to relative './src/components/CrtTerminal' inside of [project]/Desktop/I-Product/skillhub

https://nextjs.org/docs/messages/module-not-found @ http://localhost:3000/_next/static/chunks/c2fc1_next_dist_03d21e83._.js:3127
[   69817ms] [ERROR] ./Desktop/I-Product/skillhub/src/app/[locale]/page.tsx:5:1
Module not found: Can't resolve '@/components/CrtTerminal'
  3 | import SkillGrid from "@/components/SkillGrid";
  4 | import RetroComputer from "@/components/RetroComputer";
> 5 | import CrtTerminal from "@/components/CrtTerminal";
    | ^^^^^^^^^^^^^^^^^^^^^^^^^^^^^^^^^^^^^^^^^^^^^^^^^^^
  6 | import { getAllSkills } from "@/lib/skills";
  7 | import { isValidLocale, type Locale } from "@/i18n/config";
  8 | import { getDictionary } from "@/i18n/get-dictionary";

Import map: aliased to relative './src/components/CrtTerminal' inside of [project]/Desktop/I-Product/skillhub

https://nextjs.org/docs/messages/module-not-found @ http://localhost:3000/_next/static/chunks/c2fc1_next_dist_03d21e83._.js:3127
[   69871ms] [ERROR] ./Desktop/I-Product/skillhub/src/app/[locale]/page.tsx:5:1
Module not found: Can't resolve '@/components/CrtTerminal'
  3 | import SkillGrid from "@/components/SkillGrid";
  4 | import RetroComputer from "@/components/RetroComputer";
> 5 | import CrtTerminal from "@/components/CrtTerminal";
    | ^^^^^^^^^^^^^^^^^^^^^^^^^^^^^^^^^^^^^^^^^^^^^^^^^^^
  6 | import { getAllSkills } from "@/lib/skills";
  7 | import { isValidLocale, type Locale } from "@/i18n/config";
  8 | import { getDictionary } from "@/i18n/get-dictionary";

Import map: aliased to relative './src/components/CrtTerminal' inside of [project]/Desktop/I-Product/skillhub

https://nextjs.org/docs/messages/module-not-found @ http://localhost:3000/_next/static/chunks/c2fc1_next_dist_03d21e83._.js:3127
[   69919ms] [ERROR] ./Desktop/I-Product/skillhub/src/app/[locale]/page.tsx:5:1
Module not found: Can't resolve '@/components/CrtTerminal'
  3 | import SkillGrid from "@/components/SkillGrid";
  4 | import RetroComputer from "@/components/RetroComputer";
> 5 | import CrtTerminal from "@/components/CrtTerminal";
    | ^^^^^^^^^^^^^^^^^^^^^^^^^^^^^^^^^^^^^^^^^^^^^^^^^^^
  6 | import { getAllSkills } from "@/lib/skills";
  7 | import { isValidLocale, type Locale } from "@/i18n/config";
  8 | import { getDictionary } from "@/i18n/get-dictionary";

Import map: aliased to relative './src/components/CrtTerminal' inside of [project]/Desktop/I-Product/skillhub

https://nextjs.org/docs/messages/module-not-found @ http://localhost:3000/_next/static/chunks/c2fc1_next_dist_03d21e83._.js:3127
[   69969ms] [ERROR] ./Desktop/I-Product/skillhub/src/app/[locale]/page.tsx:5:1
Module not found: Can't resolve '@/components/CrtTerminal'
  3 | import SkillGrid from "@/components/SkillGrid";
  4 | import RetroComputer from "@/components/RetroComputer";
> 5 | import CrtTerminal from "@/components/CrtTerminal";
    | ^^^^^^^^^^^^^^^^^^^^^^^^^^^^^^^^^^^^^^^^^^^^^^^^^^^
  6 | import { getAllSkills } from "@/lib/skills";
  7 | import { isValidLocale, type Locale } from "@/i18n/config";
  8 | import { getDictionary } from "@/i18n/get-dictionary";

Import map: aliased to relative './src/components/CrtTerminal' inside of [project]/Desktop/I-Product/skillhub

https://nextjs.org/docs/messages/module-not-found @ http://localhost:3000/_next/static/chunks/c2fc1_next_dist_03d21e83._.js:3127
[   70018ms] [ERROR] ./Desktop/I-Product/skillhub/src/app/[locale]/page.tsx:5:1
Module not found: Can't resolve '@/components/CrtTerminal'
  3 | import SkillGrid from "@/components/SkillGrid";
  4 | import RetroComputer from "@/components/RetroComputer";
> 5 | import CrtTerminal from "@/components/CrtTerminal";
    | ^^^^^^^^^^^^^^^^^^^^^^^^^^^^^^^^^^^^^^^^^^^^^^^^^^^
  6 | import { getAllSkills } from "@/lib/skills";
  7 | import { isValidLocale, type Locale } from "@/i18n/config";
  8 | import { getDictionary } from "@/i18n/get-dictionary";

Import map: aliased to relative './src/components/CrtTerminal' inside of [project]/Desktop/I-Product/skillhub

https://nextjs.org/docs/messages/module-not-found @ http://localhost:3000/_next/static/chunks/c2fc1_next_dist_03d21e83._.js:3127
[   70068ms] [ERROR] ./Desktop/I-Product/skillhub/src/app/[locale]/page.tsx:5:1
Module not found: Can't resolve '@/components/CrtTerminal'
  3 | import SkillGrid from "@/components/SkillGrid";
  4 | import RetroComputer from "@/components/RetroComputer";
> 5 | import CrtTerminal from "@/components/CrtTerminal";
    | ^^^^^^^^^^^^^^^^^^^^^^^^^^^^^^^^^^^^^^^^^^^^^^^^^^^
  6 | import { getAllSkills } from "@/lib/skills";
  7 | import { isValidLocale, type Locale } from "@/i18n/config";
  8 | import { getDictionary } from "@/i18n/get-dictionary";

Import map: aliased to relative './src/components/CrtTerminal' inside of [project]/Desktop/I-Product/skillhub

https://nextjs.org/docs/messages/module-not-found @ http://localhost:3000/_next/static/chunks/c2fc1_next_dist_03d21e83._.js:3127
[   70117ms] [ERROR] ./Desktop/I-Product/skillhub/src/app/[locale]/page.tsx:5:1
Module not found: Can't resolve '@/components/CrtTerminal'
  3 | import SkillGrid from "@/components/SkillGrid";
  4 | import RetroComputer from "@/components/RetroComputer";
> 5 | import CrtTerminal from "@/components/CrtTerminal";
    | ^^^^^^^^^^^^^^^^^^^^^^^^^^^^^^^^^^^^^^^^^^^^^^^^^^^
  6 | import { getAllSkills } from "@/lib/skills";
  7 | import { isValidLocale, type Locale } from "@/i18n/config";
  8 | import { getDictionary } from "@/i18n/get-dictionary";

Import map: aliased to relative './src/components/CrtTerminal' inside of [project]/Desktop/I-Product/skillhub

https://nextjs.org/docs/messages/module-not-found @ http://localhost:3000/_next/static/chunks/c2fc1_next_dist_03d21e83._.js:3127
[   70197ms] [ERROR] ./Desktop/I-Product/skillhub/src/app/[locale]/page.tsx:5:1
Module not found: Can't resolve '@/components/CrtTerminal'
  3 | import SkillGrid from "@/components/SkillGrid";
  4 | import RetroComputer from "@/components/RetroComputer";
> 5 | import CrtTerminal from "@/components/CrtTerminal";
    | ^^^^^^^^^^^^^^^^^^^^^^^^^^^^^^^^^^^^^^^^^^^^^^^^^^^
  6 | import { getAllSkills } from "@/lib/skills";
  7 | import { isValidLocale, type Locale } from "@/i18n/config";
  8 | import { getDictionary } from "@/i18n/get-dictionary";

Import map: aliased to relative './src/components/CrtTerminal' inside of [project]/Desktop/I-Product/skillhub

https://nextjs.org/docs/messages/module-not-found @ http://localhost:3000/_next/static/chunks/c2fc1_next_dist_03d21e83._.js:3127
[   70251ms] [ERROR] ./Desktop/I-Product/skillhub/src/app/[locale]/page.tsx:5:1
Module not found: Can't resolve '@/components/CrtTerminal'
  3 | import SkillGrid from "@/components/SkillGrid";
  4 | import RetroComputer from "@/components/RetroComputer";
> 5 | import CrtTerminal from "@/components/CrtTerminal";
    | ^^^^^^^^^^^^^^^^^^^^^^^^^^^^^^^^^^^^^^^^^^^^^^^^^^^
  6 | import { getAllSkills } from "@/lib/skills";
  7 | import { isValidLocale, type Locale } from "@/i18n/config";
  8 | import { getDictionary } from "@/i18n/get-dictionary";

Import map: aliased to relative './src/components/CrtTerminal' inside of [project]/Desktop/I-Product/skillhub

https://nextjs.org/docs/messages/module-not-found @ http://localhost:3000/_next/static/chunks/c2fc1_next_dist_03d21e83._.js:3127
[   70302ms] [ERROR] ./Desktop/I-Product/skillhub/src/app/[locale]/page.tsx:5:1
Module not found: Can't resolve '@/components/CrtTerminal'
  3 | import SkillGrid from "@/components/SkillGrid";
  4 | import RetroComputer from "@/components/RetroComputer";
> 5 | import CrtTerminal from "@/components/CrtTerminal";
    | ^^^^^^^^^^^^^^^^^^^^^^^^^^^^^^^^^^^^^^^^^^^^^^^^^^^
  6 | import { getAllSkills } from "@/lib/skills";
  7 | import { isValidLocale, type Locale } from "@/i18n/config";
  8 | import { getDictionary } from "@/i18n/get-dictionary";

Import map: aliased to relative './src/components/CrtTerminal' inside of [project]/Desktop/I-Product/skillhub

https://nextjs.org/docs/messages/module-not-found @ http://localhost:3000/_next/static/chunks/c2fc1_next_dist_03d21e83._.js:3127
[   70352ms] [ERROR] ./Desktop/I-Product/skillhub/src/app/[locale]/page.tsx:5:1
Module not found: Can't resolve '@/components/CrtTerminal'
  3 | import SkillGrid from "@/components/SkillGrid";
  4 | import RetroComputer from "@/components/RetroComputer";
> 5 | import CrtTerminal from "@/components/CrtTerminal";
    | ^^^^^^^^^^^^^^^^^^^^^^^^^^^^^^^^^^^^^^^^^^^^^^^^^^^
  6 | import { getAllSkills } from "@/lib/skills";
  7 | import { isValidLocale, type Locale } from "@/i18n/config";
  8 | import { getDictionary } from "@/i18n/get-dictionary";

Import map: aliased to relative './src/components/CrtTerminal' inside of [project]/Desktop/I-Product/skillhub

https://nextjs.org/docs/messages/module-not-found @ http://localhost:3000/_next/static/chunks/c2fc1_next_dist_03d21e83._.js:3127
[   70404ms] [ERROR] ./Desktop/I-Product/skillhub/src/app/[locale]/page.tsx:5:1
Module not found: Can't resolve '@/components/CrtTerminal'
  3 | import SkillGrid from "@/components/SkillGrid";
  4 | import RetroComputer from "@/components/RetroComputer";
> 5 | import CrtTerminal from "@/components/CrtTerminal";
    | ^^^^^^^^^^^^^^^^^^^^^^^^^^^^^^^^^^^^^^^^^^^^^^^^^^^
  6 | import { getAllSkills } from "@/lib/skills";
  7 | import { isValidLocale, type Locale } from "@/i18n/config";
  8 | import { getDictionary } from "@/i18n/get-dictionary";

Import map: aliased to relative './src/components/CrtTerminal' inside of [project]/Desktop/I-Product/skillhub

https://nextjs.org/docs/messages/module-not-found @ http://localhost:3000/_next/static/chunks/c2fc1_next_dist_03d21e83._.js:3127
[   70452ms] [ERROR] ./Desktop/I-Product/skillhub/src/app/[locale]/page.tsx:5:1
Module not found: Can't resolve '@/components/CrtTerminal'
  3 | import SkillGrid from "@/components/SkillGrid";
  4 | import RetroComputer from "@/components/RetroComputer";
> 5 | import CrtTerminal from "@/components/CrtTerminal";
    | ^^^^^^^^^^^^^^^^^^^^^^^^^^^^^^^^^^^^^^^^^^^^^^^^^^^
  6 | import { getAllSkills } from "@/lib/skills";
  7 | import { isValidLocale, type Locale } from "@/i18n/config";
  8 | import { getDictionary } from "@/i18n/get-dictionary";

Import map: aliased to relative './src/components/CrtTerminal' inside of [project]/Desktop/I-Product/skillhub

https://nextjs.org/docs/messages/module-not-found @ http://localhost:3000/_next/static/chunks/c2fc1_next_dist_03d21e83._.js:3127
[   70501ms] [ERROR] ./Desktop/I-Product/skillhub/src/app/[locale]/page.tsx:5:1
Module not found: Can't resolve '@/components/CrtTerminal'
  3 | import SkillGrid from "@/components/SkillGrid";
  4 | import RetroComputer from "@/components/RetroComputer";
> 5 | import CrtTerminal from "@/components/CrtTerminal";
    | ^^^^^^^^^^^^^^^^^^^^^^^^^^^^^^^^^^^^^^^^^^^^^^^^^^^
  6 | import { getAllSkills } from "@/lib/skills";
  7 | import { isValidLocale, type Locale } from "@/i18n/config";
  8 | import { getDictionary } from "@/i18n/get-dictionary";

Import map: aliased to relative './src/components/CrtTerminal' inside of [project]/Desktop/I-Product/skillhub

https://nextjs.org/docs/messages/module-not-found @ http://localhost:3000/_next/static/chunks/c2fc1_next_dist_03d21e83._.js:3127
[   70551ms] [ERROR] ./Desktop/I-Product/skillhub/src/app/[locale]/page.tsx:5:1
Module not found: Can't resolve '@/components/CrtTerminal'
  3 | import SkillGrid from "@/components/SkillGrid";
  4 | import RetroComputer from "@/components/RetroComputer";
> 5 | import CrtTerminal from "@/components/CrtTerminal";
    | ^^^^^^^^^^^^^^^^^^^^^^^^^^^^^^^^^^^^^^^^^^^^^^^^^^^
  6 | import { getAllSkills } from "@/lib/skills";
  7 | import { isValidLocale, type Locale } from "@/i18n/config";
  8 | import { getDictionary } from "@/i18n/get-dictionary";

Import map: aliased to relative './src/components/CrtTerminal' inside of [project]/Desktop/I-Product/skillhub

https://nextjs.org/docs/messages/module-not-found @ http://localhost:3000/_next/static/chunks/c2fc1_next_dist_03d21e83._.js:3127
[   70600ms] [ERROR] ./Desktop/I-Product/skillhub/src/app/[locale]/page.tsx:5:1
Module not found: Can't resolve '@/components/CrtTerminal'
  3 | import SkillGrid from "@/components/SkillGrid";
  4 | import RetroComputer from "@/components/RetroComputer";
> 5 | import CrtTerminal from "@/components/CrtTerminal";
    | ^^^^^^^^^^^^^^^^^^^^^^^^^^^^^^^^^^^^^^^^^^^^^^^^^^^
  6 | import { getAllSkills } from "@/lib/skills";
  7 | import { isValidLocale, type Locale } from "@/i18n/config";
  8 | import { getDictionary } from "@/i18n/get-dictionary";

Import map: aliased to relative './src/components/CrtTerminal' inside of [project]/Desktop/I-Product/skillhub

https://nextjs.org/docs/messages/module-not-found @ http://localhost:3000/_next/static/chunks/c2fc1_next_dist_03d21e83._.js:3127
[   70649ms] [ERROR] ./Desktop/I-Product/skillhub/src/app/[locale]/page.tsx:5:1
Module not found: Can't resolve '@/components/CrtTerminal'
  3 | import SkillGrid from "@/components/SkillGrid";
  4 | import RetroComputer from "@/components/RetroComputer";
> 5 | import CrtTerminal from "@/components/CrtTerminal";
    | ^^^^^^^^^^^^^^^^^^^^^^^^^^^^^^^^^^^^^^^^^^^^^^^^^^^
  6 | import { getAllSkills } from "@/lib/skills";
  7 | import { isValidLocale, type Locale } from "@/i18n/config";
  8 | import { getDictionary } from "@/i18n/get-dictionary";

Import map: aliased to relative './src/components/CrtTerminal' inside of [project]/Desktop/I-Product/skillhub

https://nextjs.org/docs/messages/module-not-found @ http://localhost:3000/_next/static/chunks/c2fc1_next_dist_03d21e83._.js:3127
[   70699ms] [ERROR] ./Desktop/I-Product/skillhub/src/app/[locale]/page.tsx:5:1
Module not found: Can't resolve '@/components/CrtTerminal'
  3 | import SkillGrid from "@/components/SkillGrid";
  4 | import RetroComputer from "@/components/RetroComputer";
> 5 | import CrtTerminal from "@/components/CrtTerminal";
    | ^^^^^^^^^^^^^^^^^^^^^^^^^^^^^^^^^^^^^^^^^^^^^^^^^^^
  6 | import { getAllSkills } from "@/lib/skills";
  7 | import { isValidLocale, type Locale } from "@/i18n/config";
  8 | import { getDictionary } from "@/i18n/get-dictionary";

Import map: aliased to relative './src/components/CrtTerminal' inside of [project]/Desktop/I-Product/skillhub

https://nextjs.org/docs/messages/module-not-found @ http://localhost:3000/_next/static/chunks/c2fc1_next_dist_03d21e83._.js:3127
[   70748ms] [ERROR] ./Desktop/I-Product/skillhub/src/app/[locale]/page.tsx:5:1
Module not found: Can't resolve '@/components/CrtTerminal'
  3 | import SkillGrid from "@/components/SkillGrid";
  4 | import RetroComputer from "@/components/RetroComputer";
> 5 | import CrtTerminal from "@/components/CrtTerminal";
    | ^^^^^^^^^^^^^^^^^^^^^^^^^^^^^^^^^^^^^^^^^^^^^^^^^^^
  6 | import { getAllSkills } from "@/lib/skills";
  7 | import { isValidLocale, type Locale } from "@/i18n/config";
  8 | import { getDictionary } from "@/i18n/get-dictionary";

Import map: aliased to relative './src/components/CrtTerminal' inside of [project]/Desktop/I-Product/skillhub

https://nextjs.org/docs/messages/module-not-found @ http://localhost:3000/_next/static/chunks/c2fc1_next_dist_03d21e83._.js:3127
[   70798ms] [ERROR] ./Desktop/I-Product/skillhub/src/app/[locale]/page.tsx:5:1
Module not found: Can't resolve '@/components/CrtTerminal'
  3 | import SkillGrid from "@/components/SkillGrid";
  4 | import RetroComputer from "@/components/RetroComputer";
> 5 | import CrtTerminal from "@/components/CrtTerminal";
    | ^^^^^^^^^^^^^^^^^^^^^^^^^^^^^^^^^^^^^^^^^^^^^^^^^^^
  6 | import { getAllSkills } from "@/lib/skills";
  7 | import { isValidLocale, type Locale } from "@/i18n/config";
  8 | import { getDictionary } from "@/i18n/get-dictionary";

Import map: aliased to relative './src/components/CrtTerminal' inside of [project]/Desktop/I-Product/skillhub

https://nextjs.org/docs/messages/module-not-found @ http://localhost:3000/_next/static/chunks/c2fc1_next_dist_03d21e83._.js:3127
[   70847ms] [ERROR] ./Desktop/I-Product/skillhub/src/app/[locale]/page.tsx:5:1
Module not found: Can't resolve '@/components/CrtTerminal'
  3 | import SkillGrid from "@/components/SkillGrid";
  4 | import RetroComputer from "@/components/RetroComputer";
> 5 | import CrtTerminal from "@/components/CrtTerminal";
    | ^^^^^^^^^^^^^^^^^^^^^^^^^^^^^^^^^^^^^^^^^^^^^^^^^^^
  6 | import { getAllSkills } from "@/lib/skills";
  7 | import { isValidLocale, type Locale } from "@/i18n/config";
  8 | import { getDictionary } from "@/i18n/get-dictionary";

Import map: aliased to relative './src/components/CrtTerminal' inside of [project]/Desktop/I-Product/skillhub

https://nextjs.org/docs/messages/module-not-found @ http://localhost:3000/_next/static/chunks/c2fc1_next_dist_03d21e83._.js:3127
[   70898ms] [ERROR] ./Desktop/I-Product/skillhub/src/app/[locale]/page.tsx:5:1
Module not found: Can't resolve '@/components/CrtTerminal'
  3 | import SkillGrid from "@/components/SkillGrid";
  4 | import RetroComputer from "@/components/RetroComputer";
> 5 | import CrtTerminal from "@/components/CrtTerminal";
    | ^^^^^^^^^^^^^^^^^^^^^^^^^^^^^^^^^^^^^^^^^^^^^^^^^^^
  6 | import { getAllSkills } from "@/lib/skills";
  7 | import { isValidLocale, type Locale } from "@/i18n/config";
  8 | import { getDictionary } from "@/i18n/get-dictionary";

Import map: aliased to relative './src/components/CrtTerminal' inside of [project]/Desktop/I-Product/skillhub

https://nextjs.org/docs/messages/module-not-found @ http://localhost:3000/_next/static/chunks/c2fc1_next_dist_03d21e83._.js:3127
[   70947ms] [ERROR] ./Desktop/I-Product/skillhub/src/app/[locale]/page.tsx:5:1
Module not found: Can't resolve '@/components/CrtTerminal'
  3 | import SkillGrid from "@/components/SkillGrid";
  4 | import RetroComputer from "@/components/RetroComputer";
> 5 | import CrtTerminal from "@/components/CrtTerminal";
    | ^^^^^^^^^^^^^^^^^^^^^^^^^^^^^^^^^^^^^^^^^^^^^^^^^^^
  6 | import { getAllSkills } from "@/lib/skills";
  7 | import { isValidLocale, type Locale } from "@/i18n/config";
  8 | import { getDictionary } from "@/i18n/get-dictionary";

Import map: aliased to relative './src/components/CrtTerminal' inside of [project]/Desktop/I-Product/skillhub

https://nextjs.org/docs/messages/module-not-found @ http://localhost:3000/_next/static/chunks/c2fc1_next_dist_03d21e83._.js:3127
[   70998ms] [ERROR] ./Desktop/I-Product/skillhub/src/app/[locale]/page.tsx:5:1
Module not found: Can't resolve '@/components/CrtTerminal'
  3 | import SkillGrid from "@/components/SkillGrid";
  4 | import RetroComputer from "@/components/RetroComputer";
> 5 | import CrtTerminal from "@/components/CrtTerminal";
    | ^^^^^^^^^^^^^^^^^^^^^^^^^^^^^^^^^^^^^^^^^^^^^^^^^^^
  6 | import { getAllSkills } from "@/lib/skills";
  7 | import { isValidLocale, type Locale } from "@/i18n/config";
  8 | import { getDictionary } from "@/i18n/get-dictionary";

Import map: aliased to relative './src/components/CrtTerminal' inside of [project]/Desktop/I-Product/skillhub

https://nextjs.org/docs/messages/module-not-found @ http://localhost:3000/_next/static/chunks/c2fc1_next_dist_03d21e83._.js:3127
[   71049ms] [ERROR] ./Desktop/I-Product/skillhub/src/app/[locale]/page.tsx:5:1
Module not found: Can't resolve '@/components/CrtTerminal'
  3 | import SkillGrid from "@/components/SkillGrid";
  4 | import RetroComputer from "@/components/RetroComputer";
> 5 | import CrtTerminal from "@/components/CrtTerminal";
    | ^^^^^^^^^^^^^^^^^^^^^^^^^^^^^^^^^^^^^^^^^^^^^^^^^^^
  6 | import { getAllSkills } from "@/lib/skills";
  7 | import { isValidLocale, type Locale } from "@/i18n/config";
  8 | import { getDictionary } from "@/i18n/get-dictionary";

Import map: aliased to relative './src/components/CrtTerminal' inside of [project]/Desktop/I-Product/skillhub

https://nextjs.org/docs/messages/module-not-found @ http://localhost:3000/_next/static/chunks/c2fc1_next_dist_03d21e83._.js:3127
[   71101ms] [ERROR] ./Desktop/I-Product/skillhub/src/app/[locale]/page.tsx:5:1
Module not found: Can't resolve '@/components/CrtTerminal'
  3 | import SkillGrid from "@/components/SkillGrid";
  4 | import RetroComputer from "@/components/RetroComputer";
> 5 | import CrtTerminal from "@/components/CrtTerminal";
    | ^^^^^^^^^^^^^^^^^^^^^^^^^^^^^^^^^^^^^^^^^^^^^^^^^^^
  6 | import { getAllSkills } from "@/lib/skills";
  7 | import { isValidLocale, type Locale } from "@/i18n/config";
  8 | import { getDictionary } from "@/i18n/get-dictionary";

Import map: aliased to relative './src/components/CrtTerminal' inside of [project]/Desktop/I-Product/skillhub

https://nextjs.org/docs/messages/module-not-found @ http://localhost:3000/_next/static/chunks/c2fc1_next_dist_03d21e83._.js:3127
[   71139ms] [ERROR] ./Desktop/I-Product/skillhub/src/app/[locale]/page.tsx:5:1
Module not found: Can't resolve '@/components/CrtTerminal'
  3 | import SkillGrid from "@/components/SkillGrid";
  4 | import RetroComputer from "@/components/RetroComputer";
> 5 | import CrtTerminal from "@/components/CrtTerminal";
    | ^^^^^^^^^^^^^^^^^^^^^^^^^^^^^^^^^^^^^^^^^^^^^^^^^^^
  6 | import { getAllSkills } from "@/lib/skills";
  7 | import { isValidLocale, type Locale } from "@/i18n/config";
  8 | import { getDictionary } from "@/i18n/get-dictionary";

Import map: aliased to relative './src/components/CrtTerminal' inside of [project]/Desktop/I-Product/skillhub

https://nextjs.org/docs/messages/module-not-found @ http://localhost:3000/_next/static/chunks/c2fc1_next_dist_03d21e83._.js:3127
[   71187ms] [ERROR] ./Desktop/I-Product/skillhub/src/app/[locale]/page.tsx:5:1
Module not found: Can't resolve '@/components/CrtTerminal'
  3 | import SkillGrid from "@/components/SkillGrid";
  4 | import RetroComputer from "@/components/RetroComputer";
> 5 | import CrtTerminal from "@/components/CrtTerminal";
    | ^^^^^^^^^^^^^^^^^^^^^^^^^^^^^^^^^^^^^^^^^^^^^^^^^^^
  6 | import { getAllSkills } from "@/lib/skills";
  7 | import { isValidLocale, type Locale } from "@/i18n/config";
  8 | import { getDictionary } from "@/i18n/get-dictionary";

Import map: aliased to relative './src/components/CrtTerminal' inside of [project]/Desktop/I-Product/skillhub

https://nextjs.org/docs/messages/module-not-found @ http://localhost:3000/_next/static/chunks/c2fc1_next_dist_03d21e83._.js:3127
[   71238ms] [ERROR] ./Desktop/I-Product/skillhub/src/app/[locale]/page.tsx:5:1
Module not found: Can't resolve '@/components/CrtTerminal'
  3 | import SkillGrid from "@/components/SkillGrid";
  4 | import RetroComputer from "@/components/RetroComputer";
> 5 | import CrtTerminal from "@/components/CrtTerminal";
    | ^^^^^^^^^^^^^^^^^^^^^^^^^^^^^^^^^^^^^^^^^^^^^^^^^^^
  6 | import { getAllSkills } from "@/lib/skills";
  7 | import { isValidLocale, type Locale } from "@/i18n/config";
  8 | import { getDictionary } from "@/i18n/get-dictionary";

Import map: aliased to relative './src/components/CrtTerminal' inside of [project]/Desktop/I-Product/skillhub

https://nextjs.org/docs/messages/module-not-found @ http://localhost:3000/_next/static/chunks/c2fc1_next_dist_03d21e83._.js:3127
[   71286ms] [ERROR] ./Desktop/I-Product/skillhub/src/app/[locale]/page.tsx:5:1
Module not found: Can't resolve '@/components/CrtTerminal'
  3 | import SkillGrid from "@/components/SkillGrid";
  4 | import RetroComputer from "@/components/RetroComputer";
> 5 | import CrtTerminal from "@/components/CrtTerminal";
    | ^^^^^^^^^^^^^^^^^^^^^^^^^^^^^^^^^^^^^^^^^^^^^^^^^^^
  6 | import { getAllSkills } from "@/lib/skills";
  7 | import { isValidLocale, type Locale } from "@/i18n/config";
  8 | import { getDictionary } from "@/i18n/get-dictionary";

Import map: aliased to relative './src/components/CrtTerminal' inside of [project]/Desktop/I-Product/skillhub

https://nextjs.org/docs/messages/module-not-found @ http://localhost:3000/_next/static/chunks/c2fc1_next_dist_03d21e83._.js:3127
[   71334ms] [ERROR] ./Desktop/I-Product/skillhub/src/app/[locale]/page.tsx:5:1
Module not found: Can't resolve '@/components/CrtTerminal'
  3 | import SkillGrid from "@/components/SkillGrid";
  4 | import RetroComputer from "@/components/RetroComputer";
> 5 | import CrtTerminal from "@/components/CrtTerminal";
    | ^^^^^^^^^^^^^^^^^^^^^^^^^^^^^^^^^^^^^^^^^^^^^^^^^^^
  6 | import { getAllSkills } from "@/lib/skills";
  7 | import { isValidLocale, type Locale } from "@/i18n/config";
  8 | import { getDictionary } from "@/i18n/get-dictionary";

Import map: aliased to relative './src/components/CrtTerminal' inside of [project]/Desktop/I-Product/skillhub

https://nextjs.org/docs/messages/module-not-found @ http://localhost:3000/_next/static/chunks/c2fc1_next_dist_03d21e83._.js:3127
[   71384ms] [ERROR] ./Desktop/I-Product/skillhub/src/app/[locale]/page.tsx:5:1
Module not found: Can't resolve '@/components/CrtTerminal'
  3 | import SkillGrid from "@/components/SkillGrid";
  4 | import RetroComputer from "@/components/RetroComputer";
> 5 | import CrtTerminal from "@/components/CrtTerminal";
    | ^^^^^^^^^^^^^^^^^^^^^^^^^^^^^^^^^^^^^^^^^^^^^^^^^^^
  6 | import { getAllSkills } from "@/lib/skills";
  7 | import { isValidLocale, type Locale } from "@/i18n/config";
  8 | import { getDictionary } from "@/i18n/get-dictionary";

Import map: aliased to relative './src/components/CrtTerminal' inside of [project]/Desktop/I-Product/skillhub

https://nextjs.org/docs/messages/module-not-found @ http://localhost:3000/_next/static/chunks/c2fc1_next_dist_03d21e83._.js:3127
[   71434ms] [ERROR] ./Desktop/I-Product/skillhub/src/app/[locale]/page.tsx:5:1
Module not found: Can't resolve '@/components/CrtTerminal'
  3 | import SkillGrid from "@/components/SkillGrid";
  4 | import RetroComputer from "@/components/RetroComputer";
> 5 | import CrtTerminal from "@/components/CrtTerminal";
    | ^^^^^^^^^^^^^^^^^^^^^^^^^^^^^^^^^^^^^^^^^^^^^^^^^^^
  6 | import { getAllSkills } from "@/lib/skills";
  7 | import { isValidLocale, type Locale } from "@/i18n/config";
  8 | import { getDictionary } from "@/i18n/get-dictionary";

Import map: aliased to relative './src/components/CrtTerminal' inside of [project]/Desktop/I-Product/skillhub

https://nextjs.org/docs/messages/module-not-found @ http://localhost:3000/_next/static/chunks/c2fc1_next_dist_03d21e83._.js:3127
[   71483ms] [ERROR] ./Desktop/I-Product/skillhub/src/app/[locale]/page.tsx:5:1
Module not found: Can't resolve '@/components/CrtTerminal'
  3 | import SkillGrid from "@/components/SkillGrid";
  4 | import RetroComputer from "@/components/RetroComputer";
> 5 | import CrtTerminal from "@/components/CrtTerminal";
    | ^^^^^^^^^^^^^^^^^^^^^^^^^^^^^^^^^^^^^^^^^^^^^^^^^^^
  6 | import { getAllSkills } from "@/lib/skills";
  7 | import { isValidLocale, type Locale } from "@/i18n/config";
  8 | import { getDictionary } from "@/i18n/get-dictionary";

Import map: aliased to relative './src/components/CrtTerminal' inside of [project]/Desktop/I-Product/skillhub

https://nextjs.org/docs/messages/module-not-found @ http://localhost:3000/_next/static/chunks/c2fc1_next_dist_03d21e83._.js:3127
[   71533ms] [ERROR] ./Desktop/I-Product/skillhub/src/app/[locale]/page.tsx:5:1
Module not found: Can't resolve '@/components/CrtTerminal'
  3 | import SkillGrid from "@/components/SkillGrid";
  4 | import RetroComputer from "@/components/RetroComputer";
> 5 | import CrtTerminal from "@/components/CrtTerminal";
    | ^^^^^^^^^^^^^^^^^^^^^^^^^^^^^^^^^^^^^^^^^^^^^^^^^^^
  6 | import { getAllSkills } from "@/lib/skills";
  7 | import { isValidLocale, type Locale } from "@/i18n/config";
  8 | import { getDictionary } from "@/i18n/get-dictionary";

Import map: aliased to relative './src/components/CrtTerminal' inside of [project]/Desktop/I-Product/skillhub

https://nextjs.org/docs/messages/module-not-found @ http://localhost:3000/_next/static/chunks/c2fc1_next_dist_03d21e83._.js:3127
[   71584ms] [ERROR] ./Desktop/I-Product/skillhub/src/app/[locale]/page.tsx:5:1
Module not found: Can't resolve '@/components/CrtTerminal'
  3 | import SkillGrid from "@/components/SkillGrid";
  4 | import RetroComputer from "@/components/RetroComputer";
> 5 | import CrtTerminal from "@/components/CrtTerminal";
    | ^^^^^^^^^^^^^^^^^^^^^^^^^^^^^^^^^^^^^^^^^^^^^^^^^^^
  6 | import { getAllSkills } from "@/lib/skills";
  7 | import { isValidLocale, type Locale } from "@/i18n/config";
  8 | import { getDictionary } from "@/i18n/get-dictionary";

Import map: aliased to relative './src/components/CrtTerminal' inside of [project]/Desktop/I-Product/skillhub

https://nextjs.org/docs/messages/module-not-found @ http://localhost:3000/_next/static/chunks/c2fc1_next_dist_03d21e83._.js:3127
[   71633ms] [ERROR] ./Desktop/I-Product/skillhub/src/app/[locale]/page.tsx:5:1
Module not found: Can't resolve '@/components/CrtTerminal'
  3 | import SkillGrid from "@/components/SkillGrid";
  4 | import RetroComputer from "@/components/RetroComputer";
> 5 | import CrtTerminal from "@/components/CrtTerminal";
    | ^^^^^^^^^^^^^^^^^^^^^^^^^^^^^^^^^^^^^^^^^^^^^^^^^^^
  6 | import { getAllSkills } from "@/lib/skills";
  7 | import { isValidLocale, type Locale } from "@/i18n/config";
  8 | import { getDictionary } from "@/i18n/get-dictionary";

Import map: aliased to relative './src/components/CrtTerminal' inside of [project]/Desktop/I-Product/skillhub

https://nextjs.org/docs/messages/module-not-found @ http://localhost:3000/_next/static/chunks/c2fc1_next_dist_03d21e83._.js:3127
[   71683ms] [ERROR] ./Desktop/I-Product/skillhub/src/app/[locale]/page.tsx:5:1
Module not found: Can't resolve '@/components/CrtTerminal'
  3 | import SkillGrid from "@/components/SkillGrid";
  4 | import RetroComputer from "@/components/RetroComputer";
> 5 | import CrtTerminal from "@/components/CrtTerminal";
    | ^^^^^^^^^^^^^^^^^^^^^^^^^^^^^^^^^^^^^^^^^^^^^^^^^^^
  6 | import { getAllSkills } from "@/lib/skills";
  7 | import { isValidLocale, type Locale } from "@/i18n/config";
  8 | import { getDictionary } from "@/i18n/get-dictionary";

Import map: aliased to relative './src/components/CrtTerminal' inside of [project]/Desktop/I-Product/skillhub

https://nextjs.org/docs/messages/module-not-found @ http://localhost:3000/_next/static/chunks/c2fc1_next_dist_03d21e83._.js:3127
[   71732ms] [ERROR] ./Desktop/I-Product/skillhub/src/app/[locale]/page.tsx:5:1
Module not found: Can't resolve '@/components/CrtTerminal'
  3 | import SkillGrid from "@/components/SkillGrid";
  4 | import RetroComputer from "@/components/RetroComputer";
> 5 | import CrtTerminal from "@/components/CrtTerminal";
    | ^^^^^^^^^^^^^^^^^^^^^^^^^^^^^^^^^^^^^^^^^^^^^^^^^^^
  6 | import { getAllSkills } from "@/lib/skills";
  7 | import { isValidLocale, type Locale } from "@/i18n/config";
  8 | import { getDictionary } from "@/i18n/get-dictionary";

Import map: aliased to relative './src/components/CrtTerminal' inside of [project]/Desktop/I-Product/skillhub

https://nextjs.org/docs/messages/module-not-found @ http://localhost:3000/_next/static/chunks/c2fc1_next_dist_03d21e83._.js:3127
[   71781ms] [ERROR] ./Desktop/I-Product/skillhub/src/app/[locale]/page.tsx:5:1
Module not found: Can't resolve '@/components/CrtTerminal'
  3 | import SkillGrid from "@/components/SkillGrid";
  4 | import RetroComputer from "@/components/RetroComputer";
> 5 | import CrtTerminal from "@/components/CrtTerminal";
    | ^^^^^^^^^^^^^^^^^^^^^^^^^^^^^^^^^^^^^^^^^^^^^^^^^^^
  6 | import { getAllSkills } from "@/lib/skills";
  7 | import { isValidLocale, type Locale } from "@/i18n/config";
  8 | import { getDictionary } from "@/i18n/get-dictionary";

Import map: aliased to relative './src/components/CrtTerminal' inside of [project]/Desktop/I-Product/skillhub

https://nextjs.org/docs/messages/module-not-found @ http://localhost:3000/_next/static/chunks/c2fc1_next_dist_03d21e83._.js:3127
[   71834ms] [ERROR] ./Desktop/I-Product/skillhub/src/app/[locale]/page.tsx:5:1
Module not found: Can't resolve '@/components/CrtTerminal'
  3 | import SkillGrid from "@/components/SkillGrid";
  4 | import RetroComputer from "@/components/RetroComputer";
> 5 | import CrtTerminal from "@/components/CrtTerminal";
    | ^^^^^^^^^^^^^^^^^^^^^^^^^^^^^^^^^^^^^^^^^^^^^^^^^^^
  6 | import { getAllSkills } from "@/lib/skills";
  7 | import { isValidLocale, type Locale } from "@/i18n/config";
  8 | import { getDictionary } from "@/i18n/get-dictionary";

Import map: aliased to relative './src/components/CrtTerminal' inside of [project]/Desktop/I-Product/skillhub

https://nextjs.org/docs/messages/module-not-found @ http://localhost:3000/_next/static/chunks/c2fc1_next_dist_03d21e83._.js:3127
[   71890ms] [ERROR] ./Desktop/I-Product/skillhub/src/app/[locale]/page.tsx:5:1
Module not found: Can't resolve '@/components/CrtTerminal'
  3 | import SkillGrid from "@/components/SkillGrid";
  4 | import RetroComputer from "@/components/RetroComputer";
> 5 | import CrtTerminal from "@/components/CrtTerminal";
    | ^^^^^^^^^^^^^^^^^^^^^^^^^^^^^^^^^^^^^^^^^^^^^^^^^^^
  6 | import { getAllSkills } from "@/lib/skills";
  7 | import { isValidLocale, type Locale } from "@/i18n/config";
  8 | import { getDictionary } from "@/i18n/get-dictionary";

Import map: aliased to relative './src/components/CrtTerminal' inside of [project]/Desktop/I-Product/skillhub

https://nextjs.org/docs/messages/module-not-found @ http://localhost:3000/_next/static/chunks/c2fc1_next_dist_03d21e83._.js:3127
[   71938ms] [ERROR] ./Desktop/I-Product/skillhub/src/app/[locale]/page.tsx:5:1
Module not found: Can't resolve '@/components/CrtTerminal'
  3 | import SkillGrid from "@/components/SkillGrid";
  4 | import RetroComputer from "@/components/RetroComputer";
> 5 | import CrtTerminal from "@/components/CrtTerminal";
    | ^^^^^^^^^^^^^^^^^^^^^^^^^^^^^^^^^^^^^^^^^^^^^^^^^^^
  6 | import { getAllSkills } from "@/lib/skills";
  7 | import { isValidLocale, type Locale } from "@/i18n/config";
  8 | import { getDictionary } from "@/i18n/get-dictionary";

Import map: aliased to relative './src/components/CrtTerminal' inside of [project]/Desktop/I-Product/skillhub

https://nextjs.org/docs/messages/module-not-found @ http://localhost:3000/_next/static/chunks/c2fc1_next_dist_03d21e83._.js:3127
[   71986ms] [ERROR] ./Desktop/I-Product/skillhub/src/app/[locale]/page.tsx:5:1
Module not found: Can't resolve '@/components/CrtTerminal'
  3 | import SkillGrid from "@/components/SkillGrid";
  4 | import RetroComputer from "@/components/RetroComputer";
> 5 | import CrtTerminal from "@/components/CrtTerminal";
    | ^^^^^^^^^^^^^^^^^^^^^^^^^^^^^^^^^^^^^^^^^^^^^^^^^^^
  6 | import { getAllSkills } from "@/lib/skills";
  7 | import { isValidLocale, type Locale } from "@/i18n/config";
  8 | import { getDictionary } from "@/i18n/get-dictionary";

Import map: aliased to relative './src/components/CrtTerminal' inside of [project]/Desktop/I-Product/skillhub

https://nextjs.org/docs/messages/module-not-found @ http://localhost:3000/_next/static/chunks/c2fc1_next_dist_03d21e83._.js:3127
[   72036ms] [ERROR] ./Desktop/I-Product/skillhub/src/app/[locale]/page.tsx:5:1
Module not found: Can't resolve '@/components/CrtTerminal'
  3 | import SkillGrid from "@/components/SkillGrid";
  4 | import RetroComputer from "@/components/RetroComputer";
> 5 | import CrtTerminal from "@/components/CrtTerminal";
    | ^^^^^^^^^^^^^^^^^^^^^^^^^^^^^^^^^^^^^^^^^^^^^^^^^^^
  6 | import { getAllSkills } from "@/lib/skills";
  7 | import { isValidLocale, type Locale } from "@/i18n/config";
  8 | import { getDictionary } from "@/i18n/get-dictionary";

Import map: aliased to relative './src/components/CrtTerminal' inside of [project]/Desktop/I-Product/skillhub

https://nextjs.org/docs/messages/module-not-found @ http://localhost:3000/_next/static/chunks/c2fc1_next_dist_03d21e83._.js:3127
[   72085ms] [ERROR] ./Desktop/I-Product/skillhub/src/app/[locale]/page.tsx:5:1
Module not found: Can't resolve '@/components/CrtTerminal'
  3 | import SkillGrid from "@/components/SkillGrid";
  4 | import RetroComputer from "@/components/RetroComputer";
> 5 | import CrtTerminal from "@/components/CrtTerminal";
    | ^^^^^^^^^^^^^^^^^^^^^^^^^^^^^^^^^^^^^^^^^^^^^^^^^^^
  6 | import { getAllSkills } from "@/lib/skills";
  7 | import { isValidLocale, type Locale } from "@/i18n/config";
  8 | import { getDictionary } from "@/i18n/get-dictionary";

Import map: aliased to relative './src/components/CrtTerminal' inside of [project]/Desktop/I-Product/skillhub

https://nextjs.org/docs/messages/module-not-found @ http://localhost:3000/_next/static/chunks/c2fc1_next_dist_03d21e83._.js:3127
[   72133ms] [ERROR] ./Desktop/I-Product/skillhub/src/app/[locale]/page.tsx:5:1
Module not found: Can't resolve '@/components/CrtTerminal'
  3 | import SkillGrid from "@/components/SkillGrid";
  4 | import RetroComputer from "@/components/RetroComputer";
> 5 | import CrtTerminal from "@/components/CrtTerminal";
    | ^^^^^^^^^^^^^^^^^^^^^^^^^^^^^^^^^^^^^^^^^^^^^^^^^^^
  6 | import { getAllSkills } from "@/lib/skills";
  7 | import { isValidLocale, type Locale } from "@/i18n/config";
  8 | import { getDictionary } from "@/i18n/get-dictionary";

Import map: aliased to relative './src/components/CrtTerminal' inside of [project]/Desktop/I-Product/skillhub

https://nextjs.org/docs/messages/module-not-found @ http://localhost:3000/_next/static/chunks/c2fc1_next_dist_03d21e83._.js:3127
[   72182ms] [ERROR] ./Desktop/I-Product/skillhub/src/app/[locale]/page.tsx:5:1
Module not found: Can't resolve '@/components/CrtTerminal'
  3 | import SkillGrid from "@/components/SkillGrid";
  4 | import RetroComputer from "@/components/RetroComputer";
> 5 | import CrtTerminal from "@/components/CrtTerminal";
    | ^^^^^^^^^^^^^^^^^^^^^^^^^^^^^^^^^^^^^^^^^^^^^^^^^^^
  6 | import { getAllSkills } from "@/lib/skills";
  7 | import { isValidLocale, type Locale } from "@/i18n/config";
  8 | import { getDictionary } from "@/i18n/get-dictionary";

Import map: aliased to relative './src/components/CrtTerminal' inside of [project]/Desktop/I-Product/skillhub

https://nextjs.org/docs/messages/module-not-found @ http://localhost:3000/_next/static/chunks/c2fc1_next_dist_03d21e83._.js:3127
[   72233ms] [ERROR] ./Desktop/I-Product/skillhub/src/app/[locale]/page.tsx:5:1
Module not found: Can't resolve '@/components/CrtTerminal'
  3 | import SkillGrid from "@/components/SkillGrid";
  4 | import RetroComputer from "@/components/RetroComputer";
> 5 | import CrtTerminal from "@/components/CrtTerminal";
    | ^^^^^^^^^^^^^^^^^^^^^^^^^^^^^^^^^^^^^^^^^^^^^^^^^^^
  6 | import { getAllSkills } from "@/lib/skills";
  7 | import { isValidLocale, type Locale } from "@/i18n/config";
  8 | import { getDictionary } from "@/i18n/get-dictionary";

Import map: aliased to relative './src/components/CrtTerminal' inside of [project]/Desktop/I-Product/skillhub

https://nextjs.org/docs/messages/module-not-found @ http://localhost:3000/_next/static/chunks/c2fc1_next_dist_03d21e83._.js:3127
[   72283ms] [ERROR] ./Desktop/I-Product/skillhub/src/app/[locale]/page.tsx:5:1
Module not found: Can't resolve '@/components/CrtTerminal'
  3 | import SkillGrid from "@/components/SkillGrid";
  4 | import RetroComputer from "@/components/RetroComputer";
> 5 | import CrtTerminal from "@/components/CrtTerminal";
    | ^^^^^^^^^^^^^^^^^^^^^^^^^^^^^^^^^^^^^^^^^^^^^^^^^^^
  6 | import { getAllSkills } from "@/lib/skills";
  7 | import { isValidLocale, type Locale } from "@/i18n/config";
  8 | import { getDictionary } from "@/i18n/get-dictionary";

Import map: aliased to relative './src/components/CrtTerminal' inside of [project]/Desktop/I-Product/skillhub

https://nextjs.org/docs/messages/module-not-found @ http://localhost:3000/_next/static/chunks/c2fc1_next_dist_03d21e83._.js:3127
[   72334ms] [ERROR] ./Desktop/I-Product/skillhub/src/app/[locale]/page.tsx:5:1
Module not found: Can't resolve '@/components/CrtTerminal'
  3 | import SkillGrid from "@/components/SkillGrid";
  4 | import RetroComputer from "@/components/RetroComputer";
> 5 | import CrtTerminal from "@/components/CrtTerminal";
    | ^^^^^^^^^^^^^^^^^^^^^^^^^^^^^^^^^^^^^^^^^^^^^^^^^^^
  6 | import { getAllSkills } from "@/lib/skills";
  7 | import { isValidLocale, type Locale } from "@/i18n/config";
  8 | import { getDictionary } from "@/i18n/get-dictionary";

Import map: aliased to relative './src/components/CrtTerminal' inside of [project]/Desktop/I-Product/skillhub

https://nextjs.org/docs/messages/module-not-found @ http://localhost:3000/_next/static/chunks/c2fc1_next_dist_03d21e83._.js:3127
[   72384ms] [ERROR] ./Desktop/I-Product/skillhub/src/app/[locale]/page.tsx:5:1
Module not found: Can't resolve '@/components/CrtTerminal'
  3 | import SkillGrid from "@/components/SkillGrid";
  4 | import RetroComputer from "@/components/RetroComputer";
> 5 | import CrtTerminal from "@/components/CrtTerminal";
    | ^^^^^^^^^^^^^^^^^^^^^^^^^^^^^^^^^^^^^^^^^^^^^^^^^^^
  6 | import { getAllSkills } from "@/lib/skills";
  7 | import { isValidLocale, type Locale } from "@/i18n/config";
  8 | import { getDictionary } from "@/i18n/get-dictionary";

Import map: aliased to relative './src/components/CrtTerminal' inside of [project]/Desktop/I-Product/skillhub

https://nextjs.org/docs/messages/module-not-found @ http://localhost:3000/_next/static/chunks/c2fc1_next_dist_03d21e83._.js:3127
[   72433ms] [ERROR] ./Desktop/I-Product/skillhub/src/app/[locale]/page.tsx:5:1
Module not found: Can't resolve '@/components/CrtTerminal'
  3 | import SkillGrid from "@/components/SkillGrid";
  4 | import RetroComputer from "@/components/RetroComputer";
> 5 | import CrtTerminal from "@/components/CrtTerminal";
    | ^^^^^^^^^^^^^^^^^^^^^^^^^^^^^^^^^^^^^^^^^^^^^^^^^^^
  6 | import { getAllSkills } from "@/lib/skills";
  7 | import { isValidLocale, type Locale } from "@/i18n/config";
  8 | import { getDictionary } from "@/i18n/get-dictionary";

Import map: aliased to relative './src/components/CrtTerminal' inside of [project]/Desktop/I-Product/skillhub

https://nextjs.org/docs/messages/module-not-found @ http://localhost:3000/_next/static/chunks/c2fc1_next_dist_03d21e83._.js:3127
[   72523ms] [ERROR] ./Desktop/I-Product/skillhub/src/app/[locale]/page.tsx:5:1
Module not found: Can't resolve '@/components/CrtTerminal'
  3 | import SkillGrid from "@/components/SkillGrid";
  4 | import RetroComputer from "@/components/RetroComputer";
> 5 | import CrtTerminal from "@/components/CrtTerminal";
    | ^^^^^^^^^^^^^^^^^^^^^^^^^^^^^^^^^^^^^^^^^^^^^^^^^^^
  6 | import { getAllSkills } from "@/lib/skills";
  7 | import { isValidLocale, type Locale } from "@/i18n/config";
  8 | import { getDictionary } from "@/i18n/get-dictionary";

Import map: aliased to relative './src/components/CrtTerminal' inside of [project]/Desktop/I-Product/skillhub

https://nextjs.org/docs/messages/module-not-found @ http://localhost:3000/_next/static/chunks/c2fc1_next_dist_03d21e83._.js:3127
[   72572ms] [ERROR] ./Desktop/I-Product/skillhub/src/app/[locale]/page.tsx:5:1
Module not found: Can't resolve '@/components/CrtTerminal'
  3 | import SkillGrid from "@/components/SkillGrid";
  4 | import RetroComputer from "@/components/RetroComputer";
> 5 | import CrtTerminal from "@/components/CrtTerminal";
    | ^^^^^^^^^^^^^^^^^^^^^^^^^^^^^^^^^^^^^^^^^^^^^^^^^^^
  6 | import { getAllSkills } from "@/lib/skills";
  7 | import { isValidLocale, type Locale } from "@/i18n/config";
  8 | import { getDictionary } from "@/i18n/get-dictionary";

Import map: aliased to relative './src/components/CrtTerminal' inside of [project]/Desktop/I-Product/skillhub

https://nextjs.org/docs/messages/module-not-found @ http://localhost:3000/_next/static/chunks/c2fc1_next_dist_03d21e83._.js:3127
[   72620ms] [ERROR] ./Desktop/I-Product/skillhub/src/app/[locale]/page.tsx:5:1
Module not found: Can't resolve '@/components/CrtTerminal'
  3 | import SkillGrid from "@/components/SkillGrid";
  4 | import RetroComputer from "@/components/RetroComputer";
> 5 | import CrtTerminal from "@/components/CrtTerminal";
    | ^^^^^^^^^^^^^^^^^^^^^^^^^^^^^^^^^^^^^^^^^^^^^^^^^^^
  6 | import { getAllSkills } from "@/lib/skills";
  7 | import { isValidLocale, type Locale } from "@/i18n/config";
  8 | import { getDictionary } from "@/i18n/get-dictionary";

Import map: aliased to relative './src/components/CrtTerminal' inside of [project]/Desktop/I-Product/skillhub

https://nextjs.org/docs/messages/module-not-found @ http://localhost:3000/_next/static/chunks/c2fc1_next_dist_03d21e83._.js:3127
[   72668ms] [ERROR] ./Desktop/I-Product/skillhub/src/app/[locale]/page.tsx:5:1
Module not found: Can't resolve '@/components/CrtTerminal'
  3 | import SkillGrid from "@/components/SkillGrid";
  4 | import RetroComputer from "@/components/RetroComputer";
> 5 | import CrtTerminal from "@/components/CrtTerminal";
    | ^^^^^^^^^^^^^^^^^^^^^^^^^^^^^^^^^^^^^^^^^^^^^^^^^^^
  6 | import { getAllSkills } from "@/lib/skills";
  7 | import { isValidLocale, type Locale } from "@/i18n/config";
  8 | import { getDictionary } from "@/i18n/get-dictionary";

Import map: aliased to relative './src/components/CrtTerminal' inside of [project]/Desktop/I-Product/skillhub

https://nextjs.org/docs/messages/module-not-found @ http://localhost:3000/_next/static/chunks/c2fc1_next_dist_03d21e83._.js:3127
[   72717ms] [ERROR] ./Desktop/I-Product/skillhub/src/app/[locale]/page.tsx:5:1
Module not found: Can't resolve '@/components/CrtTerminal'
  3 | import SkillGrid from "@/components/SkillGrid";
  4 | import RetroComputer from "@/components/RetroComputer";
> 5 | import CrtTerminal from "@/components/CrtTerminal";
    | ^^^^^^^^^^^^^^^^^^^^^^^^^^^^^^^^^^^^^^^^^^^^^^^^^^^
  6 | import { getAllSkills } from "@/lib/skills";
  7 | import { isValidLocale, type Locale } from "@/i18n/config";
  8 | import { getDictionary } from "@/i18n/get-dictionary";

Import map: aliased to relative './src/components/CrtTerminal' inside of [project]/Desktop/I-Product/skillhub

https://nextjs.org/docs/messages/module-not-found @ http://localhost:3000/_next/static/chunks/c2fc1_next_dist_03d21e83._.js:3127
[   72767ms] [ERROR] ./Desktop/I-Product/skillhub/src/app/[locale]/page.tsx:5:1
Module not found: Can't resolve '@/components/CrtTerminal'
  3 | import SkillGrid from "@/components/SkillGrid";
  4 | import RetroComputer from "@/components/RetroComputer";
> 5 | import CrtTerminal from "@/components/CrtTerminal";
    | ^^^^^^^^^^^^^^^^^^^^^^^^^^^^^^^^^^^^^^^^^^^^^^^^^^^
  6 | import { getAllSkills } from "@/lib/skills";
  7 | import { isValidLocale, type Locale } from "@/i18n/config";
  8 | import { getDictionary } from "@/i18n/get-dictionary";

Import map: aliased to relative './src/components/CrtTerminal' inside of [project]/Desktop/I-Product/skillhub

https://nextjs.org/docs/messages/module-not-found @ http://localhost:3000/_next/static/chunks/c2fc1_next_dist_03d21e83._.js:3127
[   72816ms] [ERROR] ./Desktop/I-Product/skillhub/src/app/[locale]/page.tsx:5:1
Module not found: Can't resolve '@/components/CrtTerminal'
  3 | import SkillGrid from "@/components/SkillGrid";
  4 | import RetroComputer from "@/components/RetroComputer";
> 5 | import CrtTerminal from "@/components/CrtTerminal";
    | ^^^^^^^^^^^^^^^^^^^^^^^^^^^^^^^^^^^^^^^^^^^^^^^^^^^
  6 | import { getAllSkills } from "@/lib/skills";
  7 | import { isValidLocale, type Locale } from "@/i18n/config";
  8 | import { getDictionary } from "@/i18n/get-dictionary";

Import map: aliased to relative './src/components/CrtTerminal' inside of [project]/Desktop/I-Product/skillhub

https://nextjs.org/docs/messages/module-not-found @ http://localhost:3000/_next/static/chunks/c2fc1_next_dist_03d21e83._.js:3127
[   72866ms] [ERROR] ./Desktop/I-Product/skillhub/src/app/[locale]/page.tsx:5:1
Module not found: Can't resolve '@/components/CrtTerminal'
  3 | import SkillGrid from "@/components/SkillGrid";
  4 | import RetroComputer from "@/components/RetroComputer";
> 5 | import CrtTerminal from "@/components/CrtTerminal";
    | ^^^^^^^^^^^^^^^^^^^^^^^^^^^^^^^^^^^^^^^^^^^^^^^^^^^
  6 | import { getAllSkills } from "@/lib/skills";
  7 | import { isValidLocale, type Locale } from "@/i18n/config";
  8 | import { getDictionary } from "@/i18n/get-dictionary";

Import map: aliased to relative './src/components/CrtTerminal' inside of [project]/Desktop/I-Product/skillhub

https://nextjs.org/docs/messages/module-not-found @ http://localhost:3000/_next/static/chunks/c2fc1_next_dist_03d21e83._.js:3127
[   72914ms] [ERROR] ./Desktop/I-Product/skillhub/src/app/[locale]/page.tsx:5:1
Module not found: Can't resolve '@/components/CrtTerminal'
  3 | import SkillGrid from "@/components/SkillGrid";
  4 | import RetroComputer from "@/components/RetroComputer";
> 5 | import CrtTerminal from "@/components/CrtTerminal";
    | ^^^^^^^^^^^^^^^^^^^^^^^^^^^^^^^^^^^^^^^^^^^^^^^^^^^
  6 | import { getAllSkills } from "@/lib/skills";
  7 | import { isValidLocale, type Locale } from "@/i18n/config";
  8 | import { getDictionary } from "@/i18n/get-dictionary";

Import map: aliased to relative './src/components/CrtTerminal' inside of [project]/Desktop/I-Product/skillhub

https://nextjs.org/docs/messages/module-not-found @ http://localhost:3000/_next/static/chunks/c2fc1_next_dist_03d21e83._.js:3127
[   72964ms] [ERROR] ./Desktop/I-Product/skillhub/src/app/[locale]/page.tsx:5:1
Module not found: Can't resolve '@/components/CrtTerminal'
  3 | import SkillGrid from "@/components/SkillGrid";
  4 | import RetroComputer from "@/components/RetroComputer";
> 5 | import CrtTerminal from "@/components/CrtTerminal";
    | ^^^^^^^^^^^^^^^^^^^^^^^^^^^^^^^^^^^^^^^^^^^^^^^^^^^
  6 | import { getAllSkills } from "@/lib/skills";
  7 | import { isValidLocale, type Locale } from "@/i18n/config";
  8 | import { getDictionary } from "@/i18n/get-dictionary";

Import map: aliased to relative './src/components/CrtTerminal' inside of [project]/Desktop/I-Product/skillhub

https://nextjs.org/docs/messages/module-not-found @ http://localhost:3000/_next/static/chunks/c2fc1_next_dist_03d21e83._.js:3127
[   73014ms] [ERROR] ./Desktop/I-Product/skillhub/src/app/[locale]/page.tsx:5:1
Module not found: Can't resolve '@/components/CrtTerminal'
  3 | import SkillGrid from "@/components/SkillGrid";
  4 | import RetroComputer from "@/components/RetroComputer";
> 5 | import CrtTerminal from "@/components/CrtTerminal";
    | ^^^^^^^^^^^^^^^^^^^^^^^^^^^^^^^^^^^^^^^^^^^^^^^^^^^
  6 | import { getAllSkills } from "@/lib/skills";
  7 | import { isValidLocale, type Locale } from "@/i18n/config";
  8 | import { getDictionary } from "@/i18n/get-dictionary";

Import map: aliased to relative './src/components/CrtTerminal' inside of [project]/Desktop/I-Product/skillhub

https://nextjs.org/docs/messages/module-not-found @ http://localhost:3000/_next/static/chunks/c2fc1_next_dist_03d21e83._.js:3127
[   73064ms] [ERROR] ./Desktop/I-Product/skillhub/src/app/[locale]/page.tsx:5:1
Module not found: Can't resolve '@/components/CrtTerminal'
  3 | import SkillGrid from "@/components/SkillGrid";
  4 | import RetroComputer from "@/components/RetroComputer";
> 5 | import CrtTerminal from "@/components/CrtTerminal";
    | ^^^^^^^^^^^^^^^^^^^^^^^^^^^^^^^^^^^^^^^^^^^^^^^^^^^
  6 | import { getAllSkills } from "@/lib/skills";
  7 | import { isValidLocale, type Locale } from "@/i18n/config";
  8 | import { getDictionary } from "@/i18n/get-dictionary";

Import map: aliased to relative './src/components/CrtTerminal' inside of [project]/Desktop/I-Product/skillhub

https://nextjs.org/docs/messages/module-not-found @ http://localhost:3000/_next/static/chunks/c2fc1_next_dist_03d21e83._.js:3127
[   73114ms] [ERROR] ./Desktop/I-Product/skillhub/src/app/[locale]/page.tsx:5:1
Module not found: Can't resolve '@/components/CrtTerminal'
  3 | import SkillGrid from "@/components/SkillGrid";
  4 | import RetroComputer from "@/components/RetroComputer";
> 5 | import CrtTerminal from "@/components/CrtTerminal";
    | ^^^^^^^^^^^^^^^^^^^^^^^^^^^^^^^^^^^^^^^^^^^^^^^^^^^
  6 | import { getAllSkills } from "@/lib/skills";
  7 | import { isValidLocale, type Locale } from "@/i18n/config";
  8 | import { getDictionary } from "@/i18n/get-dictionary";

Import map: aliased to relative './src/components/CrtTerminal' inside of [project]/Desktop/I-Product/skillhub

https://nextjs.org/docs/messages/module-not-found @ http://localhost:3000/_next/static/chunks/c2fc1_next_dist_03d21e83._.js:3127
[   73166ms] [ERROR] ./Desktop/I-Product/skillhub/src/app/[locale]/page.tsx:5:1
Module not found: Can't resolve '@/components/CrtTerminal'
  3 | import SkillGrid from "@/components/SkillGrid";
  4 | import RetroComputer from "@/components/RetroComputer";
> 5 | import CrtTerminal from "@/components/CrtTerminal";
    | ^^^^^^^^^^^^^^^^^^^^^^^^^^^^^^^^^^^^^^^^^^^^^^^^^^^
  6 | import { getAllSkills } from "@/lib/skills";
  7 | import { isValidLocale, type Locale } from "@/i18n/config";
  8 | import { getDictionary } from "@/i18n/get-dictionary";

Import map: aliased to relative './src/components/CrtTerminal' inside of [project]/Desktop/I-Product/skillhub

https://nextjs.org/docs/messages/module-not-found @ http://localhost:3000/_next/static/chunks/c2fc1_next_dist_03d21e83._.js:3127
[   73214ms] [ERROR] ./Desktop/I-Product/skillhub/src/app/[locale]/page.tsx:5:1
Module not found: Can't resolve '@/components/CrtTerminal'
  3 | import SkillGrid from "@/components/SkillGrid";
  4 | import RetroComputer from "@/components/RetroComputer";
> 5 | import CrtTerminal from "@/components/CrtTerminal";
    | ^^^^^^^^^^^^^^^^^^^^^^^^^^^^^^^^^^^^^^^^^^^^^^^^^^^
  6 | import { getAllSkills } from "@/lib/skills";
  7 | import { isValidLocale, type Locale } from "@/i18n/config";
  8 | import { getDictionary } from "@/i18n/get-dictionary";

Import map: aliased to relative './src/components/CrtTerminal' inside of [project]/Desktop/I-Product/skillhub

https://nextjs.org/docs/messages/module-not-found @ http://localhost:3000/_next/static/chunks/c2fc1_next_dist_03d21e83._.js:3127
[   73265ms] [ERROR] ./Desktop/I-Product/skillhub/src/app/[locale]/page.tsx:5:1
Module not found: Can't resolve '@/components/CrtTerminal'
  3 | import SkillGrid from "@/components/SkillGrid";
  4 | import RetroComputer from "@/components/RetroComputer";
> 5 | import CrtTerminal from "@/components/CrtTerminal";
    | ^^^^^^^^^^^^^^^^^^^^^^^^^^^^^^^^^^^^^^^^^^^^^^^^^^^
  6 | import { getAllSkills } from "@/lib/skills";
  7 | import { isValidLocale, type Locale } from "@/i18n/config";
  8 | import { getDictionary } from "@/i18n/get-dictionary";

Import map: aliased to relative './src/components/CrtTerminal' inside of [project]/Desktop/I-Product/skillhub

https://nextjs.org/docs/messages/module-not-found @ http://localhost:3000/_next/static/chunks/c2fc1_next_dist_03d21e83._.js:3127
[   73314ms] [ERROR] ./Desktop/I-Product/skillhub/src/app/[locale]/page.tsx:5:1
Module not found: Can't resolve '@/components/CrtTerminal'
  3 | import SkillGrid from "@/components/SkillGrid";
  4 | import RetroComputer from "@/components/RetroComputer";
> 5 | import CrtTerminal from "@/components/CrtTerminal";
    | ^^^^^^^^^^^^^^^^^^^^^^^^^^^^^^^^^^^^^^^^^^^^^^^^^^^
  6 | import { getAllSkills } from "@/lib/skills";
  7 | import { isValidLocale, type Locale } from "@/i18n/config";
  8 | import { getDictionary } from "@/i18n/get-dictionary";

Import map: aliased to relative './src/components/CrtTerminal' inside of [project]/Desktop/I-Product/skillhub

https://nextjs.org/docs/messages/module-not-found @ http://localhost:3000/_next/static/chunks/c2fc1_next_dist_03d21e83._.js:3127
[   73367ms] [ERROR] ./Desktop/I-Product/skillhub/src/app/[locale]/page.tsx:5:1
Module not found: Can't resolve '@/components/CrtTerminal'
  3 | import SkillGrid from "@/components/SkillGrid";
  4 | import RetroComputer from "@/components/RetroComputer";
> 5 | import CrtTerminal from "@/components/CrtTerminal";
    | ^^^^^^^^^^^^^^^^^^^^^^^^^^^^^^^^^^^^^^^^^^^^^^^^^^^
  6 | import { getAllSkills } from "@/lib/skills";
  7 | import { isValidLocale, type Locale } from "@/i18n/config";
  8 | import { getDictionary } from "@/i18n/get-dictionary";

Import map: aliased to relative './src/components/CrtTerminal' inside of [project]/Desktop/I-Product/skillhub

https://nextjs.org/docs/messages/module-not-found @ http://localhost:3000/_next/static/chunks/c2fc1_next_dist_03d21e83._.js:3127
[   73417ms] [ERROR] ./Desktop/I-Product/skillhub/src/app/[locale]/page.tsx:5:1
Module not found: Can't resolve '@/components/CrtTerminal'
  3 | import SkillGrid from "@/components/SkillGrid";
  4 | import RetroComputer from "@/components/RetroComputer";
> 5 | import CrtTerminal from "@/components/CrtTerminal";
    | ^^^^^^^^^^^^^^^^^^^^^^^^^^^^^^^^^^^^^^^^^^^^^^^^^^^
  6 | import { getAllSkills } from "@/lib/skills";
  7 | import { isValidLocale, type Locale } from "@/i18n/config";
  8 | import { getDictionary } from "@/i18n/get-dictionary";

Import map: aliased to relative './src/components/CrtTerminal' inside of [project]/Desktop/I-Product/skillhub

https://nextjs.org/docs/messages/module-not-found @ http://localhost:3000/_next/static/chunks/c2fc1_next_dist_03d21e83._.js:3127
[   73468ms] [ERROR] ./Desktop/I-Product/skillhub/src/app/[locale]/page.tsx:5:1
Module not found: Can't resolve '@/components/CrtTerminal'
  3 | import SkillGrid from "@/components/SkillGrid";
  4 | import RetroComputer from "@/components/RetroComputer";
> 5 | import CrtTerminal from "@/components/CrtTerminal";
    | ^^^^^^^^^^^^^^^^^^^^^^^^^^^^^^^^^^^^^^^^^^^^^^^^^^^
  6 | import { getAllSkills } from "@/lib/skills";
  7 | import { isValidLocale, type Locale } from "@/i18n/config";
  8 | import { getDictionary } from "@/i18n/get-dictionary";

Import map: aliased to relative './src/components/CrtTerminal' inside of [project]/Desktop/I-Product/skillhub

https://nextjs.org/docs/messages/module-not-found @ http://localhost:3000/_next/static/chunks/c2fc1_next_dist_03d21e83._.js:3127
[   73508ms] [ERROR] ./Desktop/I-Product/skillhub/src/app/[locale]/page.tsx:5:1
Module not found: Can't resolve '@/components/CrtTerminal'
  3 | import SkillGrid from "@/components/SkillGrid";
  4 | import RetroComputer from "@/components/RetroComputer";
> 5 | import CrtTerminal from "@/components/CrtTerminal";
    | ^^^^^^^^^^^^^^^^^^^^^^^^^^^^^^^^^^^^^^^^^^^^^^^^^^^
  6 | import { getAllSkills } from "@/lib/skills";
  7 | import { isValidLocale, type Locale } from "@/i18n/config";
  8 | import { getDictionary } from "@/i18n/get-dictionary";

Import map: aliased to relative './src/components/CrtTerminal' inside of [project]/Desktop/I-Product/skillhub

https://nextjs.org/docs/messages/module-not-found @ http://localhost:3000/_next/static/chunks/c2fc1_next_dist_03d21e83._.js:3127
[   73556ms] [ERROR] ./Desktop/I-Product/skillhub/src/app/[locale]/page.tsx:5:1
Module not found: Can't resolve '@/components/CrtTerminal'
  3 | import SkillGrid from "@/components/SkillGrid";
  4 | import RetroComputer from "@/components/RetroComputer";
> 5 | import CrtTerminal from "@/components/CrtTerminal";
    | ^^^^^^^^^^^^^^^^^^^^^^^^^^^^^^^^^^^^^^^^^^^^^^^^^^^
  6 | import { getAllSkills } from "@/lib/skills";
  7 | import { isValidLocale, type Locale } from "@/i18n/config";
  8 | import { getDictionary } from "@/i18n/get-dictionary";

Import map: aliased to relative './src/components/CrtTerminal' inside of [project]/Desktop/I-Product/skillhub

https://nextjs.org/docs/messages/module-not-found @ http://localhost:3000/_next/static/chunks/c2fc1_next_dist_03d21e83._.js:3127
[   73605ms] [ERROR] ./Desktop/I-Product/skillhub/src/app/[locale]/page.tsx:5:1
Module not found: Can't resolve '@/components/CrtTerminal'
  3 | import SkillGrid from "@/components/SkillGrid";
  4 | import RetroComputer from "@/components/RetroComputer";
> 5 | import CrtTerminal from "@/components/CrtTerminal";
    | ^^^^^^^^^^^^^^^^^^^^^^^^^^^^^^^^^^^^^^^^^^^^^^^^^^^
  6 | import { getAllSkills } from "@/lib/skills";
  7 | import { isValidLocale, type Locale } from "@/i18n/config";
  8 | import { getDictionary } from "@/i18n/get-dictionary";

Import map: aliased to relative './src/components/CrtTerminal' inside of [project]/Desktop/I-Product/skillhub

https://nextjs.org/docs/messages/module-not-found @ http://localhost:3000/_next/static/chunks/c2fc1_next_dist_03d21e83._.js:3127
[   73653ms] [ERROR] ./Desktop/I-Product/skillhub/src/app/[locale]/page.tsx:5:1
Module not found: Can't resolve '@/components/CrtTerminal'
  3 | import SkillGrid from "@/components/SkillGrid";
  4 | import RetroComputer from "@/components/RetroComputer";
> 5 | import CrtTerminal from "@/components/CrtTerminal";
    | ^^^^^^^^^^^^^^^^^^^^^^^^^^^^^^^^^^^^^^^^^^^^^^^^^^^
  6 | import { getAllSkills } from "@/lib/skills";
  7 | import { isValidLocale, type Locale } from "@/i18n/config";
  8 | import { getDictionary } from "@/i18n/get-dictionary";

Import map: aliased to relative './src/components/CrtTerminal' inside of [project]/Desktop/I-Product/skillhub

https://nextjs.org/docs/messages/module-not-found @ http://localhost:3000/_next/static/chunks/c2fc1_next_dist_03d21e83._.js:3127
[   73700ms] [ERROR] ./Desktop/I-Product/skillhub/src/app/[locale]/page.tsx:5:1
Module not found: Can't resolve '@/components/CrtTerminal'
  3 | import SkillGrid from "@/components/SkillGrid";
  4 | import RetroComputer from "@/components/RetroComputer";
> 5 | import CrtTerminal from "@/components/CrtTerminal";
    | ^^^^^^^^^^^^^^^^^^^^^^^^^^^^^^^^^^^^^^^^^^^^^^^^^^^
  6 | import { getAllSkills } from "@/lib/skills";
  7 | import { isValidLocale, type Locale } from "@/i18n/config";
  8 | import { getDictionary } from "@/i18n/get-dictionary";

Import map: aliased to relative './src/components/CrtTerminal' inside of [project]/Desktop/I-Product/skillhub

https://nextjs.org/docs/messages/module-not-found @ http://localhost:3000/_next/static/chunks/c2fc1_next_dist_03d21e83._.js:3127
[   73750ms] [ERROR] ./Desktop/I-Product/skillhub/src/app/[locale]/page.tsx:5:1
Module not found: Can't resolve '@/components/CrtTerminal'
  3 | import SkillGrid from "@/components/SkillGrid";
  4 | import RetroComputer from "@/components/RetroComputer";
> 5 | import CrtTerminal from "@/components/CrtTerminal";
    | ^^^^^^^^^^^^^^^^^^^^^^^^^^^^^^^^^^^^^^^^^^^^^^^^^^^
  6 | import { getAllSkills } from "@/lib/skills";
  7 | import { isValidLocale, type Locale } from "@/i18n/config";
  8 | import { getDictionary } from "@/i18n/get-dictionary";

Import map: aliased to relative './src/components/CrtTerminal' inside of [project]/Desktop/I-Product/skillhub

https://nextjs.org/docs/messages/module-not-found @ http://localhost:3000/_next/static/chunks/c2fc1_next_dist_03d21e83._.js:3127
[   73800ms] [ERROR] ./Desktop/I-Product/skillhub/src/app/[locale]/page.tsx:5:1
Module not found: Can't resolve '@/components/CrtTerminal'
  3 | import SkillGrid from "@/components/SkillGrid";
  4 | import RetroComputer from "@/components/RetroComputer";
> 5 | import CrtTerminal from "@/components/CrtTerminal";
    | ^^^^^^^^^^^^^^^^^^^^^^^^^^^^^^^^^^^^^^^^^^^^^^^^^^^
  6 | import { getAllSkills } from "@/lib/skills";
  7 | import { isValidLocale, type Locale } from "@/i18n/config";
  8 | import { getDictionary } from "@/i18n/get-dictionary";

Import map: aliased to relative './src/components/CrtTerminal' inside of [project]/Desktop/I-Product/skillhub

https://nextjs.org/docs/messages/module-not-found @ http://localhost:3000/_next/static/chunks/c2fc1_next_dist_03d21e83._.js:3127
[   73852ms] [ERROR] ./Desktop/I-Product/skillhub/src/app/[locale]/page.tsx:5:1
Module not found: Can't resolve '@/components/CrtTerminal'
  3 | import SkillGrid from "@/components/SkillGrid";
  4 | import RetroComputer from "@/components/RetroComputer";
> 5 | import CrtTerminal from "@/components/CrtTerminal";
    | ^^^^^^^^^^^^^^^^^^^^^^^^^^^^^^^^^^^^^^^^^^^^^^^^^^^
  6 | import { getAllSkills } from "@/lib/skills";
  7 | import { isValidLocale, type Locale } from "@/i18n/config";
  8 | import { getDictionary } from "@/i18n/get-dictionary";

Import map: aliased to relative './src/components/CrtTerminal' inside of [project]/Desktop/I-Product/skillhub

https://nextjs.org/docs/messages/module-not-found @ http://localhost:3000/_next/static/chunks/c2fc1_next_dist_03d21e83._.js:3127
[   73909ms] [ERROR] ./Desktop/I-Product/skillhub/src/app/[locale]/page.tsx:5:1
Module not found: Can't resolve '@/components/CrtTerminal'
  3 | import SkillGrid from "@/components/SkillGrid";
  4 | import RetroComputer from "@/components/RetroComputer";
> 5 | import CrtTerminal from "@/components/CrtTerminal";
    | ^^^^^^^^^^^^^^^^^^^^^^^^^^^^^^^^^^^^^^^^^^^^^^^^^^^
  6 | import { getAllSkills } from "@/lib/skills";
  7 | import { isValidLocale, type Locale } from "@/i18n/config";
  8 | import { getDictionary } from "@/i18n/get-dictionary";

Import map: aliased to relative './src/components/CrtTerminal' inside of [project]/Desktop/I-Product/skillhub

https://nextjs.org/docs/messages/module-not-found @ http://localhost:3000/_next/static/chunks/c2fc1_next_dist_03d21e83._.js:3127
[   73958ms] [ERROR] ./Desktop/I-Product/skillhub/src/app/[locale]/page.tsx:5:1
Module not found: Can't resolve '@/components/CrtTerminal'
  3 | import SkillGrid from "@/components/SkillGrid";
  4 | import RetroComputer from "@/components/RetroComputer";
> 5 | import CrtTerminal from "@/components/CrtTerminal";
    | ^^^^^^^^^^^^^^^^^^^^^^^^^^^^^^^^^^^^^^^^^^^^^^^^^^^
  6 | import { getAllSkills } from "@/lib/skills";
  7 | import { isValidLocale, type Locale } from "@/i18n/config";
  8 | import { getDictionary } from "@/i18n/get-dictionary";

Import map: aliased to relative './src/components/CrtTerminal' inside of [project]/Desktop/I-Product/skillhub

https://nextjs.org/docs/messages/module-not-found @ http://localhost:3000/_next/static/chunks/c2fc1_next_dist_03d21e83._.js:3127
[   74006ms] [ERROR] ./Desktop/I-Product/skillhub/src/app/[locale]/page.tsx:5:1
Module not found: Can't resolve '@/components/CrtTerminal'
  3 | import SkillGrid from "@/components/SkillGrid";
  4 | import RetroComputer from "@/components/RetroComputer";
> 5 | import CrtTerminal from "@/components/CrtTerminal";
    | ^^^^^^^^^^^^^^^^^^^^^^^^^^^^^^^^^^^^^^^^^^^^^^^^^^^
  6 | import { getAllSkills } from "@/lib/skills";
  7 | import { isValidLocale, type Locale } from "@/i18n/config";
  8 | import { getDictionary } from "@/i18n/get-dictionary";

Import map: aliased to relative './src/components/CrtTerminal' inside of [project]/Desktop/I-Product/skillhub

https://nextjs.org/docs/messages/module-not-found @ http://localhost:3000/_next/static/chunks/c2fc1_next_dist_03d21e83._.js:3127
[   74054ms] [ERROR] ./Desktop/I-Product/skillhub/src/app/[locale]/page.tsx:5:1
Module not found: Can't resolve '@/components/CrtTerminal'
  3 | import SkillGrid from "@/components/SkillGrid";
  4 | import RetroComputer from "@/components/RetroComputer";
> 5 | import CrtTerminal from "@/components/CrtTerminal";
    | ^^^^^^^^^^^^^^^^^^^^^^^^^^^^^^^^^^^^^^^^^^^^^^^^^^^
  6 | import { getAllSkills } from "@/lib/skills";
  7 | import { isValidLocale, type Locale } from "@/i18n/config";
  8 | import { getDictionary } from "@/i18n/get-dictionary";

Import map: aliased to relative './src/components/CrtTerminal' inside of [project]/Desktop/I-Product/skillhub

https://nextjs.org/docs/messages/module-not-found @ http://localhost:3000/_next/static/chunks/c2fc1_next_dist_03d21e83._.js:3127
[   74099ms] [ERROR] ./Desktop/I-Product/skillhub/src/app/[locale]/page.tsx:5:1
Module not found: Can't resolve '@/components/CrtTerminal'
  3 | import SkillGrid from "@/components/SkillGrid";
  4 | import RetroComputer from "@/components/RetroComputer";
> 5 | import CrtTerminal from "@/components/CrtTerminal";
    | ^^^^^^^^^^^^^^^^^^^^^^^^^^^^^^^^^^^^^^^^^^^^^^^^^^^
  6 | import { getAllSkills } from "@/lib/skills";
  7 | import { isValidLocale, type Locale } from "@/i18n/config";
  8 | import { getDictionary } from "@/i18n/get-dictionary";

Import map: aliased to relative './src/components/CrtTerminal' inside of [project]/Desktop/I-Product/skillhub

https://nextjs.org/docs/messages/module-not-found @ http://localhost:3000/_next/static/chunks/c2fc1_next_dist_03d21e83._.js:3127
[   74166ms] [ERROR] ./Desktop/I-Product/skillhub/src/app/[locale]/page.tsx:5:1
Module not found: Can't resolve '@/components/CrtTerminal'
  3 | import SkillGrid from "@/components/SkillGrid";
  4 | import RetroComputer from "@/components/RetroComputer";
> 5 | import CrtTerminal from "@/components/CrtTerminal";
    | ^^^^^^^^^^^^^^^^^^^^^^^^^^^^^^^^^^^^^^^^^^^^^^^^^^^
  6 | import { getAllSkills } from "@/lib/skills";
  7 | import { isValidLocale, type Locale } from "@/i18n/config";
  8 | import { getDictionary } from "@/i18n/get-dictionary";

Import map: aliased to relative './src/components/CrtTerminal' inside of [project]/Desktop/I-Product/skillhub

https://nextjs.org/docs/messages/module-not-found @ http://localhost:3000/_next/static/chunks/c2fc1_next_dist_03d21e83._.js:3127
[   74227ms] [ERROR] ./Desktop/I-Product/skillhub/src/app/[locale]/page.tsx:5:1
Module not found: Can't resolve '@/components/CrtTerminal'
  3 | import SkillGrid from "@/components/SkillGrid";
  4 | import RetroComputer from "@/components/RetroComputer";
> 5 | import CrtTerminal from "@/components/CrtTerminal";
    | ^^^^^^^^^^^^^^^^^^^^^^^^^^^^^^^^^^^^^^^^^^^^^^^^^^^
  6 | import { getAllSkills } from "@/lib/skills";
  7 | import { isValidLocale, type Locale } from "@/i18n/config";
  8 | import { getDictionary } from "@/i18n/get-dictionary";

Import map: aliased to relative './src/components/CrtTerminal' inside of [project]/Desktop/I-Product/skillhub

https://nextjs.org/docs/messages/module-not-found @ http://localhost:3000/_next/static/chunks/c2fc1_next_dist_03d21e83._.js:3127
[   74280ms] [ERROR] ./Desktop/I-Product/skillhub/src/app/[locale]/page.tsx:5:1
Module not found: Can't resolve '@/components/CrtTerminal'
  3 | import SkillGrid from "@/components/SkillGrid";
  4 | import RetroComputer from "@/components/RetroComputer";
> 5 | import CrtTerminal from "@/components/CrtTerminal";
    | ^^^^^^^^^^^^^^^^^^^^^^^^^^^^^^^^^^^^^^^^^^^^^^^^^^^
  6 | import { getAllSkills } from "@/lib/skills";
  7 | import { isValidLocale, type Locale } from "@/i18n/config";
  8 | import { getDictionary } from "@/i18n/get-dictionary";

Import map: aliased to relative './src/components/CrtTerminal' inside of [project]/Desktop/I-Product/skillhub

https://nextjs.org/docs/messages/module-not-found @ http://localhost:3000/_next/static/chunks/c2fc1_next_dist_03d21e83._.js:3127
[   74333ms] [ERROR] ./Desktop/I-Product/skillhub/src/app/[locale]/page.tsx:5:1
Module not found: Can't resolve '@/components/CrtTerminal'
  3 | import SkillGrid from "@/components/SkillGrid";
  4 | import RetroComputer from "@/components/RetroComputer";
> 5 | import CrtTerminal from "@/components/CrtTerminal";
    | ^^^^^^^^^^^^^^^^^^^^^^^^^^^^^^^^^^^^^^^^^^^^^^^^^^^
  6 | import { getAllSkills } from "@/lib/skills";
  7 | import { isValidLocale, type Locale } from "@/i18n/config";
  8 | import { getDictionary } from "@/i18n/get-dictionary";

Import map: aliased to relative './src/components/CrtTerminal' inside of [project]/Desktop/I-Product/skillhub

https://nextjs.org/docs/messages/module-not-found @ http://localhost:3000/_next/static/chunks/c2fc1_next_dist_03d21e83._.js:3127
[   74391ms] [ERROR] ./Desktop/I-Product/skillhub/src/app/[locale]/page.tsx:5:1
Module not found: Can't resolve '@/components/CrtTerminal'
  3 | import SkillGrid from "@/components/SkillGrid";
  4 | import RetroComputer from "@/components/RetroComputer";
> 5 | import CrtTerminal from "@/components/CrtTerminal";
    | ^^^^^^^^^^^^^^^^^^^^^^^^^^^^^^^^^^^^^^^^^^^^^^^^^^^
  6 | import { getAllSkills } from "@/lib/skills";
  7 | import { isValidLocale, type Locale } from "@/i18n/config";
  8 | import { getDictionary } from "@/i18n/get-dictionary";

Import map: aliased to relative './src/components/CrtTerminal' inside of [project]/Desktop/I-Product/skillhub

https://nextjs.org/docs/messages/module-not-found @ http://localhost:3000/_next/static/chunks/c2fc1_next_dist_03d21e83._.js:3127
[   74448ms] [ERROR] ./Desktop/I-Product/skillhub/src/app/[locale]/page.tsx:5:1
Module not found: Can't resolve '@/components/CrtTerminal'
  3 | import SkillGrid from "@/components/SkillGrid";
  4 | import RetroComputer from "@/components/RetroComputer";
> 5 | import CrtTerminal from "@/components/CrtTerminal";
    | ^^^^^^^^^^^^^^^^^^^^^^^^^^^^^^^^^^^^^^^^^^^^^^^^^^^
  6 | import { getAllSkills } from "@/lib/skills";
  7 | import { isValidLocale, type Locale } from "@/i18n/config";
  8 | import { getDictionary } from "@/i18n/get-dictionary";

Import map: aliased to relative './src/components/CrtTerminal' inside of [project]/Desktop/I-Product/skillhub

https://nextjs.org/docs/messages/module-not-found @ http://localhost:3000/_next/static/chunks/c2fc1_next_dist_03d21e83._.js:3127
[   74500ms] [ERROR] ./Desktop/I-Product/skillhub/src/app/[locale]/page.tsx:5:1
Module not found: Can't resolve '@/components/CrtTerminal'
  3 | import SkillGrid from "@/components/SkillGrid";
  4 | import RetroComputer from "@/components/RetroComputer";
> 5 | import CrtTerminal from "@/components/CrtTerminal";
    | ^^^^^^^^^^^^^^^^^^^^^^^^^^^^^^^^^^^^^^^^^^^^^^^^^^^
  6 | import { getAllSkills } from "@/lib/skills";
  7 | import { isValidLocale, type Locale } from "@/i18n/config";
  8 | import { getDictionary } from "@/i18n/get-dictionary";

Import map: aliased to relative './src/components/CrtTerminal' inside of [project]/Desktop/I-Product/skillhub

https://nextjs.org/docs/messages/module-not-found @ http://localhost:3000/_next/static/chunks/c2fc1_next_dist_03d21e83._.js:3127
[   74549ms] [ERROR] ./Desktop/I-Product/skillhub/src/app/[locale]/page.tsx:5:1
Module not found: Can't resolve '@/components/CrtTerminal'
  3 | import SkillGrid from "@/components/SkillGrid";
  4 | import RetroComputer from "@/components/RetroComputer";
> 5 | import CrtTerminal from "@/components/CrtTerminal";
    | ^^^^^^^^^^^^^^^^^^^^^^^^^^^^^^^^^^^^^^^^^^^^^^^^^^^
  6 | import { getAllSkills } from "@/lib/skills";
  7 | import { isValidLocale, type Locale } from "@/i18n/config";
  8 | import { getDictionary } from "@/i18n/get-dictionary";

Import map: aliased to relative './src/components/CrtTerminal' inside of [project]/Desktop/I-Product/skillhub

https://nextjs.org/docs/messages/module-not-found @ http://localhost:3000/_next/static/chunks/c2fc1_next_dist_03d21e83._.js:3127
[   74625ms] [ERROR] ./Desktop/I-Product/skillhub/src/app/[locale]/page.tsx:5:1
Module not found: Can't resolve '@/components/CrtTerminal'
  3 | import SkillGrid from "@/components/SkillGrid";
  4 | import RetroComputer from "@/components/RetroComputer";
> 5 | import CrtTerminal from "@/components/CrtTerminal";
    | ^^^^^^^^^^^^^^^^^^^^^^^^^^^^^^^^^^^^^^^^^^^^^^^^^^^
  6 | import { getAllSkills } from "@/lib/skills";
  7 | import { isValidLocale, type Locale } from "@/i18n/config";
  8 | import { getDictionary } from "@/i18n/get-dictionary";

Import map: aliased to relative './src/components/CrtTerminal' inside of [project]/Desktop/I-Product/skillhub

https://nextjs.org/docs/messages/module-not-found @ http://localhost:3000/_next/static/chunks/c2fc1_next_dist_03d21e83._.js:3127
[   74720ms] [ERROR] ./Desktop/I-Product/skillhub/src/app/[locale]/page.tsx:5:1
Module not found: Can't resolve '@/components/CrtTerminal'
  3 | import SkillGrid from "@/components/SkillGrid";
  4 | import RetroComputer from "@/components/RetroComputer";
> 5 | import CrtTerminal from "@/components/CrtTerminal";
    | ^^^^^^^^^^^^^^^^^^^^^^^^^^^^^^^^^^^^^^^^^^^^^^^^^^^
  6 | import { getAllSkills } from "@/lib/skills";
  7 | import { isValidLocale, type Locale } from "@/i18n/config";
  8 | import { getDictionary } from "@/i18n/get-dictionary";

Import map: aliased to relative './src/components/CrtTerminal' inside of [project]/Desktop/I-Product/skillhub

https://nextjs.org/docs/messages/module-not-found @ http://localhost:3000/_next/static/chunks/c2fc1_next_dist_03d21e83._.js:3127
[   74768ms] [ERROR] ./Desktop/I-Product/skillhub/src/app/[locale]/page.tsx:5:1
Module not found: Can't resolve '@/components/CrtTerminal'
  3 | import SkillGrid from "@/components/SkillGrid";
  4 | import RetroComputer from "@/components/RetroComputer";
> 5 | import CrtTerminal from "@/components/CrtTerminal";
    | ^^^^^^^^^^^^^^^^^^^^^^^^^^^^^^^^^^^^^^^^^^^^^^^^^^^
  6 | import { getAllSkills } from "@/lib/skills";
  7 | import { isValidLocale, type Locale } from "@/i18n/config";
  8 | import { getDictionary } from "@/i18n/get-dictionary";

Import map: aliased to relative './src/components/CrtTerminal' inside of [project]/Desktop/I-Product/skillhub

https://nextjs.org/docs/messages/module-not-found @ http://localhost:3000/_next/static/chunks/c2fc1_next_dist_03d21e83._.js:3127
[   74818ms] [ERROR] ./Desktop/I-Product/skillhub/src/app/[locale]/page.tsx:5:1
Module not found: Can't resolve '@/components/CrtTerminal'
  3 | import SkillGrid from "@/components/SkillGrid";
  4 | import RetroComputer from "@/components/RetroComputer";
> 5 | import CrtTerminal from "@/components/CrtTerminal";
    | ^^^^^^^^^^^^^^^^^^^^^^^^^^^^^^^^^^^^^^^^^^^^^^^^^^^
  6 | import { getAllSkills } from "@/lib/skills";
  7 | import { isValidLocale, type Locale } from "@/i18n/config";
  8 | import { getDictionary } from "@/i18n/get-dictionary";

Import map: aliased to relative './src/components/CrtTerminal' inside of [project]/Desktop/I-Product/skillhub

https://nextjs.org/docs/messages/module-not-found @ http://localhost:3000/_next/static/chunks/c2fc1_next_dist_03d21e83._.js:3127
[   74867ms] [ERROR] ./Desktop/I-Product/skillhub/src/app/[locale]/page.tsx:5:1
Module not found: Can't resolve '@/components/CrtTerminal'
  3 | import SkillGrid from "@/components/SkillGrid";
  4 | import RetroComputer from "@/components/RetroComputer";
> 5 | import CrtTerminal from "@/components/CrtTerminal";
    | ^^^^^^^^^^^^^^^^^^^^^^^^^^^^^^^^^^^^^^^^^^^^^^^^^^^
  6 | import { getAllSkills } from "@/lib/skills";
  7 | import { isValidLocale, type Locale } from "@/i18n/config";
  8 | import { getDictionary } from "@/i18n/get-dictionary";

Import map: aliased to relative './src/components/CrtTerminal' inside of [project]/Desktop/I-Product/skillhub

https://nextjs.org/docs/messages/module-not-found @ http://localhost:3000/_next/static/chunks/c2fc1_next_dist_03d21e83._.js:3127
[   74917ms] [ERROR] ./Desktop/I-Product/skillhub/src/app/[locale]/page.tsx:5:1
Module not found: Can't resolve '@/components/CrtTerminal'
  3 | import SkillGrid from "@/components/SkillGrid";
  4 | import RetroComputer from "@/components/RetroComputer";
> 5 | import CrtTerminal from "@/components/CrtTerminal";
    | ^^^^^^^^^^^^^^^^^^^^^^^^^^^^^^^^^^^^^^^^^^^^^^^^^^^
  6 | import { getAllSkills } from "@/lib/skills";
  7 | import { isValidLocale, type Locale } from "@/i18n/config";
  8 | import { getDictionary } from "@/i18n/get-dictionary";

Import map: aliased to relative './src/components/CrtTerminal' inside of [project]/Desktop/I-Product/skillhub

https://nextjs.org/docs/messages/module-not-found @ http://localhost:3000/_next/static/chunks/c2fc1_next_dist_03d21e83._.js:3127
[   74966ms] [ERROR] ./Desktop/I-Product/skillhub/src/app/[locale]/page.tsx:5:1
Module not found: Can't resolve '@/components/CrtTerminal'
  3 | import SkillGrid from "@/components/SkillGrid";
  4 | import RetroComputer from "@/components/RetroComputer";
> 5 | import CrtTerminal from "@/components/CrtTerminal";
    | ^^^^^^^^^^^^^^^^^^^^^^^^^^^^^^^^^^^^^^^^^^^^^^^^^^^
  6 | import { getAllSkills } from "@/lib/skills";
  7 | import { isValidLocale, type Locale } from "@/i18n/config";
  8 | import { getDictionary } from "@/i18n/get-dictionary";

Import map: aliased to relative './src/components/CrtTerminal' inside of [project]/Desktop/I-Product/skillhub

https://nextjs.org/docs/messages/module-not-found @ http://localhost:3000/_next/static/chunks/c2fc1_next_dist_03d21e83._.js:3127
[   75016ms] [ERROR] ./Desktop/I-Product/skillhub/src/app/[locale]/page.tsx:5:1
Module not found: Can't resolve '@/components/CrtTerminal'
  3 | import SkillGrid from "@/components/SkillGrid";
  4 | import RetroComputer from "@/components/RetroComputer";
> 5 | import CrtTerminal from "@/components/CrtTerminal";
    | ^^^^^^^^^^^^^^^^^^^^^^^^^^^^^^^^^^^^^^^^^^^^^^^^^^^
  6 | import { getAllSkills } from "@/lib/skills";
  7 | import { isValidLocale, type Locale } from "@/i18n/config";
  8 | import { getDictionary } from "@/i18n/get-dictionary";

Import map: aliased to relative './src/components/CrtTerminal' inside of [project]/Desktop/I-Product/skillhub

https://nextjs.org/docs/messages/module-not-found @ http://localhost:3000/_next/static/chunks/c2fc1_next_dist_03d21e83._.js:3127
[   75067ms] [ERROR] ./Desktop/I-Product/skillhub/src/app/[locale]/page.tsx:5:1
Module not found: Can't resolve '@/components/CrtTerminal'
  3 | import SkillGrid from "@/components/SkillGrid";
  4 | import RetroComputer from "@/components/RetroComputer";
> 5 | import CrtTerminal from "@/components/CrtTerminal";
    | ^^^^^^^^^^^^^^^^^^^^^^^^^^^^^^^^^^^^^^^^^^^^^^^^^^^
  6 | import { getAllSkills } from "@/lib/skills";
  7 | import { isValidLocale, type Locale } from "@/i18n/config";
  8 | import { getDictionary } from "@/i18n/get-dictionary";

Import map: aliased to relative './src/components/CrtTerminal' inside of [project]/Desktop/I-Product/skillhub

https://nextjs.org/docs/messages/module-not-found @ http://localhost:3000/_next/static/chunks/c2fc1_next_dist_03d21e83._.js:3127
[   75121ms] [ERROR] ./Desktop/I-Product/skillhub/src/app/[locale]/page.tsx:5:1
Module not found: Can't resolve '@/components/CrtTerminal'
  3 | import SkillGrid from "@/components/SkillGrid";
  4 | import RetroComputer from "@/components/RetroComputer";
> 5 | import CrtTerminal from "@/components/CrtTerminal";
    | ^^^^^^^^^^^^^^^^^^^^^^^^^^^^^^^^^^^^^^^^^^^^^^^^^^^
  6 | import { getAllSkills } from "@/lib/skills";
  7 | import { isValidLocale, type Locale } from "@/i18n/config";
  8 | import { getDictionary } from "@/i18n/get-dictionary";

Import map: aliased to relative './src/components/CrtTerminal' inside of [project]/Desktop/I-Product/skillhub

https://nextjs.org/docs/messages/module-not-found @ http://localhost:3000/_next/static/chunks/c2fc1_next_dist_03d21e83._.js:3127
[   75170ms] [ERROR] ./Desktop/I-Product/skillhub/src/app/[locale]/page.tsx:5:1
Module not found: Can't resolve '@/components/CrtTerminal'
  3 | import SkillGrid from "@/components/SkillGrid";
  4 | import RetroComputer from "@/components/RetroComputer";
> 5 | import CrtTerminal from "@/components/CrtTerminal";
    | ^^^^^^^^^^^^^^^^^^^^^^^^^^^^^^^^^^^^^^^^^^^^^^^^^^^
  6 | import { getAllSkills } from "@/lib/skills";
  7 | import { isValidLocale, type Locale } from "@/i18n/config";
  8 | import { getDictionary } from "@/i18n/get-dictionary";

Import map: aliased to relative './src/components/CrtTerminal' inside of [project]/Desktop/I-Product/skillhub

https://nextjs.org/docs/messages/module-not-found @ http://localhost:3000/_next/static/chunks/c2fc1_next_dist_03d21e83._.js:3127
[   75220ms] [ERROR] ./Desktop/I-Product/skillhub/src/app/[locale]/page.tsx:5:1
Module not found: Can't resolve '@/components/CrtTerminal'
  3 | import SkillGrid from "@/components/SkillGrid";
  4 | import RetroComputer from "@/components/RetroComputer";
> 5 | import CrtTerminal from "@/components/CrtTerminal";
    | ^^^^^^^^^^^^^^^^^^^^^^^^^^^^^^^^^^^^^^^^^^^^^^^^^^^
  6 | import { getAllSkills } from "@/lib/skills";
  7 | import { isValidLocale, type Locale } from "@/i18n/config";
  8 | import { getDictionary } from "@/i18n/get-dictionary";

Import map: aliased to relative './src/components/CrtTerminal' inside of [project]/Desktop/I-Product/skillhub

https://nextjs.org/docs/messages/module-not-found @ http://localhost:3000/_next/static/chunks/c2fc1_next_dist_03d21e83._.js:3127
[   75270ms] [ERROR] ./Desktop/I-Product/skillhub/src/app/[locale]/page.tsx:5:1
Module not found: Can't resolve '@/components/CrtTerminal'
  3 | import SkillGrid from "@/components/SkillGrid";
  4 | import RetroComputer from "@/components/RetroComputer";
> 5 | import CrtTerminal from "@/components/CrtTerminal";
    | ^^^^^^^^^^^^^^^^^^^^^^^^^^^^^^^^^^^^^^^^^^^^^^^^^^^
  6 | import { getAllSkills } from "@/lib/skills";
  7 | import { isValidLocale, type Locale } from "@/i18n/config";
  8 | import { getDictionary } from "@/i18n/get-dictionary";

Import map: aliased to relative './src/components/CrtTerminal' inside of [project]/Desktop/I-Product/skillhub

https://nextjs.org/docs/messages/module-not-found @ http://localhost:3000/_next/static/chunks/c2fc1_next_dist_03d21e83._.js:3127
[   75319ms] [ERROR] ./Desktop/I-Product/skillhub/src/app/[locale]/page.tsx:5:1
Module not found: Can't resolve '@/components/CrtTerminal'
  3 | import SkillGrid from "@/components/SkillGrid";
  4 | import RetroComputer from "@/components/RetroComputer";
> 5 | import CrtTerminal from "@/components/CrtTerminal";
    | ^^^^^^^^^^^^^^^^^^^^^^^^^^^^^^^^^^^^^^^^^^^^^^^^^^^
  6 | import { getAllSkills } from "@/lib/skills";
  7 | import { isValidLocale, type Locale } from "@/i18n/config";
  8 | import { getDictionary } from "@/i18n/get-dictionary";

Import map: aliased to relative './src/components/CrtTerminal' inside of [project]/Desktop/I-Product/skillhub

https://nextjs.org/docs/messages/module-not-found @ http://localhost:3000/_next/static/chunks/c2fc1_next_dist_03d21e83._.js:3127
[   75367ms] [ERROR] ./Desktop/I-Product/skillhub/src/app/[locale]/page.tsx:5:1
Module not found: Can't resolve '@/components/CrtTerminal'
  3 | import SkillGrid from "@/components/SkillGrid";
  4 | import RetroComputer from "@/components/RetroComputer";
> 5 | import CrtTerminal from "@/components/CrtTerminal";
    | ^^^^^^^^^^^^^^^^^^^^^^^^^^^^^^^^^^^^^^^^^^^^^^^^^^^
  6 | import { getAllSkills } from "@/lib/skills";
  7 | import { isValidLocale, type Locale } from "@/i18n/config";
  8 | import { getDictionary } from "@/i18n/get-dictionary";

Import map: aliased to relative './src/components/CrtTerminal' inside of [project]/Desktop/I-Product/skillhub

https://nextjs.org/docs/messages/module-not-found @ http://localhost:3000/_next/static/chunks/c2fc1_next_dist_03d21e83._.js:3127
[   75416ms] [ERROR] ./Desktop/I-Product/skillhub/src/app/[locale]/page.tsx:5:1
Module not found: Can't resolve '@/components/CrtTerminal'
  3 | import SkillGrid from "@/components/SkillGrid";
  4 | import RetroComputer from "@/components/RetroComputer";
> 5 | import CrtTerminal from "@/components/CrtTerminal";
    | ^^^^^^^^^^^^^^^^^^^^^^^^^^^^^^^^^^^^^^^^^^^^^^^^^^^
  6 | import { getAllSkills } from "@/lib/skills";
  7 | import { isValidLocale, type Locale } from "@/i18n/config";
  8 | import { getDictionary } from "@/i18n/get-dictionary";

Import map: aliased to relative './src/components/CrtTerminal' inside of [project]/Desktop/I-Product/skillhub

https://nextjs.org/docs/messages/module-not-found @ http://localhost:3000/_next/static/chunks/c2fc1_next_dist_03d21e83._.js:3127
[   75465ms] [ERROR] ./Desktop/I-Product/skillhub/src/app/[locale]/page.tsx:5:1
Module not found: Can't resolve '@/components/CrtTerminal'
  3 | import SkillGrid from "@/components/SkillGrid";
  4 | import RetroComputer from "@/components/RetroComputer";
> 5 | import CrtTerminal from "@/components/CrtTerminal";
    | ^^^^^^^^^^^^^^^^^^^^^^^^^^^^^^^^^^^^^^^^^^^^^^^^^^^
  6 | import { getAllSkills } from "@/lib/skills";
  7 | import { isValidLocale, type Locale } from "@/i18n/config";
  8 | import { getDictionary } from "@/i18n/get-dictionary";

Import map: aliased to relative './src/components/CrtTerminal' inside of [project]/Desktop/I-Product/skillhub

https://nextjs.org/docs/messages/module-not-found @ http://localhost:3000/_next/static/chunks/c2fc1_next_dist_03d21e83._.js:3127
[   75503ms] [ERROR] ./Desktop/I-Product/skillhub/src/app/[locale]/page.tsx:5:1
Module not found: Can't resolve '@/components/CrtTerminal'
  3 | import SkillGrid from "@/components/SkillGrid";
  4 | import RetroComputer from "@/components/RetroComputer";
> 5 | import CrtTerminal from "@/components/CrtTerminal";
    | ^^^^^^^^^^^^^^^^^^^^^^^^^^^^^^^^^^^^^^^^^^^^^^^^^^^
  6 | import { getAllSkills } from "@/lib/skills";
  7 | import { isValidLocale, type Locale } from "@/i18n/config";
  8 | import { getDictionary } from "@/i18n/get-dictionary";

Import map: aliased to relative './src/components/CrtTerminal' inside of [project]/Desktop/I-Product/skillhub

https://nextjs.org/docs/messages/module-not-found @ http://localhost:3000/_next/static/chunks/c2fc1_next_dist_03d21e83._.js:3127
[   75552ms] [ERROR] ./Desktop/I-Product/skillhub/src/app/[locale]/page.tsx:5:1
Module not found: Can't resolve '@/components/CrtTerminal'
  3 | import SkillGrid from "@/components/SkillGrid";
  4 | import RetroComputer from "@/components/RetroComputer";
> 5 | import CrtTerminal from "@/components/CrtTerminal";
    | ^^^^^^^^^^^^^^^^^^^^^^^^^^^^^^^^^^^^^^^^^^^^^^^^^^^
  6 | import { getAllSkills } from "@/lib/skills";
  7 | import { isValidLocale, type Locale } from "@/i18n/config";
  8 | import { getDictionary } from "@/i18n/get-dictionary";

Import map: aliased to relative './src/components/CrtTerminal' inside of [project]/Desktop/I-Product/skillhub

https://nextjs.org/docs/messages/module-not-found @ http://localhost:3000/_next/static/chunks/c2fc1_next_dist_03d21e83._.js:3127
[   75601ms] [ERROR] ./Desktop/I-Product/skillhub/src/app/[locale]/page.tsx:5:1
Module not found: Can't resolve '@/components/CrtTerminal'
  3 | import SkillGrid from "@/components/SkillGrid";
  4 | import RetroComputer from "@/components/RetroComputer";
> 5 | import CrtTerminal from "@/components/CrtTerminal";
    | ^^^^^^^^^^^^^^^^^^^^^^^^^^^^^^^^^^^^^^^^^^^^^^^^^^^
  6 | import { getAllSkills } from "@/lib/skills";
  7 | import { isValidLocale, type Locale } from "@/i18n/config";
  8 | import { getDictionary } from "@/i18n/get-dictionary";

Import map: aliased to relative './src/components/CrtTerminal' inside of [project]/Desktop/I-Product/skillhub

https://nextjs.org/docs/messages/module-not-found @ http://localhost:3000/_next/static/chunks/c2fc1_next_dist_03d21e83._.js:3127
[   75651ms] [ERROR] ./Desktop/I-Product/skillhub/src/app/[locale]/page.tsx:5:1
Module not found: Can't resolve '@/components/CrtTerminal'
  3 | import SkillGrid from "@/components/SkillGrid";
  4 | import RetroComputer from "@/components/RetroComputer";
> 5 | import CrtTerminal from "@/components/CrtTerminal";
    | ^^^^^^^^^^^^^^^^^^^^^^^^^^^^^^^^^^^^^^^^^^^^^^^^^^^
  6 | import { getAllSkills } from "@/lib/skills";
  7 | import { isValidLocale, type Locale } from "@/i18n/config";
  8 | import { getDictionary } from "@/i18n/get-dictionary";

Import map: aliased to relative './src/components/CrtTerminal' inside of [project]/Desktop/I-Product/skillhub

https://nextjs.org/docs/messages/module-not-found @ http://localhost:3000/_next/static/chunks/c2fc1_next_dist_03d21e83._.js:3127
[   75748ms] [ERROR] ./Desktop/I-Product/skillhub/src/app/[locale]/page.tsx:5:1
Module not found: Can't resolve '@/components/CrtTerminal'
  3 | import SkillGrid from "@/components/SkillGrid";
  4 | import RetroComputer from "@/components/RetroComputer";
> 5 | import CrtTerminal from "@/components/CrtTerminal";
    | ^^^^^^^^^^^^^^^^^^^^^^^^^^^^^^^^^^^^^^^^^^^^^^^^^^^
  6 | import { getAllSkills } from "@/lib/skills";
  7 | import { isValidLocale, type Locale } from "@/i18n/config";
  8 | import { getDictionary } from "@/i18n/get-dictionary";

Import map: aliased to relative './src/components/CrtTerminal' inside of [project]/Desktop/I-Product/skillhub

https://nextjs.org/docs/messages/module-not-found @ http://localhost:3000/_next/static/chunks/c2fc1_next_dist_03d21e83._.js:3127
[   75798ms] [ERROR] ./Desktop/I-Product/skillhub/src/app/[locale]/page.tsx:5:1
Module not found: Can't resolve '@/components/CrtTerminal'
  3 | import SkillGrid from "@/components/SkillGrid";
  4 | import RetroComputer from "@/components/RetroComputer";
> 5 | import CrtTerminal from "@/components/CrtTerminal";
    | ^^^^^^^^^^^^^^^^^^^^^^^^^^^^^^^^^^^^^^^^^^^^^^^^^^^
  6 | import { getAllSkills } from "@/lib/skills";
  7 | import { isValidLocale, type Locale } from "@/i18n/config";
  8 | import { getDictionary } from "@/i18n/get-dictionary";

Import map: aliased to relative './src/components/CrtTerminal' inside of [project]/Desktop/I-Product/skillhub

https://nextjs.org/docs/messages/module-not-found @ http://localhost:3000/_next/static/chunks/c2fc1_next_dist_03d21e83._.js:3127
[   75848ms] [ERROR] ./Desktop/I-Product/skillhub/src/app/[locale]/page.tsx:5:1
Module not found: Can't resolve '@/components/CrtTerminal'
  3 | import SkillGrid from "@/components/SkillGrid";
  4 | import RetroComputer from "@/components/RetroComputer";
> 5 | import CrtTerminal from "@/components/CrtTerminal";
    | ^^^^^^^^^^^^^^^^^^^^^^^^^^^^^^^^^^^^^^^^^^^^^^^^^^^
  6 | import { getAllSkills } from "@/lib/skills";
  7 | import { isValidLocale, type Locale } from "@/i18n/config";
  8 | import { getDictionary } from "@/i18n/get-dictionary";

Import map: aliased to relative './src/components/CrtTerminal' inside of [project]/Desktop/I-Product/skillhub

https://nextjs.org/docs/messages/module-not-found @ http://localhost:3000/_next/static/chunks/c2fc1_next_dist_03d21e83._.js:3127
[   75898ms] [ERROR] ./Desktop/I-Product/skillhub/src/app/[locale]/page.tsx:5:1
Module not found: Can't resolve '@/components/CrtTerminal'
  3 | import SkillGrid from "@/components/SkillGrid";
  4 | import RetroComputer from "@/components/RetroComputer";
> 5 | import CrtTerminal from "@/components/CrtTerminal";
    | ^^^^^^^^^^^^^^^^^^^^^^^^^^^^^^^^^^^^^^^^^^^^^^^^^^^
  6 | import { getAllSkills } from "@/lib/skills";
  7 | import { isValidLocale, type Locale } from "@/i18n/config";
  8 | import { getDictionary } from "@/i18n/get-dictionary";

Import map: aliased to relative './src/components/CrtTerminal' inside of [project]/Desktop/I-Product/skillhub

https://nextjs.org/docs/messages/module-not-found @ http://localhost:3000/_next/static/chunks/c2fc1_next_dist_03d21e83._.js:3127
[   75949ms] [ERROR] ./Desktop/I-Product/skillhub/src/app/[locale]/page.tsx:5:1
Module not found: Can't resolve '@/components/CrtTerminal'
  3 | import SkillGrid from "@/components/SkillGrid";
  4 | import RetroComputer from "@/components/RetroComputer";
> 5 | import CrtTerminal from "@/components/CrtTerminal";
    | ^^^^^^^^^^^^^^^^^^^^^^^^^^^^^^^^^^^^^^^^^^^^^^^^^^^
  6 | import { getAllSkills } from "@/lib/skills";
  7 | import { isValidLocale, type Locale } from "@/i18n/config";
  8 | import { getDictionary } from "@/i18n/get-dictionary";

Import map: aliased to relative './src/components/CrtTerminal' inside of [project]/Desktop/I-Product/skillhub

https://nextjs.org/docs/messages/module-not-found @ http://localhost:3000/_next/static/chunks/c2fc1_next_dist_03d21e83._.js:3127
[   75998ms] [ERROR] ./Desktop/I-Product/skillhub/src/app/[locale]/page.tsx:5:1
Module not found: Can't resolve '@/components/CrtTerminal'
  3 | import SkillGrid from "@/components/SkillGrid";
  4 | import RetroComputer from "@/components/RetroComputer";
> 5 | import CrtTerminal from "@/components/CrtTerminal";
    | ^^^^^^^^^^^^^^^^^^^^^^^^^^^^^^^^^^^^^^^^^^^^^^^^^^^
  6 | import { getAllSkills } from "@/lib/skills";
  7 | import { isValidLocale, type Locale } from "@/i18n/config";
  8 | import { getDictionary } from "@/i18n/get-dictionary";

Import map: aliased to relative './src/components/CrtTerminal' inside of [project]/Desktop/I-Product/skillhub

https://nextjs.org/docs/messages/module-not-found @ http://localhost:3000/_next/static/chunks/c2fc1_next_dist_03d21e83._.js:3127
[   76055ms] [ERROR] ./Desktop/I-Product/skillhub/src/app/[locale]/page.tsx:5:1
Module not found: Can't resolve '@/components/CrtTerminal'
  3 | import SkillGrid from "@/components/SkillGrid";
  4 | import RetroComputer from "@/components/RetroComputer";
> 5 | import CrtTerminal from "@/components/CrtTerminal";
    | ^^^^^^^^^^^^^^^^^^^^^^^^^^^^^^^^^^^^^^^^^^^^^^^^^^^
  6 | import { getAllSkills } from "@/lib/skills";
  7 | import { isValidLocale, type Locale } from "@/i18n/config";
  8 | import { getDictionary } from "@/i18n/get-dictionary";

Import map: aliased to relative './src/components/CrtTerminal' inside of [project]/Desktop/I-Product/skillhub

https://nextjs.org/docs/messages/module-not-found @ http://localhost:3000/_next/static/chunks/c2fc1_next_dist_03d21e83._.js:3127
[   76103ms] [ERROR] ./Desktop/I-Product/skillhub/src/app/[locale]/page.tsx:5:1
Module not found: Can't resolve '@/components/CrtTerminal'
  3 | import SkillGrid from "@/components/SkillGrid";
  4 | import RetroComputer from "@/components/RetroComputer";
> 5 | import CrtTerminal from "@/components/CrtTerminal";
    | ^^^^^^^^^^^^^^^^^^^^^^^^^^^^^^^^^^^^^^^^^^^^^^^^^^^
  6 | import { getAllSkills } from "@/lib/skills";
  7 | import { isValidLocale, type Locale } from "@/i18n/config";
  8 | import { getDictionary } from "@/i18n/get-dictionary";

Import map: aliased to relative './src/components/CrtTerminal' inside of [project]/Desktop/I-Product/skillhub

https://nextjs.org/docs/messages/module-not-found @ http://localhost:3000/_next/static/chunks/c2fc1_next_dist_03d21e83._.js:3127
[   76152ms] [ERROR] ./Desktop/I-Product/skillhub/src/app/[locale]/page.tsx:5:1
Module not found: Can't resolve '@/components/CrtTerminal'
  3 | import SkillGrid from "@/components/SkillGrid";
  4 | import RetroComputer from "@/components/RetroComputer";
> 5 | import CrtTerminal from "@/components/CrtTerminal";
    | ^^^^^^^^^^^^^^^^^^^^^^^^^^^^^^^^^^^^^^^^^^^^^^^^^^^
  6 | import { getAllSkills } from "@/lib/skills";
  7 | import { isValidLocale, type Locale } from "@/i18n/config";
  8 | import { getDictionary } from "@/i18n/get-dictionary";

Import map: aliased to relative './src/components/CrtTerminal' inside of [project]/Desktop/I-Product/skillhub

https://nextjs.org/docs/messages/module-not-found @ http://localhost:3000/_next/static/chunks/c2fc1_next_dist_03d21e83._.js:3127
[   76200ms] [ERROR] ./Desktop/I-Product/skillhub/src/app/[locale]/page.tsx:5:1
Module not found: Can't resolve '@/components/CrtTerminal'
  3 | import SkillGrid from "@/components/SkillGrid";
  4 | import RetroComputer from "@/components/RetroComputer";
> 5 | import CrtTerminal from "@/components/CrtTerminal";
    | ^^^^^^^^^^^^^^^^^^^^^^^^^^^^^^^^^^^^^^^^^^^^^^^^^^^
  6 | import { getAllSkills } from "@/lib/skills";
  7 | import { isValidLocale, type Locale } from "@/i18n/config";
  8 | import { getDictionary } from "@/i18n/get-dictionary";

Import map: aliased to relative './src/components/CrtTerminal' inside of [project]/Desktop/I-Product/skillhub

https://nextjs.org/docs/messages/module-not-found @ http://localhost:3000/_next/static/chunks/c2fc1_next_dist_03d21e83._.js:3127
[   76250ms] [ERROR] ./Desktop/I-Product/skillhub/src/app/[locale]/page.tsx:5:1
Module not found: Can't resolve '@/components/CrtTerminal'
  3 | import SkillGrid from "@/components/SkillGrid";
  4 | import RetroComputer from "@/components/RetroComputer";
> 5 | import CrtTerminal from "@/components/CrtTerminal";
    | ^^^^^^^^^^^^^^^^^^^^^^^^^^^^^^^^^^^^^^^^^^^^^^^^^^^
  6 | import { getAllSkills } from "@/lib/skills";
  7 | import { isValidLocale, type Locale } from "@/i18n/config";
  8 | import { getDictionary } from "@/i18n/get-dictionary";

Import map: aliased to relative './src/components/CrtTerminal' inside of [project]/Desktop/I-Product/skillhub

https://nextjs.org/docs/messages/module-not-found @ http://localhost:3000/_next/static/chunks/c2fc1_next_dist_03d21e83._.js:3127
[   76300ms] [ERROR] ./Desktop/I-Product/skillhub/src/app/[locale]/page.tsx:5:1
Module not found: Can't resolve '@/components/CrtTerminal'
  3 | import SkillGrid from "@/components/SkillGrid";
  4 | import RetroComputer from "@/components/RetroComputer";
> 5 | import CrtTerminal from "@/components/CrtTerminal";
    | ^^^^^^^^^^^^^^^^^^^^^^^^^^^^^^^^^^^^^^^^^^^^^^^^^^^
  6 | import { getAllSkills } from "@/lib/skills";
  7 | import { isValidLocale, type Locale } from "@/i18n/config";
  8 | import { getDictionary } from "@/i18n/get-dictionary";

Import map: aliased to relative './src/components/CrtTerminal' inside of [project]/Desktop/I-Product/skillhub

https://nextjs.org/docs/messages/module-not-found @ http://localhost:3000/_next/static/chunks/c2fc1_next_dist_03d21e83._.js:3127
[   76366ms] [ERROR] ./Desktop/I-Product/skillhub/src/app/[locale]/page.tsx:5:1
Module not found: Can't resolve '@/components/CrtTerminal'
  3 | import SkillGrid from "@/components/SkillGrid";
  4 | import RetroComputer from "@/components/RetroComputer";
> 5 | import CrtTerminal from "@/components/CrtTerminal";
    | ^^^^^^^^^^^^^^^^^^^^^^^^^^^^^^^^^^^^^^^^^^^^^^^^^^^
  6 | import { getAllSkills } from "@/lib/skills";
  7 | import { isValidLocale, type Locale } from "@/i18n/config";
  8 | import { getDictionary } from "@/i18n/get-dictionary";

Import map: aliased to relative './src/components/CrtTerminal' inside of [project]/Desktop/I-Product/skillhub

https://nextjs.org/docs/messages/module-not-found @ http://localhost:3000/_next/static/chunks/c2fc1_next_dist_03d21e83._.js:3127
[   76416ms] [ERROR] ./Desktop/I-Product/skillhub/src/app/[locale]/page.tsx:5:1
Module not found: Can't resolve '@/components/CrtTerminal'
  3 | import SkillGrid from "@/components/SkillGrid";
  4 | import RetroComputer from "@/components/RetroComputer";
> 5 | import CrtTerminal from "@/components/CrtTerminal";
    | ^^^^^^^^^^^^^^^^^^^^^^^^^^^^^^^^^^^^^^^^^^^^^^^^^^^
  6 | import { getAllSkills } from "@/lib/skills";
  7 | import { isValidLocale, type Locale } from "@/i18n/config";
  8 | import { getDictionary } from "@/i18n/get-dictionary";

Import map: aliased to relative './src/components/CrtTerminal' inside of [project]/Desktop/I-Product/skillhub

https://nextjs.org/docs/messages/module-not-found @ http://localhost:3000/_next/static/chunks/c2fc1_next_dist_03d21e83._.js:3127
[   76472ms] [ERROR] ./Desktop/I-Product/skillhub/src/app/[locale]/page.tsx:5:1
Module not found: Can't resolve '@/components/CrtTerminal'
  3 | import SkillGrid from "@/components/SkillGrid";
  4 | import RetroComputer from "@/components/RetroComputer";
> 5 | import CrtTerminal from "@/components/CrtTerminal";
    | ^^^^^^^^^^^^^^^^^^^^^^^^^^^^^^^^^^^^^^^^^^^^^^^^^^^
  6 | import { getAllSkills } from "@/lib/skills";
  7 | import { isValidLocale, type Locale } from "@/i18n/config";
  8 | import { getDictionary } from "@/i18n/get-dictionary";

Import map: aliased to relative './src/components/CrtTerminal' inside of [project]/Desktop/I-Product/skillhub

https://nextjs.org/docs/messages/module-not-found @ http://localhost:3000/_next/static/chunks/c2fc1_next_dist_03d21e83._.js:3127
[   76534ms] [ERROR] ./Desktop/I-Product/skillhub/src/app/[locale]/page.tsx:5:1
Module not found: Can't resolve '@/components/CrtTerminal'
  3 | import SkillGrid from "@/components/SkillGrid";
  4 | import RetroComputer from "@/components/RetroComputer";
> 5 | import CrtTerminal from "@/components/CrtTerminal";
    | ^^^^^^^^^^^^^^^^^^^^^^^^^^^^^^^^^^^^^^^^^^^^^^^^^^^
  6 | import { getAllSkills } from "@/lib/skills";
  7 | import { isValidLocale, type Locale } from "@/i18n/config";
  8 | import { getDictionary } from "@/i18n/get-dictionary";

Import map: aliased to relative './src/components/CrtTerminal' inside of [project]/Desktop/I-Product/skillhub

https://nextjs.org/docs/messages/module-not-found @ http://localhost:3000/_next/static/chunks/c2fc1_next_dist_03d21e83._.js:3127
[   76585ms] [ERROR] ./Desktop/I-Product/skillhub/src/app/[locale]/page.tsx:5:1
Module not found: Can't resolve '@/components/CrtTerminal'
  3 | import SkillGrid from "@/components/SkillGrid";
  4 | import RetroComputer from "@/components/RetroComputer";
> 5 | import CrtTerminal from "@/components/CrtTerminal";
    | ^^^^^^^^^^^^^^^^^^^^^^^^^^^^^^^^^^^^^^^^^^^^^^^^^^^
  6 | import { getAllSkills } from "@/lib/skills";
  7 | import { isValidLocale, type Locale } from "@/i18n/config";
  8 | import { getDictionary } from "@/i18n/get-dictionary";

Import map: aliased to relative './src/components/CrtTerminal' inside of [project]/Desktop/I-Product/skillhub

https://nextjs.org/docs/messages/module-not-found @ http://localhost:3000/_next/static/chunks/c2fc1_next_dist_03d21e83._.js:3127
[   76638ms] [ERROR] ./Desktop/I-Product/skillhub/src/app/[locale]/page.tsx:5:1
Module not found: Can't resolve '@/components/CrtTerminal'
  3 | import SkillGrid from "@/components/SkillGrid";
  4 | import RetroComputer from "@/components/RetroComputer";
> 5 | import CrtTerminal from "@/components/CrtTerminal";
    | ^^^^^^^^^^^^^^^^^^^^^^^^^^^^^^^^^^^^^^^^^^^^^^^^^^^
  6 | import { getAllSkills } from "@/lib/skills";
  7 | import { isValidLocale, type Locale } from "@/i18n/config";
  8 | import { getDictionary } from "@/i18n/get-dictionary";

Import map: aliased to relative './src/components/CrtTerminal' inside of [project]/Desktop/I-Product/skillhub

https://nextjs.org/docs/messages/module-not-found @ http://localhost:3000/_next/static/chunks/c2fc1_next_dist_03d21e83._.js:3127
[   76688ms] [ERROR] ./Desktop/I-Product/skillhub/src/app/[locale]/page.tsx:5:1
Module not found: Can't resolve '@/components/CrtTerminal'
  3 | import SkillGrid from "@/components/SkillGrid";
  4 | import RetroComputer from "@/components/RetroComputer";
> 5 | import CrtTerminal from "@/components/CrtTerminal";
    | ^^^^^^^^^^^^^^^^^^^^^^^^^^^^^^^^^^^^^^^^^^^^^^^^^^^
  6 | import { getAllSkills } from "@/lib/skills";
  7 | import { isValidLocale, type Locale } from "@/i18n/config";
  8 | import { getDictionary } from "@/i18n/get-dictionary";

Import map: aliased to relative './src/components/CrtTerminal' inside of [project]/Desktop/I-Product/skillhub

https://nextjs.org/docs/messages/module-not-found @ http://localhost:3000/_next/static/chunks/c2fc1_next_dist_03d21e83._.js:3127
[   76737ms] [ERROR] ./Desktop/I-Product/skillhub/src/app/[locale]/page.tsx:5:1
Module not found: Can't resolve '@/components/CrtTerminal'
  3 | import SkillGrid from "@/components/SkillGrid";
  4 | import RetroComputer from "@/components/RetroComputer";
> 5 | import CrtTerminal from "@/components/CrtTerminal";
    | ^^^^^^^^^^^^^^^^^^^^^^^^^^^^^^^^^^^^^^^^^^^^^^^^^^^
  6 | import { getAllSkills } from "@/lib/skills";
  7 | import { isValidLocale, type Locale } from "@/i18n/config";
  8 | import { getDictionary } from "@/i18n/get-dictionary";

Import map: aliased to relative './src/components/CrtTerminal' inside of [project]/Desktop/I-Product/skillhub

https://nextjs.org/docs/messages/module-not-found @ http://localhost:3000/_next/static/chunks/c2fc1_next_dist_03d21e83._.js:3127
[   76794ms] [ERROR] ./Desktop/I-Product/skillhub/src/app/[locale]/page.tsx:5:1
Module not found: Can't resolve '@/components/CrtTerminal'
  3 | import SkillGrid from "@/components/SkillGrid";
  4 | import RetroComputer from "@/components/RetroComputer";
> 5 | import CrtTerminal from "@/components/CrtTerminal";
    | ^^^^^^^^^^^^^^^^^^^^^^^^^^^^^^^^^^^^^^^^^^^^^^^^^^^
  6 | import { getAllSkills } from "@/lib/skills";
  7 | import { isValidLocale, type Locale } from "@/i18n/config";
  8 | import { getDictionary } from "@/i18n/get-dictionary";

Import map: aliased to relative './src/components/CrtTerminal' inside of [project]/Desktop/I-Product/skillhub

https://nextjs.org/docs/messages/module-not-found @ http://localhost:3000/_next/static/chunks/c2fc1_next_dist_03d21e83._.js:3127
[   76844ms] [ERROR] ./Desktop/I-Product/skillhub/src/app/[locale]/page.tsx:5:1
Module not found: Can't resolve '@/components/CrtTerminal'
  3 | import SkillGrid from "@/components/SkillGrid";
  4 | import RetroComputer from "@/components/RetroComputer";
> 5 | import CrtTerminal from "@/components/CrtTerminal";
    | ^^^^^^^^^^^^^^^^^^^^^^^^^^^^^^^^^^^^^^^^^^^^^^^^^^^
  6 | import { getAllSkills } from "@/lib/skills";
  7 | import { isValidLocale, type Locale } from "@/i18n/config";
  8 | import { getDictionary } from "@/i18n/get-dictionary";

Import map: aliased to relative './src/components/CrtTerminal' inside of [project]/Desktop/I-Product/skillhub

https://nextjs.org/docs/messages/module-not-found @ http://localhost:3000/_next/static/chunks/c2fc1_next_dist_03d21e83._.js:3127
[   76892ms] [ERROR] ./Desktop/I-Product/skillhub/src/app/[locale]/page.tsx:5:1
Module not found: Can't resolve '@/components/CrtTerminal'
  3 | import SkillGrid from "@/components/SkillGrid";
  4 | import RetroComputer from "@/components/RetroComputer";
> 5 | import CrtTerminal from "@/components/CrtTerminal";
    | ^^^^^^^^^^^^^^^^^^^^^^^^^^^^^^^^^^^^^^^^^^^^^^^^^^^
  6 | import { getAllSkills } from "@/lib/skills";
  7 | import { isValidLocale, type Locale } from "@/i18n/config";
  8 | import { getDictionary } from "@/i18n/get-dictionary";

Import map: aliased to relative './src/components/CrtTerminal' inside of [project]/Desktop/I-Product/skillhub

https://nextjs.org/docs/messages/module-not-found @ http://localhost:3000/_next/static/chunks/c2fc1_next_dist_03d21e83._.js:3127
[   76942ms] [ERROR] ./Desktop/I-Product/skillhub/src/app/[locale]/page.tsx:5:1
Module not found: Can't resolve '@/components/CrtTerminal'
  3 | import SkillGrid from "@/components/SkillGrid";
  4 | import RetroComputer from "@/components/RetroComputer";
> 5 | import CrtTerminal from "@/components/CrtTerminal";
    | ^^^^^^^^^^^^^^^^^^^^^^^^^^^^^^^^^^^^^^^^^^^^^^^^^^^
  6 | import { getAllSkills } from "@/lib/skills";
  7 | import { isValidLocale, type Locale } from "@/i18n/config";
  8 | import { getDictionary } from "@/i18n/get-dictionary";

Import map: aliased to relative './src/components/CrtTerminal' inside of [project]/Desktop/I-Product/skillhub

https://nextjs.org/docs/messages/module-not-found @ http://localhost:3000/_next/static/chunks/c2fc1_next_dist_03d21e83._.js:3127
[   76990ms] [ERROR] ./Desktop/I-Product/skillhub/src/app/[locale]/page.tsx:5:1
Module not found: Can't resolve '@/components/CrtTerminal'
  3 | import SkillGrid from "@/components/SkillGrid";
  4 | import RetroComputer from "@/components/RetroComputer";
> 5 | import CrtTerminal from "@/components/CrtTerminal";
    | ^^^^^^^^^^^^^^^^^^^^^^^^^^^^^^^^^^^^^^^^^^^^^^^^^^^
  6 | import { getAllSkills } from "@/lib/skills";
  7 | import { isValidLocale, type Locale } from "@/i18n/config";
  8 | import { getDictionary } from "@/i18n/get-dictionary";

Import map: aliased to relative './src/components/CrtTerminal' inside of [project]/Desktop/I-Product/skillhub

https://nextjs.org/docs/messages/module-not-found @ http://localhost:3000/_next/static/chunks/c2fc1_next_dist_03d21e83._.js:3127
[   77039ms] [ERROR] ./Desktop/I-Product/skillhub/src/app/[locale]/page.tsx:5:1
Module not found: Can't resolve '@/components/CrtTerminal'
  3 | import SkillGrid from "@/components/SkillGrid";
  4 | import RetroComputer from "@/components/RetroComputer";
> 5 | import CrtTerminal from "@/components/CrtTerminal";
    | ^^^^^^^^^^^^^^^^^^^^^^^^^^^^^^^^^^^^^^^^^^^^^^^^^^^
  6 | import { getAllSkills } from "@/lib/skills";
  7 | import { isValidLocale, type Locale } from "@/i18n/config";
  8 | import { getDictionary } from "@/i18n/get-dictionary";

Import map: aliased to relative './src/components/CrtTerminal' inside of [project]/Desktop/I-Product/skillhub

https://nextjs.org/docs/messages/module-not-found @ http://localhost:3000/_next/static/chunks/c2fc1_next_dist_03d21e83._.js:3127
[   77090ms] [ERROR] ./Desktop/I-Product/skillhub/src/app/[locale]/page.tsx:5:1
Module not found: Can't resolve '@/components/CrtTerminal'
  3 | import SkillGrid from "@/components/SkillGrid";
  4 | import RetroComputer from "@/components/RetroComputer";
> 5 | import CrtTerminal from "@/components/CrtTerminal";
    | ^^^^^^^^^^^^^^^^^^^^^^^^^^^^^^^^^^^^^^^^^^^^^^^^^^^
  6 | import { getAllSkills } from "@/lib/skills";
  7 | import { isValidLocale, type Locale } from "@/i18n/config";
  8 | import { getDictionary } from "@/i18n/get-dictionary";

Import map: aliased to relative './src/components/CrtTerminal' inside of [project]/Desktop/I-Product/skillhub

https://nextjs.org/docs/messages/module-not-found @ http://localhost:3000/_next/static/chunks/c2fc1_next_dist_03d21e83._.js:3127
[   77144ms] [ERROR] ./Desktop/I-Product/skillhub/src/app/[locale]/page.tsx:5:1
Module not found: Can't resolve '@/components/CrtTerminal'
  3 | import SkillGrid from "@/components/SkillGrid";
  4 | import RetroComputer from "@/components/RetroComputer";
> 5 | import CrtTerminal from "@/components/CrtTerminal";
    | ^^^^^^^^^^^^^^^^^^^^^^^^^^^^^^^^^^^^^^^^^^^^^^^^^^^
  6 | import { getAllSkills } from "@/lib/skills";
  7 | import { isValidLocale, type Locale } from "@/i18n/config";
  8 | import { getDictionary } from "@/i18n/get-dictionary";

Import map: aliased to relative './src/components/CrtTerminal' inside of [project]/Desktop/I-Product/skillhub

https://nextjs.org/docs/messages/module-not-found @ http://localhost:3000/_next/static/chunks/c2fc1_next_dist_03d21e83._.js:3127
[   77192ms] [ERROR] ./Desktop/I-Product/skillhub/src/app/[locale]/page.tsx:5:1
Module not found: Can't resolve '@/components/CrtTerminal'
  3 | import SkillGrid from "@/components/SkillGrid";
  4 | import RetroComputer from "@/components/RetroComputer";
> 5 | import CrtTerminal from "@/components/CrtTerminal";
    | ^^^^^^^^^^^^^^^^^^^^^^^^^^^^^^^^^^^^^^^^^^^^^^^^^^^
  6 | import { getAllSkills } from "@/lib/skills";
  7 | import { isValidLocale, type Locale } from "@/i18n/config";
  8 | import { getDictionary } from "@/i18n/get-dictionary";

Import map: aliased to relative './src/components/CrtTerminal' inside of [project]/Desktop/I-Product/skillhub

https://nextjs.org/docs/messages/module-not-found @ http://localhost:3000/_next/static/chunks/c2fc1_next_dist_03d21e83._.js:3127
[   77242ms] [ERROR] ./Desktop/I-Product/skillhub/src/app/[locale]/page.tsx:5:1
Module not found: Can't resolve '@/components/CrtTerminal'
  3 | import SkillGrid from "@/components/SkillGrid";
  4 | import RetroComputer from "@/components/RetroComputer";
> 5 | import CrtTerminal from "@/components/CrtTerminal";
    | ^^^^^^^^^^^^^^^^^^^^^^^^^^^^^^^^^^^^^^^^^^^^^^^^^^^
  6 | import { getAllSkills } from "@/lib/skills";
  7 | import { isValidLocale, type Locale } from "@/i18n/config";
  8 | import { getDictionary } from "@/i18n/get-dictionary";

Import map: aliased to relative './src/components/CrtTerminal' inside of [project]/Desktop/I-Product/skillhub

https://nextjs.org/docs/messages/module-not-found @ http://localhost:3000/_next/static/chunks/c2fc1_next_dist_03d21e83._.js:3127
[   77290ms] [ERROR] ./Desktop/I-Product/skillhub/src/app/[locale]/page.tsx:5:1
Module not found: Can't resolve '@/components/CrtTerminal'
  3 | import SkillGrid from "@/components/SkillGrid";
  4 | import RetroComputer from "@/components/RetroComputer";
> 5 | import CrtTerminal from "@/components/CrtTerminal";
    | ^^^^^^^^^^^^^^^^^^^^^^^^^^^^^^^^^^^^^^^^^^^^^^^^^^^
  6 | import { getAllSkills } from "@/lib/skills";
  7 | import { isValidLocale, type Locale } from "@/i18n/config";
  8 | import { getDictionary } from "@/i18n/get-dictionary";

Import map: aliased to relative './src/components/CrtTerminal' inside of [project]/Desktop/I-Product/skillhub

https://nextjs.org/docs/messages/module-not-found @ http://localhost:3000/_next/static/chunks/c2fc1_next_dist_03d21e83._.js:3127
[   77338ms] [ERROR] ./Desktop/I-Product/skillhub/src/app/[locale]/page.tsx:5:1
Module not found: Can't resolve '@/components/CrtTerminal'
  3 | import SkillGrid from "@/components/SkillGrid";
  4 | import RetroComputer from "@/components/RetroComputer";
> 5 | import CrtTerminal from "@/components/CrtTerminal";
    | ^^^^^^^^^^^^^^^^^^^^^^^^^^^^^^^^^^^^^^^^^^^^^^^^^^^
  6 | import { getAllSkills } from "@/lib/skills";
  7 | import { isValidLocale, type Locale } from "@/i18n/config";
  8 | import { getDictionary } from "@/i18n/get-dictionary";

Import map: aliased to relative './src/components/CrtTerminal' inside of [project]/Desktop/I-Product/skillhub

https://nextjs.org/docs/messages/module-not-found @ http://localhost:3000/_next/static/chunks/c2fc1_next_dist_03d21e83._.js:3127
[   77387ms] [ERROR] ./Desktop/I-Product/skillhub/src/app/[locale]/page.tsx:5:1
Module not found: Can't resolve '@/components/CrtTerminal'
  3 | import SkillGrid from "@/components/SkillGrid";
  4 | import RetroComputer from "@/components/RetroComputer";
> 5 | import CrtTerminal from "@/components/CrtTerminal";
    | ^^^^^^^^^^^^^^^^^^^^^^^^^^^^^^^^^^^^^^^^^^^^^^^^^^^
  6 | import { getAllSkills } from "@/lib/skills";
  7 | import { isValidLocale, type Locale } from "@/i18n/config";
  8 | import { getDictionary } from "@/i18n/get-dictionary";

Import map: aliased to relative './src/components/CrtTerminal' inside of [project]/Desktop/I-Product/skillhub

https://nextjs.org/docs/messages/module-not-found @ http://localhost:3000/_next/static/chunks/c2fc1_next_dist_03d21e83._.js:3127
[   77436ms] [ERROR] ./Desktop/I-Product/skillhub/src/app/[locale]/page.tsx:5:1
Module not found: Can't resolve '@/components/CrtTerminal'
  3 | import SkillGrid from "@/components/SkillGrid";
  4 | import RetroComputer from "@/components/RetroComputer";
> 5 | import CrtTerminal from "@/components/CrtTerminal";
    | ^^^^^^^^^^^^^^^^^^^^^^^^^^^^^^^^^^^^^^^^^^^^^^^^^^^
  6 | import { getAllSkills } from "@/lib/skills";
  7 | import { isValidLocale, type Locale } from "@/i18n/config";
  8 | import { getDictionary } from "@/i18n/get-dictionary";

Import map: aliased to relative './src/components/CrtTerminal' inside of [project]/Desktop/I-Product/skillhub

https://nextjs.org/docs/messages/module-not-found @ http://localhost:3000/_next/static/chunks/c2fc1_next_dist_03d21e83._.js:3127
[   77486ms] [ERROR] ./Desktop/I-Product/skillhub/src/app/[locale]/page.tsx:5:1
Module not found: Can't resolve '@/components/CrtTerminal'
  3 | import SkillGrid from "@/components/SkillGrid";
  4 | import RetroComputer from "@/components/RetroComputer";
> 5 | import CrtTerminal from "@/components/CrtTerminal";
    | ^^^^^^^^^^^^^^^^^^^^^^^^^^^^^^^^^^^^^^^^^^^^^^^^^^^
  6 | import { getAllSkills } from "@/lib/skills";
  7 | import { isValidLocale, type Locale } from "@/i18n/config";
  8 | import { getDictionary } from "@/i18n/get-dictionary";

Import map: aliased to relative './src/components/CrtTerminal' inside of [project]/Desktop/I-Product/skillhub

https://nextjs.org/docs/messages/module-not-found @ http://localhost:3000/_next/static/chunks/c2fc1_next_dist_03d21e83._.js:3127
[   77535ms] [ERROR] ./Desktop/I-Product/skillhub/src/app/[locale]/page.tsx:5:1
Module not found: Can't resolve '@/components/CrtTerminal'
  3 | import SkillGrid from "@/components/SkillGrid";
  4 | import RetroComputer from "@/components/RetroComputer";
> 5 | import CrtTerminal from "@/components/CrtTerminal";
    | ^^^^^^^^^^^^^^^^^^^^^^^^^^^^^^^^^^^^^^^^^^^^^^^^^^^
  6 | import { getAllSkills } from "@/lib/skills";
  7 | import { isValidLocale, type Locale } from "@/i18n/config";
  8 | import { getDictionary } from "@/i18n/get-dictionary";

Import map: aliased to relative './src/components/CrtTerminal' inside of [project]/Desktop/I-Product/skillhub

https://nextjs.org/docs/messages/module-not-found @ http://localhost:3000/_next/static/chunks/c2fc1_next_dist_03d21e83._.js:3127
[   77584ms] [ERROR] ./Desktop/I-Product/skillhub/src/app/[locale]/page.tsx:5:1
Module not found: Can't resolve '@/components/CrtTerminal'
  3 | import SkillGrid from "@/components/SkillGrid";
  4 | import RetroComputer from "@/components/RetroComputer";
> 5 | import CrtTerminal from "@/components/CrtTerminal";
    | ^^^^^^^^^^^^^^^^^^^^^^^^^^^^^^^^^^^^^^^^^^^^^^^^^^^
  6 | import { getAllSkills } from "@/lib/skills";
  7 | import { isValidLocale, type Locale } from "@/i18n/config";
  8 | import { getDictionary } from "@/i18n/get-dictionary";

Import map: aliased to relative './src/components/CrtTerminal' inside of [project]/Desktop/I-Product/skillhub

https://nextjs.org/docs/messages/module-not-found @ http://localhost:3000/_next/static/chunks/c2fc1_next_dist_03d21e83._.js:3127
[   77633ms] [ERROR] ./Desktop/I-Product/skillhub/src/app/[locale]/page.tsx:5:1
Module not found: Can't resolve '@/components/CrtTerminal'
  3 | import SkillGrid from "@/components/SkillGrid";
  4 | import RetroComputer from "@/components/RetroComputer";
> 5 | import CrtTerminal from "@/components/CrtTerminal";
    | ^^^^^^^^^^^^^^^^^^^^^^^^^^^^^^^^^^^^^^^^^^^^^^^^^^^
  6 | import { getAllSkills } from "@/lib/skills";
  7 | import { isValidLocale, type Locale } from "@/i18n/config";
  8 | import { getDictionary } from "@/i18n/get-dictionary";

Import map: aliased to relative './src/components/CrtTerminal' inside of [project]/Desktop/I-Product/skillhub

https://nextjs.org/docs/messages/module-not-found @ http://localhost:3000/_next/static/chunks/c2fc1_next_dist_03d21e83._.js:3127
[   77683ms] [ERROR] ./Desktop/I-Product/skillhub/src/app/[locale]/page.tsx:5:1
Module not found: Can't resolve '@/components/CrtTerminal'
  3 | import SkillGrid from "@/components/SkillGrid";
  4 | import RetroComputer from "@/components/RetroComputer";
> 5 | import CrtTerminal from "@/components/CrtTerminal";
    | ^^^^^^^^^^^^^^^^^^^^^^^^^^^^^^^^^^^^^^^^^^^^^^^^^^^
  6 | import { getAllSkills } from "@/lib/skills";
  7 | import { isValidLocale, type Locale } from "@/i18n/config";
  8 | import { getDictionary } from "@/i18n/get-dictionary";

Import map: aliased to relative './src/components/CrtTerminal' inside of [project]/Desktop/I-Product/skillhub

https://nextjs.org/docs/messages/module-not-found @ http://localhost:3000/_next/static/chunks/c2fc1_next_dist_03d21e83._.js:3127
[   77734ms] [ERROR] ./Desktop/I-Product/skillhub/src/app/[locale]/page.tsx:5:1
Module not found: Can't resolve '@/components/CrtTerminal'
  3 | import SkillGrid from "@/components/SkillGrid";
  4 | import RetroComputer from "@/components/RetroComputer";
> 5 | import CrtTerminal from "@/components/CrtTerminal";
    | ^^^^^^^^^^^^^^^^^^^^^^^^^^^^^^^^^^^^^^^^^^^^^^^^^^^
  6 | import { getAllSkills } from "@/lib/skills";
  7 | import { isValidLocale, type Locale } from "@/i18n/config";
  8 | import { getDictionary } from "@/i18n/get-dictionary";

Import map: aliased to relative './src/components/CrtTerminal' inside of [project]/Desktop/I-Product/skillhub

https://nextjs.org/docs/messages/module-not-found @ http://localhost:3000/_next/static/chunks/c2fc1_next_dist_03d21e83._.js:3127
[   77784ms] [ERROR] ./Desktop/I-Product/skillhub/src/app/[locale]/page.tsx:5:1
Module not found: Can't resolve '@/components/CrtTerminal'
  3 | import SkillGrid from "@/components/SkillGrid";
  4 | import RetroComputer from "@/components/RetroComputer";
> 5 | import CrtTerminal from "@/components/CrtTerminal";
    | ^^^^^^^^^^^^^^^^^^^^^^^^^^^^^^^^^^^^^^^^^^^^^^^^^^^
  6 | import { getAllSkills } from "@/lib/skills";
  7 | import { isValidLocale, type Locale } from "@/i18n/config";
  8 | import { getDictionary } from "@/i18n/get-dictionary";

Import map: aliased to relative './src/components/CrtTerminal' inside of [project]/Desktop/I-Product/skillhub

https://nextjs.org/docs/messages/module-not-found @ http://localhost:3000/_next/static/chunks/c2fc1_next_dist_03d21e83._.js:3127
[   77834ms] [ERROR] ./Desktop/I-Product/skillhub/src/app/[locale]/page.tsx:5:1
Module not found: Can't resolve '@/components/CrtTerminal'
  3 | import SkillGrid from "@/components/SkillGrid";
  4 | import RetroComputer from "@/components/RetroComputer";
> 5 | import CrtTerminal from "@/components/CrtTerminal";
    | ^^^^^^^^^^^^^^^^^^^^^^^^^^^^^^^^^^^^^^^^^^^^^^^^^^^
  6 | import { getAllSkills } from "@/lib/skills";
  7 | import { isValidLocale, type Locale } from "@/i18n/config";
  8 | import { getDictionary } from "@/i18n/get-dictionary";

Import map: aliased to relative './src/components/CrtTerminal' inside of [project]/Desktop/I-Product/skillhub

https://nextjs.org/docs/messages/module-not-found @ http://localhost:3000/_next/static/chunks/c2fc1_next_dist_03d21e83._.js:3127
[   77884ms] [ERROR] ./Desktop/I-Product/skillhub/src/app/[locale]/page.tsx:5:1
Module not found: Can't resolve '@/components/CrtTerminal'
  3 | import SkillGrid from "@/components/SkillGrid";
  4 | import RetroComputer from "@/components/RetroComputer";
> 5 | import CrtTerminal from "@/components/CrtTerminal";
    | ^^^^^^^^^^^^^^^^^^^^^^^^^^^^^^^^^^^^^^^^^^^^^^^^^^^
  6 | import { getAllSkills } from "@/lib/skills";
  7 | import { isValidLocale, type Locale } from "@/i18n/config";
  8 | import { getDictionary } from "@/i18n/get-dictionary";

Import map: aliased to relative './src/components/CrtTerminal' inside of [project]/Desktop/I-Product/skillhub

https://nextjs.org/docs/messages/module-not-found @ http://localhost:3000/_next/static/chunks/c2fc1_next_dist_03d21e83._.js:3127
[   77935ms] [ERROR] ./Desktop/I-Product/skillhub/src/app/[locale]/page.tsx:5:1
Module not found: Can't resolve '@/components/CrtTerminal'
  3 | import SkillGrid from "@/components/SkillGrid";
  4 | import RetroComputer from "@/components/RetroComputer";
> 5 | import CrtTerminal from "@/components/CrtTerminal";
    | ^^^^^^^^^^^^^^^^^^^^^^^^^^^^^^^^^^^^^^^^^^^^^^^^^^^
  6 | import { getAllSkills } from "@/lib/skills";
  7 | import { isValidLocale, type Locale } from "@/i18n/config";
  8 | import { getDictionary } from "@/i18n/get-dictionary";

Import map: aliased to relative './src/components/CrtTerminal' inside of [project]/Desktop/I-Product/skillhub

https://nextjs.org/docs/messages/module-not-found @ http://localhost:3000/_next/static/chunks/c2fc1_next_dist_03d21e83._.js:3127
[   77983ms] [ERROR] ./Desktop/I-Product/skillhub/src/app/[locale]/page.tsx:5:1
Module not found: Can't resolve '@/components/CrtTerminal'
  3 | import SkillGrid from "@/components/SkillGrid";
  4 | import RetroComputer from "@/components/RetroComputer";
> 5 | import CrtTerminal from "@/components/CrtTerminal";
    | ^^^^^^^^^^^^^^^^^^^^^^^^^^^^^^^^^^^^^^^^^^^^^^^^^^^
  6 | import { getAllSkills } from "@/lib/skills";
  7 | import { isValidLocale, type Locale } from "@/i18n/config";
  8 | import { getDictionary } from "@/i18n/get-dictionary";

Import map: aliased to relative './src/components/CrtTerminal' inside of [project]/Desktop/I-Product/skillhub

https://nextjs.org/docs/messages/module-not-found @ http://localhost:3000/_next/static/chunks/c2fc1_next_dist_03d21e83._.js:3127
[   78034ms] [ERROR] ./Desktop/I-Product/skillhub/src/app/[locale]/page.tsx:5:1
Module not found: Can't resolve '@/components/CrtTerminal'
  3 | import SkillGrid from "@/components/SkillGrid";
  4 | import RetroComputer from "@/components/RetroComputer";
> 5 | import CrtTerminal from "@/components/CrtTerminal";
    | ^^^^^^^^^^^^^^^^^^^^^^^^^^^^^^^^^^^^^^^^^^^^^^^^^^^
  6 | import { getAllSkills } from "@/lib/skills";
  7 | import { isValidLocale, type Locale } from "@/i18n/config";
  8 | import { getDictionary } from "@/i18n/get-dictionary";

Import map: aliased to relative './src/components/CrtTerminal' inside of [project]/Desktop/I-Product/skillhub

https://nextjs.org/docs/messages/module-not-found @ http://localhost:3000/_next/static/chunks/c2fc1_next_dist_03d21e83._.js:3127
[   78083ms] [ERROR] ./Desktop/I-Product/skillhub/src/app/[locale]/page.tsx:5:1
Module not found: Can't resolve '@/components/CrtTerminal'
  3 | import SkillGrid from "@/components/SkillGrid";
  4 | import RetroComputer from "@/components/RetroComputer";
> 5 | import CrtTerminal from "@/components/CrtTerminal";
    | ^^^^^^^^^^^^^^^^^^^^^^^^^^^^^^^^^^^^^^^^^^^^^^^^^^^
  6 | import { getAllSkills } from "@/lib/skills";
  7 | import { isValidLocale, type Locale } from "@/i18n/config";
  8 | import { getDictionary } from "@/i18n/get-dictionary";

Import map: aliased to relative './src/components/CrtTerminal' inside of [project]/Desktop/I-Product/skillhub

https://nextjs.org/docs/messages/module-not-found @ http://localhost:3000/_next/static/chunks/c2fc1_next_dist_03d21e83._.js:3127
[   78181ms] [ERROR] ./Desktop/I-Product/skillhub/src/app/[locale]/page.tsx:5:1
Module not found: Can't resolve '@/components/CrtTerminal'
  3 | import SkillGrid from "@/components/SkillGrid";
  4 | import RetroComputer from "@/components/RetroComputer";
> 5 | import CrtTerminal from "@/components/CrtTerminal";
    | ^^^^^^^^^^^^^^^^^^^^^^^^^^^^^^^^^^^^^^^^^^^^^^^^^^^
  6 | import { getAllSkills } from "@/lib/skills";
  7 | import { isValidLocale, type Locale } from "@/i18n/config";
  8 | import { getDictionary } from "@/i18n/get-dictionary";

Import map: aliased to relative './src/components/CrtTerminal' inside of [project]/Desktop/I-Product/skillhub

https://nextjs.org/docs/messages/module-not-found @ http://localhost:3000/_next/static/chunks/c2fc1_next_dist_03d21e83._.js:3127
[   78232ms] [ERROR] ./Desktop/I-Product/skillhub/src/app/[locale]/page.tsx:5:1
Module not found: Can't resolve '@/components/CrtTerminal'
  3 | import SkillGrid from "@/components/SkillGrid";
  4 | import RetroComputer from "@/components/RetroComputer";
> 5 | import CrtTerminal from "@/components/CrtTerminal";
    | ^^^^^^^^^^^^^^^^^^^^^^^^^^^^^^^^^^^^^^^^^^^^^^^^^^^
  6 | import { getAllSkills } from "@/lib/skills";
  7 | import { isValidLocale, type Locale } from "@/i18n/config";
  8 | import { getDictionary } from "@/i18n/get-dictionary";

Import map: aliased to relative './src/components/CrtTerminal' inside of [project]/Desktop/I-Product/skillhub

https://nextjs.org/docs/messages/module-not-found @ http://localhost:3000/_next/static/chunks/c2fc1_next_dist_03d21e83._.js:3127
[   78352ms] [ERROR] ./Desktop/I-Product/skillhub/src/app/[locale]/page.tsx:5:1
Module not found: Can't resolve '@/components/CrtTerminal'
  3 | import SkillGrid from "@/components/SkillGrid";
  4 | import RetroComputer from "@/components/RetroComputer";
> 5 | import CrtTerminal from "@/components/CrtTerminal";
    | ^^^^^^^^^^^^^^^^^^^^^^^^^^^^^^^^^^^^^^^^^^^^^^^^^^^
  6 | import { getAllSkills } from "@/lib/skills";
  7 | import { isValidLocale, type Locale } from "@/i18n/config";
  8 | import { getDictionary } from "@/i18n/get-dictionary";

Import map: aliased to relative './src/components/CrtTerminal' inside of [project]/Desktop/I-Product/skillhub

https://nextjs.org/docs/messages/module-not-found @ http://localhost:3000/_next/static/chunks/c2fc1_next_dist_03d21e83._.js:3127
[   78404ms] [ERROR] ./Desktop/I-Product/skillhub/src/app/[locale]/page.tsx:5:1
Module not found: Can't resolve '@/components/CrtTerminal'
  3 | import SkillGrid from "@/components/SkillGrid";
  4 | import RetroComputer from "@/components/RetroComputer";
> 5 | import CrtTerminal from "@/components/CrtTerminal";
    | ^^^^^^^^^^^^^^^^^^^^^^^^^^^^^^^^^^^^^^^^^^^^^^^^^^^
  6 | import { getAllSkills } from "@/lib/skills";
  7 | import { isValidLocale, type Locale } from "@/i18n/config";
  8 | import { getDictionary } from "@/i18n/get-dictionary";

Import map: aliased to relative './src/components/CrtTerminal' inside of [project]/Desktop/I-Product/skillhub

https://nextjs.org/docs/messages/module-not-found @ http://localhost:3000/_next/static/chunks/c2fc1_next_dist_03d21e83._.js:3127
[   78453ms] [ERROR] ./Desktop/I-Product/skillhub/src/app/[locale]/page.tsx:5:1
Module not found: Can't resolve '@/components/CrtTerminal'
  3 | import SkillGrid from "@/components/SkillGrid";
  4 | import RetroComputer from "@/components/RetroComputer";
> 5 | import CrtTerminal from "@/components/CrtTerminal";
    | ^^^^^^^^^^^^^^^^^^^^^^^^^^^^^^^^^^^^^^^^^^^^^^^^^^^
  6 | import { getAllSkills } from "@/lib/skills";
  7 | import { isValidLocale, type Locale } from "@/i18n/config";
  8 | import { getDictionary } from "@/i18n/get-dictionary";

Import map: aliased to relative './src/components/CrtTerminal' inside of [project]/Desktop/I-Product/skillhub

https://nextjs.org/docs/messages/module-not-found @ http://localhost:3000/_next/static/chunks/c2fc1_next_dist_03d21e83._.js:3127
[   78501ms] [ERROR] ./Desktop/I-Product/skillhub/src/app/[locale]/page.tsx:5:1
Module not found: Can't resolve '@/components/CrtTerminal'
  3 | import SkillGrid from "@/components/SkillGrid";
  4 | import RetroComputer from "@/components/RetroComputer";
> 5 | import CrtTerminal from "@/components/CrtTerminal";
    | ^^^^^^^^^^^^^^^^^^^^^^^^^^^^^^^^^^^^^^^^^^^^^^^^^^^
  6 | import { getAllSkills } from "@/lib/skills";
  7 | import { isValidLocale, type Locale } from "@/i18n/config";
  8 | import { getDictionary } from "@/i18n/get-dictionary";

Import map: aliased to relative './src/components/CrtTerminal' inside of [project]/Desktop/I-Product/skillhub

https://nextjs.org/docs/messages/module-not-found @ http://localhost:3000/_next/static/chunks/c2fc1_next_dist_03d21e83._.js:3127
[   78551ms] [ERROR] ./Desktop/I-Product/skillhub/src/app/[locale]/page.tsx:5:1
Module not found: Can't resolve '@/components/CrtTerminal'
  3 | import SkillGrid from "@/components/SkillGrid";
  4 | import RetroComputer from "@/components/RetroComputer";
> 5 | import CrtTerminal from "@/components/CrtTerminal";
    | ^^^^^^^^^^^^^^^^^^^^^^^^^^^^^^^^^^^^^^^^^^^^^^^^^^^
  6 | import { getAllSkills } from "@/lib/skills";
  7 | import { isValidLocale, type Locale } from "@/i18n/config";
  8 | import { getDictionary } from "@/i18n/get-dictionary";

Import map: aliased to relative './src/components/CrtTerminal' inside of [project]/Desktop/I-Product/skillhub

https://nextjs.org/docs/messages/module-not-found @ http://localhost:3000/_next/static/chunks/c2fc1_next_dist_03d21e83._.js:3127
[   78608ms] [ERROR] ./Desktop/I-Product/skillhub/src/app/[locale]/page.tsx:5:1
Module not found: Can't resolve '@/components/CrtTerminal'
  3 | import SkillGrid from "@/components/SkillGrid";
  4 | import RetroComputer from "@/components/RetroComputer";
> 5 | import CrtTerminal from "@/components/CrtTerminal";
    | ^^^^^^^^^^^^^^^^^^^^^^^^^^^^^^^^^^^^^^^^^^^^^^^^^^^
  6 | import { getAllSkills } from "@/lib/skills";
  7 | import { isValidLocale, type Locale } from "@/i18n/config";
  8 | import { getDictionary } from "@/i18n/get-dictionary";

Import map: aliased to relative './src/components/CrtTerminal' inside of [project]/Desktop/I-Product/skillhub

https://nextjs.org/docs/messages/module-not-found @ http://localhost:3000/_next/static/chunks/c2fc1_next_dist_03d21e83._.js:3127
[   78660ms] [ERROR] ./Desktop/I-Product/skillhub/src/app/[locale]/page.tsx:5:1
Module not found: Can't resolve '@/components/CrtTerminal'
  3 | import SkillGrid from "@/components/SkillGrid";
  4 | import RetroComputer from "@/components/RetroComputer";
> 5 | import CrtTerminal from "@/components/CrtTerminal";
    | ^^^^^^^^^^^^^^^^^^^^^^^^^^^^^^^^^^^^^^^^^^^^^^^^^^^
  6 | import { getAllSkills } from "@/lib/skills";
  7 | import { isValidLocale, type Locale } from "@/i18n/config";
  8 | import { getDictionary } from "@/i18n/get-dictionary";

Import map: aliased to relative './src/components/CrtTerminal' inside of [project]/Desktop/I-Product/skillhub

https://nextjs.org/docs/messages/module-not-found @ http://localhost:3000/_next/static/chunks/c2fc1_next_dist_03d21e83._.js:3127
[   78707ms] [ERROR] ./Desktop/I-Product/skillhub/src/app/[locale]/page.tsx:5:1
Module not found: Can't resolve '@/components/CrtTerminal'
  3 | import SkillGrid from "@/components/SkillGrid";
  4 | import RetroComputer from "@/components/RetroComputer";
> 5 | import CrtTerminal from "@/components/CrtTerminal";
    | ^^^^^^^^^^^^^^^^^^^^^^^^^^^^^^^^^^^^^^^^^^^^^^^^^^^
  6 | import { getAllSkills } from "@/lib/skills";
  7 | import { isValidLocale, type Locale } from "@/i18n/config";
  8 | import { getDictionary } from "@/i18n/get-dictionary";

Import map: aliased to relative './src/components/CrtTerminal' inside of [project]/Desktop/I-Product/skillhub

https://nextjs.org/docs/messages/module-not-found @ http://localhost:3000/_next/static/chunks/c2fc1_next_dist_03d21e83._.js:3127
[   78755ms] [ERROR] ./Desktop/I-Product/skillhub/src/app/[locale]/page.tsx:5:1
Module not found: Can't resolve '@/components/CrtTerminal'
  3 | import SkillGrid from "@/components/SkillGrid";
  4 | import RetroComputer from "@/components/RetroComputer";
> 5 | import CrtTerminal from "@/components/CrtTerminal";
    | ^^^^^^^^^^^^^^^^^^^^^^^^^^^^^^^^^^^^^^^^^^^^^^^^^^^
  6 | import { getAllSkills } from "@/lib/skills";
  7 | import { isValidLocale, type Locale } from "@/i18n/config";
  8 | import { getDictionary } from "@/i18n/get-dictionary";

Import map: aliased to relative './src/components/CrtTerminal' inside of [project]/Desktop/I-Product/skillhub

https://nextjs.org/docs/messages/module-not-found @ http://localhost:3000/_next/static/chunks/c2fc1_next_dist_03d21e83._.js:3127
[   78804ms] [ERROR] ./Desktop/I-Product/skillhub/src/app/[locale]/page.tsx:5:1
Module not found: Can't resolve '@/components/CrtTerminal'
  3 | import SkillGrid from "@/components/SkillGrid";
  4 | import RetroComputer from "@/components/RetroComputer";
> 5 | import CrtTerminal from "@/components/CrtTerminal";
    | ^^^^^^^^^^^^^^^^^^^^^^^^^^^^^^^^^^^^^^^^^^^^^^^^^^^
  6 | import { getAllSkills } from "@/lib/skills";
  7 | import { isValidLocale, type Locale } from "@/i18n/config";
  8 | import { getDictionary } from "@/i18n/get-dictionary";

Import map: aliased to relative './src/components/CrtTerminal' inside of [project]/Desktop/I-Product/skillhub

https://nextjs.org/docs/messages/module-not-found @ http://localhost:3000/_next/static/chunks/c2fc1_next_dist_03d21e83._.js:3127
[   78853ms] [ERROR] ./Desktop/I-Product/skillhub/src/app/[locale]/page.tsx:5:1
Module not found: Can't resolve '@/components/CrtTerminal'
  3 | import SkillGrid from "@/components/SkillGrid";
  4 | import RetroComputer from "@/components/RetroComputer";
> 5 | import CrtTerminal from "@/components/CrtTerminal";
    | ^^^^^^^^^^^^^^^^^^^^^^^^^^^^^^^^^^^^^^^^^^^^^^^^^^^
  6 | import { getAllSkills } from "@/lib/skills";
  7 | import { isValidLocale, type Locale } from "@/i18n/config";
  8 | import { getDictionary } from "@/i18n/get-dictionary";

Import map: aliased to relative './src/components/CrtTerminal' inside of [project]/Desktop/I-Product/skillhub

https://nextjs.org/docs/messages/module-not-found @ http://localhost:3000/_next/static/chunks/c2fc1_next_dist_03d21e83._.js:3127
[   78901ms] [ERROR] ./Desktop/I-Product/skillhub/src/app/[locale]/page.tsx:5:1
Module not found: Can't resolve '@/components/CrtTerminal'
  3 | import SkillGrid from "@/components/SkillGrid";
  4 | import RetroComputer from "@/components/RetroComputer";
> 5 | import CrtTerminal from "@/components/CrtTerminal";
    | ^^^^^^^^^^^^^^^^^^^^^^^^^^^^^^^^^^^^^^^^^^^^^^^^^^^
  6 | import { getAllSkills } from "@/lib/skills";
  7 | import { isValidLocale, type Locale } from "@/i18n/config";
  8 | import { getDictionary } from "@/i18n/get-dictionary";

Import map: aliased to relative './src/components/CrtTerminal' inside of [project]/Desktop/I-Product/skillhub

https://nextjs.org/docs/messages/module-not-found @ http://localhost:3000/_next/static/chunks/c2fc1_next_dist_03d21e83._.js:3127
[   78950ms] [ERROR] ./Desktop/I-Product/skillhub/src/app/[locale]/page.tsx:5:1
Module not found: Can't resolve '@/components/CrtTerminal'
  3 | import SkillGrid from "@/components/SkillGrid";
  4 | import RetroComputer from "@/components/RetroComputer";
> 5 | import CrtTerminal from "@/components/CrtTerminal";
    | ^^^^^^^^^^^^^^^^^^^^^^^^^^^^^^^^^^^^^^^^^^^^^^^^^^^
  6 | import { getAllSkills } from "@/lib/skills";
  7 | import { isValidLocale, type Locale } from "@/i18n/config";
  8 | import { getDictionary } from "@/i18n/get-dictionary";

Import map: aliased to relative './src/components/CrtTerminal' inside of [project]/Desktop/I-Product/skillhub

https://nextjs.org/docs/messages/module-not-found @ http://localhost:3000/_next/static/chunks/c2fc1_next_dist_03d21e83._.js:3127
[   79001ms] [ERROR] ./Desktop/I-Product/skillhub/src/app/[locale]/page.tsx:5:1
Module not found: Can't resolve '@/components/CrtTerminal'
  3 | import SkillGrid from "@/components/SkillGrid";
  4 | import RetroComputer from "@/components/RetroComputer";
> 5 | import CrtTerminal from "@/components/CrtTerminal";
    | ^^^^^^^^^^^^^^^^^^^^^^^^^^^^^^^^^^^^^^^^^^^^^^^^^^^
  6 | import { getAllSkills } from "@/lib/skills";
  7 | import { isValidLocale, type Locale } from "@/i18n/config";
  8 | import { getDictionary } from "@/i18n/get-dictionary";

Import map: aliased to relative './src/components/CrtTerminal' inside of [project]/Desktop/I-Product/skillhub

https://nextjs.org/docs/messages/module-not-found @ http://localhost:3000/_next/static/chunks/c2fc1_next_dist_03d21e83._.js:3127
[   79056ms] [ERROR] ./Desktop/I-Product/skillhub/src/app/[locale]/page.tsx:5:1
Module not found: Can't resolve '@/components/CrtTerminal'
  3 | import SkillGrid from "@/components/SkillGrid";
  4 | import RetroComputer from "@/components/RetroComputer";
> 5 | import CrtTerminal from "@/components/CrtTerminal";
    | ^^^^^^^^^^^^^^^^^^^^^^^^^^^^^^^^^^^^^^^^^^^^^^^^^^^
  6 | import { getAllSkills } from "@/lib/skills";
  7 | import { isValidLocale, type Locale } from "@/i18n/config";
  8 | import { getDictionary } from "@/i18n/get-dictionary";

Import map: aliased to relative './src/components/CrtTerminal' inside of [project]/Desktop/I-Product/skillhub

https://nextjs.org/docs/messages/module-not-found @ http://localhost:3000/_next/static/chunks/c2fc1_next_dist_03d21e83._.js:3127
[   79108ms] [ERROR] ./Desktop/I-Product/skillhub/src/app/[locale]/page.tsx:5:1
Module not found: Can't resolve '@/components/CrtTerminal'
  3 | import SkillGrid from "@/components/SkillGrid";
  4 | import RetroComputer from "@/components/RetroComputer";
> 5 | import CrtTerminal from "@/components/CrtTerminal";
    | ^^^^^^^^^^^^^^^^^^^^^^^^^^^^^^^^^^^^^^^^^^^^^^^^^^^
  6 | import { getAllSkills } from "@/lib/skills";
  7 | import { isValidLocale, type Locale } from "@/i18n/config";
  8 | import { getDictionary } from "@/i18n/get-dictionary";

Import map: aliased to relative './src/components/CrtTerminal' inside of [project]/Desktop/I-Product/skillhub

https://nextjs.org/docs/messages/module-not-found @ http://localhost:3000/_next/static/chunks/c2fc1_next_dist_03d21e83._.js:3127
[   79155ms] [ERROR] ./Desktop/I-Product/skillhub/src/app/[locale]/page.tsx:5:1
Module not found: Can't resolve '@/components/CrtTerminal'
  3 | import SkillGrid from "@/components/SkillGrid";
  4 | import RetroComputer from "@/components/RetroComputer";
> 5 | import CrtTerminal from "@/components/CrtTerminal";
    | ^^^^^^^^^^^^^^^^^^^^^^^^^^^^^^^^^^^^^^^^^^^^^^^^^^^
  6 | import { getAllSkills } from "@/lib/skills";
  7 | import { isValidLocale, type Locale } from "@/i18n/config";
  8 | import { getDictionary } from "@/i18n/get-dictionary";

Import map: aliased to relative './src/components/CrtTerminal' inside of [project]/Desktop/I-Product/skillhub

https://nextjs.org/docs/messages/module-not-found @ http://localhost:3000/_next/static/chunks/c2fc1_next_dist_03d21e83._.js:3127
[   79204ms] [ERROR] ./Desktop/I-Product/skillhub/src/app/[locale]/page.tsx:5:1
Module not found: Can't resolve '@/components/CrtTerminal'
  3 | import SkillGrid from "@/components/SkillGrid";
  4 | import RetroComputer from "@/components/RetroComputer";
> 5 | import CrtTerminal from "@/components/CrtTerminal";
    | ^^^^^^^^^^^^^^^^^^^^^^^^^^^^^^^^^^^^^^^^^^^^^^^^^^^
  6 | import { getAllSkills } from "@/lib/skills";
  7 | import { isValidLocale, type Locale } from "@/i18n/config";
  8 | import { getDictionary } from "@/i18n/get-dictionary";

Import map: aliased to relative './src/components/CrtTerminal' inside of [project]/Desktop/I-Product/skillhub

https://nextjs.org/docs/messages/module-not-found @ http://localhost:3000/_next/static/chunks/c2fc1_next_dist_03d21e83._.js:3127
[   79252ms] [ERROR] ./Desktop/I-Product/skillhub/src/app/[locale]/page.tsx:5:1
Module not found: Can't resolve '@/components/CrtTerminal'
  3 | import SkillGrid from "@/components/SkillGrid";
  4 | import RetroComputer from "@/components/RetroComputer";
> 5 | import CrtTerminal from "@/components/CrtTerminal";
    | ^^^^^^^^^^^^^^^^^^^^^^^^^^^^^^^^^^^^^^^^^^^^^^^^^^^
  6 | import { getAllSkills } from "@/lib/skills";
  7 | import { isValidLocale, type Locale } from "@/i18n/config";
  8 | import { getDictionary } from "@/i18n/get-dictionary";

Import map: aliased to relative './src/components/CrtTerminal' inside of [project]/Desktop/I-Product/skillhub

https://nextjs.org/docs/messages/module-not-found @ http://localhost:3000/_next/static/chunks/c2fc1_next_dist_03d21e83._.js:3127
[   79303ms] [ERROR] ./Desktop/I-Product/skillhub/src/app/[locale]/page.tsx:5:1
Module not found: Can't resolve '@/components/CrtTerminal'
  3 | import SkillGrid from "@/components/SkillGrid";
  4 | import RetroComputer from "@/components/RetroComputer";
> 5 | import CrtTerminal from "@/components/CrtTerminal";
    | ^^^^^^^^^^^^^^^^^^^^^^^^^^^^^^^^^^^^^^^^^^^^^^^^^^^
  6 | import { getAllSkills } from "@/lib/skills";
  7 | import { isValidLocale, type Locale } from "@/i18n/config";
  8 | import { getDictionary } from "@/i18n/get-dictionary";

Import map: aliased to relative './src/components/CrtTerminal' inside of [project]/Desktop/I-Product/skillhub

https://nextjs.org/docs/messages/module-not-found @ http://localhost:3000/_next/static/chunks/c2fc1_next_dist_03d21e83._.js:3127
[   79353ms] [ERROR] ./Desktop/I-Product/skillhub/src/app/[locale]/page.tsx:5:1
Module not found: Can't resolve '@/components/CrtTerminal'
  3 | import SkillGrid from "@/components/SkillGrid";
  4 | import RetroComputer from "@/components/RetroComputer";
> 5 | import CrtTerminal from "@/components/CrtTerminal";
    | ^^^^^^^^^^^^^^^^^^^^^^^^^^^^^^^^^^^^^^^^^^^^^^^^^^^
  6 | import { getAllSkills } from "@/lib/skills";
  7 | import { isValidLocale, type Locale } from "@/i18n/config";
  8 | import { getDictionary } from "@/i18n/get-dictionary";

Import map: aliased to relative './src/components/CrtTerminal' inside of [project]/Desktop/I-Product/skillhub

https://nextjs.org/docs/messages/module-not-found @ http://localhost:3000/_next/static/chunks/c2fc1_next_dist_03d21e83._.js:3127
[   79404ms] [ERROR] ./Desktop/I-Product/skillhub/src/app/[locale]/page.tsx:5:1
Module not found: Can't resolve '@/components/CrtTerminal'
  3 | import SkillGrid from "@/components/SkillGrid";
  4 | import RetroComputer from "@/components/RetroComputer";
> 5 | import CrtTerminal from "@/components/CrtTerminal";
    | ^^^^^^^^^^^^^^^^^^^^^^^^^^^^^^^^^^^^^^^^^^^^^^^^^^^
  6 | import { getAllSkills } from "@/lib/skills";
  7 | import { isValidLocale, type Locale } from "@/i18n/config";
  8 | import { getDictionary } from "@/i18n/get-dictionary";

Import map: aliased to relative './src/components/CrtTerminal' inside of [project]/Desktop/I-Product/skillhub

https://nextjs.org/docs/messages/module-not-found @ http://localhost:3000/_next/static/chunks/c2fc1_next_dist_03d21e83._.js:3127
[   79457ms] [ERROR] ./Desktop/I-Product/skillhub/src/app/[locale]/page.tsx:5:1
Module not found: Can't resolve '@/components/CrtTerminal'
  3 | import SkillGrid from "@/components/SkillGrid";
  4 | import RetroComputer from "@/components/RetroComputer";
> 5 | import CrtTerminal from "@/components/CrtTerminal";
    | ^^^^^^^^^^^^^^^^^^^^^^^^^^^^^^^^^^^^^^^^^^^^^^^^^^^
  6 | import { getAllSkills } from "@/lib/skills";
  7 | import { isValidLocale, type Locale } from "@/i18n/config";
  8 | import { getDictionary } from "@/i18n/get-dictionary";

Import map: aliased to relative './src/components/CrtTerminal' inside of [project]/Desktop/I-Product/skillhub

https://nextjs.org/docs/messages/module-not-found @ http://localhost:3000/_next/static/chunks/c2fc1_next_dist_03d21e83._.js:3127
[   79523ms] [ERROR] ./Desktop/I-Product/skillhub/src/app/[locale]/page.tsx:5:1
Module not found: Can't resolve '@/components/CrtTerminal'
  3 | import SkillGrid from "@/components/SkillGrid";
  4 | import RetroComputer from "@/components/RetroComputer";
> 5 | import CrtTerminal from "@/components/CrtTerminal";
    | ^^^^^^^^^^^^^^^^^^^^^^^^^^^^^^^^^^^^^^^^^^^^^^^^^^^
  6 | import { getAllSkills } from "@/lib/skills";
  7 | import { isValidLocale, type Locale } from "@/i18n/config";
  8 | import { getDictionary } from "@/i18n/get-dictionary";

Import map: aliased to relative './src/components/CrtTerminal' inside of [project]/Desktop/I-Product/skillhub

https://nextjs.org/docs/messages/module-not-found @ http://localhost:3000/_next/static/chunks/c2fc1_next_dist_03d21e83._.js:3127
[   79572ms] [ERROR] ./Desktop/I-Product/skillhub/src/app/[locale]/page.tsx:5:1
Module not found: Can't resolve '@/components/CrtTerminal'
  3 | import SkillGrid from "@/components/SkillGrid";
  4 | import RetroComputer from "@/components/RetroComputer";
> 5 | import CrtTerminal from "@/components/CrtTerminal";
    | ^^^^^^^^^^^^^^^^^^^^^^^^^^^^^^^^^^^^^^^^^^^^^^^^^^^
  6 | import { getAllSkills } from "@/lib/skills";
  7 | import { isValidLocale, type Locale } from "@/i18n/config";
  8 | import { getDictionary } from "@/i18n/get-dictionary";

Import map: aliased to relative './src/components/CrtTerminal' inside of [project]/Desktop/I-Product/skillhub

https://nextjs.org/docs/messages/module-not-found @ http://localhost:3000/_next/static/chunks/c2fc1_next_dist_03d21e83._.js:3127
[   79621ms] [ERROR] ./Desktop/I-Product/skillhub/src/app/[locale]/page.tsx:5:1
Module not found: Can't resolve '@/components/CrtTerminal'
  3 | import SkillGrid from "@/components/SkillGrid";
  4 | import RetroComputer from "@/components/RetroComputer";
> 5 | import CrtTerminal from "@/components/CrtTerminal";
    | ^^^^^^^^^^^^^^^^^^^^^^^^^^^^^^^^^^^^^^^^^^^^^^^^^^^
  6 | import { getAllSkills } from "@/lib/skills";
  7 | import { isValidLocale, type Locale } from "@/i18n/config";
  8 | import { getDictionary } from "@/i18n/get-dictionary";

Import map: aliased to relative './src/components/CrtTerminal' inside of [project]/Desktop/I-Product/skillhub

https://nextjs.org/docs/messages/module-not-found @ http://localhost:3000/_next/static/chunks/c2fc1_next_dist_03d21e83._.js:3127
[   79670ms] [ERROR] ./Desktop/I-Product/skillhub/src/app/[locale]/page.tsx:5:1
Module not found: Can't resolve '@/components/CrtTerminal'
  3 | import SkillGrid from "@/components/SkillGrid";
  4 | import RetroComputer from "@/components/RetroComputer";
> 5 | import CrtTerminal from "@/components/CrtTerminal";
    | ^^^^^^^^^^^^^^^^^^^^^^^^^^^^^^^^^^^^^^^^^^^^^^^^^^^
  6 | import { getAllSkills } from "@/lib/skills";
  7 | import { isValidLocale, type Locale } from "@/i18n/config";
  8 | import { getDictionary } from "@/i18n/get-dictionary";

Import map: aliased to relative './src/components/CrtTerminal' inside of [project]/Desktop/I-Product/skillhub

https://nextjs.org/docs/messages/module-not-found @ http://localhost:3000/_next/static/chunks/c2fc1_next_dist_03d21e83._.js:3127
[   79720ms] [ERROR] ./Desktop/I-Product/skillhub/src/app/[locale]/page.tsx:5:1
Module not found: Can't resolve '@/components/CrtTerminal'
  3 | import SkillGrid from "@/components/SkillGrid";
  4 | import RetroComputer from "@/components/RetroComputer";
> 5 | import CrtTerminal from "@/components/CrtTerminal";
    | ^^^^^^^^^^^^^^^^^^^^^^^^^^^^^^^^^^^^^^^^^^^^^^^^^^^
  6 | import { getAllSkills } from "@/lib/skills";
  7 | import { isValidLocale, type Locale } from "@/i18n/config";
  8 | import { getDictionary } from "@/i18n/get-dictionary";

Import map: aliased to relative './src/components/CrtTerminal' inside of [project]/Desktop/I-Product/skillhub

https://nextjs.org/docs/messages/module-not-found @ http://localhost:3000/_next/static/chunks/c2fc1_next_dist_03d21e83._.js:3127
[   79770ms] [ERROR] ./Desktop/I-Product/skillhub/src/app/[locale]/page.tsx:5:1
Module not found: Can't resolve '@/components/CrtTerminal'
  3 | import SkillGrid from "@/components/SkillGrid";
  4 | import RetroComputer from "@/components/RetroComputer";
> 5 | import CrtTerminal from "@/components/CrtTerminal";
    | ^^^^^^^^^^^^^^^^^^^^^^^^^^^^^^^^^^^^^^^^^^^^^^^^^^^
  6 | import { getAllSkills } from "@/lib/skills";
  7 | import { isValidLocale, type Locale } from "@/i18n/config";
  8 | import { getDictionary } from "@/i18n/get-dictionary";

Import map: aliased to relative './src/components/CrtTerminal' inside of [project]/Desktop/I-Product/skillhub

https://nextjs.org/docs/messages/module-not-found @ http://localhost:3000/_next/static/chunks/c2fc1_next_dist_03d21e83._.js:3127
[   79820ms] [ERROR] ./Desktop/I-Product/skillhub/src/app/[locale]/page.tsx:5:1
Module not found: Can't resolve '@/components/CrtTerminal'
  3 | import SkillGrid from "@/components/SkillGrid";
  4 | import RetroComputer from "@/components/RetroComputer";
> 5 | import CrtTerminal from "@/components/CrtTerminal";
    | ^^^^^^^^^^^^^^^^^^^^^^^^^^^^^^^^^^^^^^^^^^^^^^^^^^^
  6 | import { getAllSkills } from "@/lib/skills";
  7 | import { isValidLocale, type Locale } from "@/i18n/config";
  8 | import { getDictionary } from "@/i18n/get-dictionary";

Import map: aliased to relative './src/components/CrtTerminal' inside of [project]/Desktop/I-Product/skillhub

https://nextjs.org/docs/messages/module-not-found @ http://localhost:3000/_next/static/chunks/c2fc1_next_dist_03d21e83._.js:3127
[   79869ms] [ERROR] ./Desktop/I-Product/skillhub/src/app/[locale]/page.tsx:5:1
Module not found: Can't resolve '@/components/CrtTerminal'
  3 | import SkillGrid from "@/components/SkillGrid";
  4 | import RetroComputer from "@/components/RetroComputer";
> 5 | import CrtTerminal from "@/components/CrtTerminal";
    | ^^^^^^^^^^^^^^^^^^^^^^^^^^^^^^^^^^^^^^^^^^^^^^^^^^^
  6 | import { getAllSkills } from "@/lib/skills";
  7 | import { isValidLocale, type Locale } from "@/i18n/config";
  8 | import { getDictionary } from "@/i18n/get-dictionary";

Import map: aliased to relative './src/components/CrtTerminal' inside of [project]/Desktop/I-Product/skillhub

https://nextjs.org/docs/messages/module-not-found @ http://localhost:3000/_next/static/chunks/c2fc1_next_dist_03d21e83._.js:3127
[   79919ms] [ERROR] ./Desktop/I-Product/skillhub/src/app/[locale]/page.tsx:5:1
Module not found: Can't resolve '@/components/CrtTerminal'
  3 | import SkillGrid from "@/components/SkillGrid";
  4 | import RetroComputer from "@/components/RetroComputer";
> 5 | import CrtTerminal from "@/components/CrtTerminal";
    | ^^^^^^^^^^^^^^^^^^^^^^^^^^^^^^^^^^^^^^^^^^^^^^^^^^^
  6 | import { getAllSkills } from "@/lib/skills";
  7 | import { isValidLocale, type Locale } from "@/i18n/config";
  8 | import { getDictionary } from "@/i18n/get-dictionary";

Import map: aliased to relative './src/components/CrtTerminal' inside of [project]/Desktop/I-Product/skillhub

https://nextjs.org/docs/messages/module-not-found @ http://localhost:3000/_next/static/chunks/c2fc1_next_dist_03d21e83._.js:3127
[   79968ms] [ERROR] ./Desktop/I-Product/skillhub/src/app/[locale]/page.tsx:5:1
Module not found: Can't resolve '@/components/CrtTerminal'
  3 | import SkillGrid from "@/components/SkillGrid";
  4 | import RetroComputer from "@/components/RetroComputer";
> 5 | import CrtTerminal from "@/components/CrtTerminal";
    | ^^^^^^^^^^^^^^^^^^^^^^^^^^^^^^^^^^^^^^^^^^^^^^^^^^^
  6 | import { getAllSkills } from "@/lib/skills";
  7 | import { isValidLocale, type Locale } from "@/i18n/config";
  8 | import { getDictionary } from "@/i18n/get-dictionary";

Import map: aliased to relative './src/components/CrtTerminal' inside of [project]/Desktop/I-Product/skillhub

https://nextjs.org/docs/messages/module-not-found @ http://localhost:3000/_next/static/chunks/c2fc1_next_dist_03d21e83._.js:3127
[   80017ms] [ERROR] ./Desktop/I-Product/skillhub/src/app/[locale]/page.tsx:5:1
Module not found: Can't resolve '@/components/CrtTerminal'
  3 | import SkillGrid from "@/components/SkillGrid";
  4 | import RetroComputer from "@/components/RetroComputer";
> 5 | import CrtTerminal from "@/components/CrtTerminal";
    | ^^^^^^^^^^^^^^^^^^^^^^^^^^^^^^^^^^^^^^^^^^^^^^^^^^^
  6 | import { getAllSkills } from "@/lib/skills";
  7 | import { isValidLocale, type Locale } from "@/i18n/config";
  8 | import { getDictionary } from "@/i18n/get-dictionary";

Import map: aliased to relative './src/components/CrtTerminal' inside of [project]/Desktop/I-Product/skillhub

https://nextjs.org/docs/messages/module-not-found @ http://localhost:3000/_next/static/chunks/c2fc1_next_dist_03d21e83._.js:3127
[   80066ms] [ERROR] ./Desktop/I-Product/skillhub/src/app/[locale]/page.tsx:5:1
Module not found: Can't resolve '@/components/CrtTerminal'
  3 | import SkillGrid from "@/components/SkillGrid";
  4 | import RetroComputer from "@/components/RetroComputer";
> 5 | import CrtTerminal from "@/components/CrtTerminal";
    | ^^^^^^^^^^^^^^^^^^^^^^^^^^^^^^^^^^^^^^^^^^^^^^^^^^^
  6 | import { getAllSkills } from "@/lib/skills";
  7 | import { isValidLocale, type Locale } from "@/i18n/config";
  8 | import { getDictionary } from "@/i18n/get-dictionary";

Import map: aliased to relative './src/components/CrtTerminal' inside of [project]/Desktop/I-Product/skillhub

https://nextjs.org/docs/messages/module-not-found @ http://localhost:3000/_next/static/chunks/c2fc1_next_dist_03d21e83._.js:3127
[   80114ms] [ERROR] ./Desktop/I-Product/skillhub/src/app/[locale]/page.tsx:5:1
Module not found: Can't resolve '@/components/CrtTerminal'
  3 | import SkillGrid from "@/components/SkillGrid";
  4 | import RetroComputer from "@/components/RetroComputer";
> 5 | import CrtTerminal from "@/components/CrtTerminal";
    | ^^^^^^^^^^^^^^^^^^^^^^^^^^^^^^^^^^^^^^^^^^^^^^^^^^^
  6 | import { getAllSkills } from "@/lib/skills";
  7 | import { isValidLocale, type Locale } from "@/i18n/config";
  8 | import { getDictionary } from "@/i18n/get-dictionary";

Import map: aliased to relative './src/components/CrtTerminal' inside of [project]/Desktop/I-Product/skillhub

https://nextjs.org/docs/messages/module-not-found @ http://localhost:3000/_next/static/chunks/c2fc1_next_dist_03d21e83._.js:3127
[   80167ms] [ERROR] ./Desktop/I-Product/skillhub/src/app/[locale]/page.tsx:5:1
Module not found: Can't resolve '@/components/CrtTerminal'
  3 | import SkillGrid from "@/components/SkillGrid";
  4 | import RetroComputer from "@/components/RetroComputer";
> 5 | import CrtTerminal from "@/components/CrtTerminal";
    | ^^^^^^^^^^^^^^^^^^^^^^^^^^^^^^^^^^^^^^^^^^^^^^^^^^^
  6 | import { getAllSkills } from "@/lib/skills";
  7 | import { isValidLocale, type Locale } from "@/i18n/config";
  8 | import { getDictionary } from "@/i18n/get-dictionary";

Import map: aliased to relative './src/components/CrtTerminal' inside of [project]/Desktop/I-Product/skillhub

https://nextjs.org/docs/messages/module-not-found @ http://localhost:3000/_next/static/chunks/c2fc1_next_dist_03d21e83._.js:3127
[   80216ms] [ERROR] ./Desktop/I-Product/skillhub/src/app/[locale]/page.tsx:5:1
Module not found: Can't resolve '@/components/CrtTerminal'
  3 | import SkillGrid from "@/components/SkillGrid";
  4 | import RetroComputer from "@/components/RetroComputer";
> 5 | import CrtTerminal from "@/components/CrtTerminal";
    | ^^^^^^^^^^^^^^^^^^^^^^^^^^^^^^^^^^^^^^^^^^^^^^^^^^^
  6 | import { getAllSkills } from "@/lib/skills";
  7 | import { isValidLocale, type Locale } from "@/i18n/config";
  8 | import { getDictionary } from "@/i18n/get-dictionary";

Import map: aliased to relative './src/components/CrtTerminal' inside of [project]/Desktop/I-Product/skillhub

https://nextjs.org/docs/messages/module-not-found @ http://localhost:3000/_next/static/chunks/c2fc1_next_dist_03d21e83._.js:3127
[   80267ms] [ERROR] ./Desktop/I-Product/skillhub/src/app/[locale]/page.tsx:5:1
Module not found: Can't resolve '@/components/CrtTerminal'
  3 | import SkillGrid from "@/components/SkillGrid";
  4 | import RetroComputer from "@/components/RetroComputer";
> 5 | import CrtTerminal from "@/components/CrtTerminal";
    | ^^^^^^^^^^^^^^^^^^^^^^^^^^^^^^^^^^^^^^^^^^^^^^^^^^^
  6 | import { getAllSkills } from "@/lib/skills";
  7 | import { isValidLocale, type Locale } from "@/i18n/config";
  8 | import { getDictionary } from "@/i18n/get-dictionary";

Import map: aliased to relative './src/components/CrtTerminal' inside of [project]/Desktop/I-Product/skillhub

https://nextjs.org/docs/messages/module-not-found @ http://localhost:3000/_next/static/chunks/c2fc1_next_dist_03d21e83._.js:3127
[   80316ms] [ERROR] ./Desktop/I-Product/skillhub/src/app/[locale]/page.tsx:5:1
Module not found: Can't resolve '@/components/CrtTerminal'
  3 | import SkillGrid from "@/components/SkillGrid";
  4 | import RetroComputer from "@/components/RetroComputer";
> 5 | import CrtTerminal from "@/components/CrtTerminal";
    | ^^^^^^^^^^^^^^^^^^^^^^^^^^^^^^^^^^^^^^^^^^^^^^^^^^^
  6 | import { getAllSkills } from "@/lib/skills";
  7 | import { isValidLocale, type Locale } from "@/i18n/config";
  8 | import { getDictionary } from "@/i18n/get-dictionary";

Import map: aliased to relative './src/components/CrtTerminal' inside of [project]/Desktop/I-Product/skillhub

https://nextjs.org/docs/messages/module-not-found @ http://localhost:3000/_next/static/chunks/c2fc1_next_dist_03d21e83._.js:3127
[   80366ms] [ERROR] ./Desktop/I-Product/skillhub/src/app/[locale]/page.tsx:5:1
Module not found: Can't resolve '@/components/CrtTerminal'
  3 | import SkillGrid from "@/components/SkillGrid";
  4 | import RetroComputer from "@/components/RetroComputer";
> 5 | import CrtTerminal from "@/components/CrtTerminal";
    | ^^^^^^^^^^^^^^^^^^^^^^^^^^^^^^^^^^^^^^^^^^^^^^^^^^^
  6 | import { getAllSkills } from "@/lib/skills";
  7 | import { isValidLocale, type Locale } from "@/i18n/config";
  8 | import { getDictionary } from "@/i18n/get-dictionary";

Import map: aliased to relative './src/components/CrtTerminal' inside of [project]/Desktop/I-Product/skillhub

https://nextjs.org/docs/messages/module-not-found @ http://localhost:3000/_next/static/chunks/c2fc1_next_dist_03d21e83._.js:3127
[   80415ms] [ERROR] ./Desktop/I-Product/skillhub/src/app/[locale]/page.tsx:5:1
Module not found: Can't resolve '@/components/CrtTerminal'
  3 | import SkillGrid from "@/components/SkillGrid";
  4 | import RetroComputer from "@/components/RetroComputer";
> 5 | import CrtTerminal from "@/components/CrtTerminal";
    | ^^^^^^^^^^^^^^^^^^^^^^^^^^^^^^^^^^^^^^^^^^^^^^^^^^^
  6 | import { getAllSkills } from "@/lib/skills";
  7 | import { isValidLocale, type Locale } from "@/i18n/config";
  8 | import { getDictionary } from "@/i18n/get-dictionary";

Import map: aliased to relative './src/components/CrtTerminal' inside of [project]/Desktop/I-Product/skillhub

https://nextjs.org/docs/messages/module-not-found @ http://localhost:3000/_next/static/chunks/c2fc1_next_dist_03d21e83._.js:3127
[   80464ms] [ERROR] ./Desktop/I-Product/skillhub/src/app/[locale]/page.tsx:5:1
Module not found: Can't resolve '@/components/CrtTerminal'
  3 | import SkillGrid from "@/components/SkillGrid";
  4 | import RetroComputer from "@/components/RetroComputer";
> 5 | import CrtTerminal from "@/components/CrtTerminal";
    | ^^^^^^^^^^^^^^^^^^^^^^^^^^^^^^^^^^^^^^^^^^^^^^^^^^^
  6 | import { getAllSkills } from "@/lib/skills";
  7 | import { isValidLocale, type Locale } from "@/i18n/config";
  8 | import { getDictionary } from "@/i18n/get-dictionary";

Import map: aliased to relative './src/components/CrtTerminal' inside of [project]/Desktop/I-Product/skillhub

https://nextjs.org/docs/messages/module-not-found @ http://localhost:3000/_next/static/chunks/c2fc1_next_dist_03d21e83._.js:3127
[   80515ms] [ERROR] ./Desktop/I-Product/skillhub/src/app/[locale]/page.tsx:5:1
Module not found: Can't resolve '@/components/CrtTerminal'
  3 | import SkillGrid from "@/components/SkillGrid";
  4 | import RetroComputer from "@/components/RetroComputer";
> 5 | import CrtTerminal from "@/components/CrtTerminal";
    | ^^^^^^^^^^^^^^^^^^^^^^^^^^^^^^^^^^^^^^^^^^^^^^^^^^^
  6 | import { getAllSkills } from "@/lib/skills";
  7 | import { isValidLocale, type Locale } from "@/i18n/config";
  8 | import { getDictionary } from "@/i18n/get-dictionary";

Import map: aliased to relative './src/components/CrtTerminal' inside of [project]/Desktop/I-Product/skillhub

https://nextjs.org/docs/messages/module-not-found @ http://localhost:3000/_next/static/chunks/c2fc1_next_dist_03d21e83._.js:3127
[   80564ms] [ERROR] ./Desktop/I-Product/skillhub/src/app/[locale]/page.tsx:5:1
Module not found: Can't resolve '@/components/CrtTerminal'
  3 | import SkillGrid from "@/components/SkillGrid";
  4 | import RetroComputer from "@/components/RetroComputer";
> 5 | import CrtTerminal from "@/components/CrtTerminal";
    | ^^^^^^^^^^^^^^^^^^^^^^^^^^^^^^^^^^^^^^^^^^^^^^^^^^^
  6 | import { getAllSkills } from "@/lib/skills";
  7 | import { isValidLocale, type Locale } from "@/i18n/config";
  8 | import { getDictionary } from "@/i18n/get-dictionary";

Import map: aliased to relative './src/components/CrtTerminal' inside of [project]/Desktop/I-Product/skillhub

https://nextjs.org/docs/messages/module-not-found @ http://localhost:3000/_next/static/chunks/c2fc1_next_dist_03d21e83._.js:3127
[   80614ms] [ERROR] ./Desktop/I-Product/skillhub/src/app/[locale]/page.tsx:5:1
Module not found: Can't resolve '@/components/CrtTerminal'
  3 | import SkillGrid from "@/components/SkillGrid";
  4 | import RetroComputer from "@/components/RetroComputer";
> 5 | import CrtTerminal from "@/components/CrtTerminal";
    | ^^^^^^^^^^^^^^^^^^^^^^^^^^^^^^^^^^^^^^^^^^^^^^^^^^^
  6 | import { getAllSkills } from "@/lib/skills";
  7 | import { isValidLocale, type Locale } from "@/i18n/config";
  8 | import { getDictionary } from "@/i18n/get-dictionary";

Import map: aliased to relative './src/components/CrtTerminal' inside of [project]/Desktop/I-Product/skillhub

https://nextjs.org/docs/messages/module-not-found @ http://localhost:3000/_next/static/chunks/c2fc1_next_dist_03d21e83._.js:3127
[   80664ms] [ERROR] ./Desktop/I-Product/skillhub/src/app/[locale]/page.tsx:5:1
Module not found: Can't resolve '@/components/CrtTerminal'
  3 | import SkillGrid from "@/components/SkillGrid";
  4 | import RetroComputer from "@/components/RetroComputer";
> 5 | import CrtTerminal from "@/components/CrtTerminal";
    | ^^^^^^^^^^^^^^^^^^^^^^^^^^^^^^^^^^^^^^^^^^^^^^^^^^^
  6 | import { getAllSkills } from "@/lib/skills";
  7 | import { isValidLocale, type Locale } from "@/i18n/config";
  8 | import { getDictionary } from "@/i18n/get-dictionary";

Import map: aliased to relative './src/components/CrtTerminal' inside of [project]/Desktop/I-Product/skillhub

https://nextjs.org/docs/messages/module-not-found @ http://localhost:3000/_next/static/chunks/c2fc1_next_dist_03d21e83._.js:3127
[   80713ms] [ERROR] ./Desktop/I-Product/skillhub/src/app/[locale]/page.tsx:5:1
Module not found: Can't resolve '@/components/CrtTerminal'
  3 | import SkillGrid from "@/components/SkillGrid";
  4 | import RetroComputer from "@/components/RetroComputer";
> 5 | import CrtTerminal from "@/components/CrtTerminal";
    | ^^^^^^^^^^^^^^^^^^^^^^^^^^^^^^^^^^^^^^^^^^^^^^^^^^^
  6 | import { getAllSkills } from "@/lib/skills";
  7 | import { isValidLocale, type Locale } from "@/i18n/config";
  8 | import { getDictionary } from "@/i18n/get-dictionary";

Import map: aliased to relative './src/components/CrtTerminal' inside of [project]/Desktop/I-Product/skillhub

https://nextjs.org/docs/messages/module-not-found @ http://localhost:3000/_next/static/chunks/c2fc1_next_dist_03d21e83._.js:3127
[   80763ms] [ERROR] ./Desktop/I-Product/skillhub/src/app/[locale]/page.tsx:5:1
Module not found: Can't resolve '@/components/CrtTerminal'
  3 | import SkillGrid from "@/components/SkillGrid";
  4 | import RetroComputer from "@/components/RetroComputer";
> 5 | import CrtTerminal from "@/components/CrtTerminal";
    | ^^^^^^^^^^^^^^^^^^^^^^^^^^^^^^^^^^^^^^^^^^^^^^^^^^^
  6 | import { getAllSkills } from "@/lib/skills";
  7 | import { isValidLocale, type Locale } from "@/i18n/config";
  8 | import { getDictionary } from "@/i18n/get-dictionary";

Import map: aliased to relative './src/components/CrtTerminal' inside of [project]/Desktop/I-Product/skillhub

https://nextjs.org/docs/messages/module-not-found @ http://localhost:3000/_next/static/chunks/c2fc1_next_dist_03d21e83._.js:3127
[   80813ms] [ERROR] ./Desktop/I-Product/skillhub/src/app/[locale]/page.tsx:5:1
Module not found: Can't resolve '@/components/CrtTerminal'
  3 | import SkillGrid from "@/components/SkillGrid";
  4 | import RetroComputer from "@/components/RetroComputer";
> 5 | import CrtTerminal from "@/components/CrtTerminal";
    | ^^^^^^^^^^^^^^^^^^^^^^^^^^^^^^^^^^^^^^^^^^^^^^^^^^^
  6 | import { getAllSkills } from "@/lib/skills";
  7 | import { isValidLocale, type Locale } from "@/i18n/config";
  8 | import { getDictionary } from "@/i18n/get-dictionary";

Import map: aliased to relative './src/components/CrtTerminal' inside of [project]/Desktop/I-Product/skillhub

https://nextjs.org/docs/messages/module-not-found @ http://localhost:3000/_next/static/chunks/c2fc1_next_dist_03d21e83._.js:3127
[   80864ms] [ERROR] ./Desktop/I-Product/skillhub/src/app/[locale]/page.tsx:5:1
Module not found: Can't resolve '@/components/CrtTerminal'
  3 | import SkillGrid from "@/components/SkillGrid";
  4 | import RetroComputer from "@/components/RetroComputer";
> 5 | import CrtTerminal from "@/components/CrtTerminal";
    | ^^^^^^^^^^^^^^^^^^^^^^^^^^^^^^^^^^^^^^^^^^^^^^^^^^^
  6 | import { getAllSkills } from "@/lib/skills";
  7 | import { isValidLocale, type Locale } from "@/i18n/config";
  8 | import { getDictionary } from "@/i18n/get-dictionary";

Import map: aliased to relative './src/components/CrtTerminal' inside of [project]/Desktop/I-Product/skillhub

https://nextjs.org/docs/messages/module-not-found @ http://localhost:3000/_next/static/chunks/c2fc1_next_dist_03d21e83._.js:3127
[   80950ms] [ERROR] ./Desktop/I-Product/skillhub/src/app/[locale]/page.tsx:5:1
Module not found: Can't resolve '@/components/CrtTerminal'
  3 | import SkillGrid from "@/components/SkillGrid";
  4 | import RetroComputer from "@/components/RetroComputer";
> 5 | import CrtTerminal from "@/components/CrtTerminal";
    | ^^^^^^^^^^^^^^^^^^^^^^^^^^^^^^^^^^^^^^^^^^^^^^^^^^^
  6 | import { getAllSkills } from "@/lib/skills";
  7 | import { isValidLocale, type Locale } from "@/i18n/config";
  8 | import { getDictionary } from "@/i18n/get-dictionary";

Import map: aliased to relative './src/components/CrtTerminal' inside of [project]/Desktop/I-Product/skillhub

https://nextjs.org/docs/messages/module-not-found @ http://localhost:3000/_next/static/chunks/c2fc1_next_dist_03d21e83._.js:3127
[   81014ms] [ERROR] ./Desktop/I-Product/skillhub/src/app/[locale]/page.tsx:5:1
Module not found: Can't resolve '@/components/CrtTerminal'
  3 | import SkillGrid from "@/components/SkillGrid";
  4 | import RetroComputer from "@/components/RetroComputer";
> 5 | import CrtTerminal from "@/components/CrtTerminal";
    | ^^^^^^^^^^^^^^^^^^^^^^^^^^^^^^^^^^^^^^^^^^^^^^^^^^^
  6 | import { getAllSkills } from "@/lib/skills";
  7 | import { isValidLocale, type Locale } from "@/i18n/config";
  8 | import { getDictionary } from "@/i18n/get-dictionary";

Import map: aliased to relative './src/components/CrtTerminal' inside of [project]/Desktop/I-Product/skillhub

https://nextjs.org/docs/messages/module-not-found @ http://localhost:3000/_next/static/chunks/c2fc1_next_dist_03d21e83._.js:3127
[   81066ms] [ERROR] ./Desktop/I-Product/skillhub/src/app/[locale]/page.tsx:5:1
Module not found: Can't resolve '@/components/CrtTerminal'
  3 | import SkillGrid from "@/components/SkillGrid";
  4 | import RetroComputer from "@/components/RetroComputer";
> 5 | import CrtTerminal from "@/components/CrtTerminal";
    | ^^^^^^^^^^^^^^^^^^^^^^^^^^^^^^^^^^^^^^^^^^^^^^^^^^^
  6 | import { getAllSkills } from "@/lib/skills";
  7 | import { isValidLocale, type Locale } from "@/i18n/config";
  8 | import { getDictionary } from "@/i18n/get-dictionary";

Import map: aliased to relative './src/components/CrtTerminal' inside of [project]/Desktop/I-Product/skillhub

https://nextjs.org/docs/messages/module-not-found @ http://localhost:3000/_next/static/chunks/c2fc1_next_dist_03d21e83._.js:3127
[   81117ms] [ERROR] ./Desktop/I-Product/skillhub/src/app/[locale]/page.tsx:5:1
Module not found: Can't resolve '@/components/CrtTerminal'
  3 | import SkillGrid from "@/components/SkillGrid";
  4 | import RetroComputer from "@/components/RetroComputer";
> 5 | import CrtTerminal from "@/components/CrtTerminal";
    | ^^^^^^^^^^^^^^^^^^^^^^^^^^^^^^^^^^^^^^^^^^^^^^^^^^^
  6 | import { getAllSkills } from "@/lib/skills";
  7 | import { isValidLocale, type Locale } from "@/i18n/config";
  8 | import { getDictionary } from "@/i18n/get-dictionary";

Import map: aliased to relative './src/components/CrtTerminal' inside of [project]/Desktop/I-Product/skillhub

https://nextjs.org/docs/messages/module-not-found @ http://localhost:3000/_next/static/chunks/c2fc1_next_dist_03d21e83._.js:3127
[   81167ms] [ERROR] ./Desktop/I-Product/skillhub/src/app/[locale]/page.tsx:5:1
Module not found: Can't resolve '@/components/CrtTerminal'
  3 | import SkillGrid from "@/components/SkillGrid";
  4 | import RetroComputer from "@/components/RetroComputer";
> 5 | import CrtTerminal from "@/components/CrtTerminal";
    | ^^^^^^^^^^^^^^^^^^^^^^^^^^^^^^^^^^^^^^^^^^^^^^^^^^^
  6 | import { getAllSkills } from "@/lib/skills";
  7 | import { isValidLocale, type Locale } from "@/i18n/config";
  8 | import { getDictionary } from "@/i18n/get-dictionary";

Import map: aliased to relative './src/components/CrtTerminal' inside of [project]/Desktop/I-Product/skillhub

https://nextjs.org/docs/messages/module-not-found @ http://localhost:3000/_next/static/chunks/c2fc1_next_dist_03d21e83._.js:3127
[   81216ms] [ERROR] ./Desktop/I-Product/skillhub/src/app/[locale]/page.tsx:5:1
Module not found: Can't resolve '@/components/CrtTerminal'
  3 | import SkillGrid from "@/components/SkillGrid";
  4 | import RetroComputer from "@/components/RetroComputer";
> 5 | import CrtTerminal from "@/components/CrtTerminal";
    | ^^^^^^^^^^^^^^^^^^^^^^^^^^^^^^^^^^^^^^^^^^^^^^^^^^^
  6 | import { getAllSkills } from "@/lib/skills";
  7 | import { isValidLocale, type Locale } from "@/i18n/config";
  8 | import { getDictionary } from "@/i18n/get-dictionary";

Import map: aliased to relative './src/components/CrtTerminal' inside of [project]/Desktop/I-Product/skillhub

https://nextjs.org/docs/messages/module-not-found @ http://localhost:3000/_next/static/chunks/c2fc1_next_dist_03d21e83._.js:3127
[   81268ms] [ERROR] ./Desktop/I-Product/skillhub/src/app/[locale]/page.tsx:5:1
Module not found: Can't resolve '@/components/CrtTerminal'
  3 | import SkillGrid from "@/components/SkillGrid";
  4 | import RetroComputer from "@/components/RetroComputer";
> 5 | import CrtTerminal from "@/components/CrtTerminal";
    | ^^^^^^^^^^^^^^^^^^^^^^^^^^^^^^^^^^^^^^^^^^^^^^^^^^^
  6 | import { getAllSkills } from "@/lib/skills";
  7 | import { isValidLocale, type Locale } from "@/i18n/config";
  8 | import { getDictionary } from "@/i18n/get-dictionary";

Import map: aliased to relative './src/components/CrtTerminal' inside of [project]/Desktop/I-Product/skillhub

https://nextjs.org/docs/messages/module-not-found @ http://localhost:3000/_next/static/chunks/c2fc1_next_dist_03d21e83._.js:3127
[   81316ms] [ERROR] ./Desktop/I-Product/skillhub/src/app/[locale]/page.tsx:5:1
Module not found: Can't resolve '@/components/CrtTerminal'
  3 | import SkillGrid from "@/components/SkillGrid";
  4 | import RetroComputer from "@/components/RetroComputer";
> 5 | import CrtTerminal from "@/components/CrtTerminal";
    | ^^^^^^^^^^^^^^^^^^^^^^^^^^^^^^^^^^^^^^^^^^^^^^^^^^^
  6 | import { getAllSkills } from "@/lib/skills";
  7 | import { isValidLocale, type Locale } from "@/i18n/config";
  8 | import { getDictionary } from "@/i18n/get-dictionary";

Import map: aliased to relative './src/components/CrtTerminal' inside of [project]/Desktop/I-Product/skillhub

https://nextjs.org/docs/messages/module-not-found @ http://localhost:3000/_next/static/chunks/c2fc1_next_dist_03d21e83._.js:3127
[   81368ms] [ERROR] ./Desktop/I-Product/skillhub/src/app/[locale]/page.tsx:5:1
Module not found: Can't resolve '@/components/CrtTerminal'
  3 | import SkillGrid from "@/components/SkillGrid";
  4 | import RetroComputer from "@/components/RetroComputer";
> 5 | import CrtTerminal from "@/components/CrtTerminal";
    | ^^^^^^^^^^^^^^^^^^^^^^^^^^^^^^^^^^^^^^^^^^^^^^^^^^^
  6 | import { getAllSkills } from "@/lib/skills";
  7 | import { isValidLocale, type Locale } from "@/i18n/config";
  8 | import { getDictionary } from "@/i18n/get-dictionary";

Import map: aliased to relative './src/components/CrtTerminal' inside of [project]/Desktop/I-Product/skillhub

https://nextjs.org/docs/messages/module-not-found @ http://localhost:3000/_next/static/chunks/c2fc1_next_dist_03d21e83._.js:3127
[   81418ms] [ERROR] ./Desktop/I-Product/skillhub/src/app/[locale]/page.tsx:5:1
Module not found: Can't resolve '@/components/CrtTerminal'
  3 | import SkillGrid from "@/components/SkillGrid";
  4 | import RetroComputer from "@/components/RetroComputer";
> 5 | import CrtTerminal from "@/components/CrtTerminal";
    | ^^^^^^^^^^^^^^^^^^^^^^^^^^^^^^^^^^^^^^^^^^^^^^^^^^^
  6 | import { getAllSkills } from "@/lib/skills";
  7 | import { isValidLocale, type Locale } from "@/i18n/config";
  8 | import { getDictionary } from "@/i18n/get-dictionary";

Import map: aliased to relative './src/components/CrtTerminal' inside of [project]/Desktop/I-Product/skillhub

https://nextjs.org/docs/messages/module-not-found @ http://localhost:3000/_next/static/chunks/c2fc1_next_dist_03d21e83._.js:3127
[   81467ms] [ERROR] ./Desktop/I-Product/skillhub/src/app/[locale]/page.tsx:5:1
Module not found: Can't resolve '@/components/CrtTerminal'
  3 | import SkillGrid from "@/components/SkillGrid";
  4 | import RetroComputer from "@/components/RetroComputer";
> 5 | import CrtTerminal from "@/components/CrtTerminal";
    | ^^^^^^^^^^^^^^^^^^^^^^^^^^^^^^^^^^^^^^^^^^^^^^^^^^^
  6 | import { getAllSkills } from "@/lib/skills";
  7 | import { isValidLocale, type Locale } from "@/i18n/config";
  8 | import { getDictionary } from "@/i18n/get-dictionary";

Import map: aliased to relative './src/components/CrtTerminal' inside of [project]/Desktop/I-Product/skillhub

https://nextjs.org/docs/messages/module-not-found @ http://localhost:3000/_next/static/chunks/c2fc1_next_dist_03d21e83._.js:3127
[   81517ms] [ERROR] ./Desktop/I-Product/skillhub/src/app/[locale]/page.tsx:5:1
Module not found: Can't resolve '@/components/CrtTerminal'
  3 | import SkillGrid from "@/components/SkillGrid";
  4 | import RetroComputer from "@/components/RetroComputer";
> 5 | import CrtTerminal from "@/components/CrtTerminal";
    | ^^^^^^^^^^^^^^^^^^^^^^^^^^^^^^^^^^^^^^^^^^^^^^^^^^^
  6 | import { getAllSkills } from "@/lib/skills";
  7 | import { isValidLocale, type Locale } from "@/i18n/config";
  8 | import { getDictionary } from "@/i18n/get-dictionary";

Import map: aliased to relative './src/components/CrtTerminal' inside of [project]/Desktop/I-Product/skillhub

https://nextjs.org/docs/messages/module-not-found @ http://localhost:3000/_next/static/chunks/c2fc1_next_dist_03d21e83._.js:3127
[   81567ms] [ERROR] ./Desktop/I-Product/skillhub/src/app/[locale]/page.tsx:5:1
Module not found: Can't resolve '@/components/CrtTerminal'
  3 | import SkillGrid from "@/components/SkillGrid";
  4 | import RetroComputer from "@/components/RetroComputer";
> 5 | import CrtTerminal from "@/components/CrtTerminal";
    | ^^^^^^^^^^^^^^^^^^^^^^^^^^^^^^^^^^^^^^^^^^^^^^^^^^^
  6 | import { getAllSkills } from "@/lib/skills";
  7 | import { isValidLocale, type Locale } from "@/i18n/config";
  8 | import { getDictionary } from "@/i18n/get-dictionary";

Import map: aliased to relative './src/components/CrtTerminal' inside of [project]/Desktop/I-Product/skillhub

https://nextjs.org/docs/messages/module-not-found @ http://localhost:3000/_next/static/chunks/c2fc1_next_dist_03d21e83._.js:3127
[   81617ms] [ERROR] ./Desktop/I-Product/skillhub/src/app/[locale]/page.tsx:5:1
Module not found: Can't resolve '@/components/CrtTerminal'
  3 | import SkillGrid from "@/components/SkillGrid";
  4 | import RetroComputer from "@/components/RetroComputer";
> 5 | import CrtTerminal from "@/components/CrtTerminal";
    | ^^^^^^^^^^^^^^^^^^^^^^^^^^^^^^^^^^^^^^^^^^^^^^^^^^^
  6 | import { getAllSkills } from "@/lib/skills";
  7 | import { isValidLocale, type Locale } from "@/i18n/config";
  8 | import { getDictionary } from "@/i18n/get-dictionary";

Import map: aliased to relative './src/components/CrtTerminal' inside of [project]/Desktop/I-Product/skillhub

https://nextjs.org/docs/messages/module-not-found @ http://localhost:3000/_next/static/chunks/c2fc1_next_dist_03d21e83._.js:3127
[   81666ms] [ERROR] ./Desktop/I-Product/skillhub/src/app/[locale]/page.tsx:5:1
Module not found: Can't resolve '@/components/CrtTerminal'
  3 | import SkillGrid from "@/components/SkillGrid";
  4 | import RetroComputer from "@/components/RetroComputer";
> 5 | import CrtTerminal from "@/components/CrtTerminal";
    | ^^^^^^^^^^^^^^^^^^^^^^^^^^^^^^^^^^^^^^^^^^^^^^^^^^^
  6 | import { getAllSkills } from "@/lib/skills";
  7 | import { isValidLocale, type Locale } from "@/i18n/config";
  8 | import { getDictionary } from "@/i18n/get-dictionary";

Import map: aliased to relative './src/components/CrtTerminal' inside of [project]/Desktop/I-Product/skillhub

https://nextjs.org/docs/messages/module-not-found @ http://localhost:3000/_next/static/chunks/c2fc1_next_dist_03d21e83._.js:3127
[   81714ms] [ERROR] ./Desktop/I-Product/skillhub/src/app/[locale]/page.tsx:5:1
Module not found: Can't resolve '@/components/CrtTerminal'
  3 | import SkillGrid from "@/components/SkillGrid";
  4 | import RetroComputer from "@/components/RetroComputer";
> 5 | import CrtTerminal from "@/components/CrtTerminal";
    | ^^^^^^^^^^^^^^^^^^^^^^^^^^^^^^^^^^^^^^^^^^^^^^^^^^^
  6 | import { getAllSkills } from "@/lib/skills";
  7 | import { isValidLocale, type Locale } from "@/i18n/config";
  8 | import { getDictionary } from "@/i18n/get-dictionary";

Import map: aliased to relative './src/components/CrtTerminal' inside of [project]/Desktop/I-Product/skillhub

https://nextjs.org/docs/messages/module-not-found @ http://localhost:3000/_next/static/chunks/c2fc1_next_dist_03d21e83._.js:3127
[   81764ms] [ERROR] ./Desktop/I-Product/skillhub/src/app/[locale]/page.tsx:5:1
Module not found: Can't resolve '@/components/CrtTerminal'
  3 | import SkillGrid from "@/components/SkillGrid";
  4 | import RetroComputer from "@/components/RetroComputer";
> 5 | import CrtTerminal from "@/components/CrtTerminal";
    | ^^^^^^^^^^^^^^^^^^^^^^^^^^^^^^^^^^^^^^^^^^^^^^^^^^^
  6 | import { getAllSkills } from "@/lib/skills";
  7 | import { isValidLocale, type Locale } from "@/i18n/config";
  8 | import { getDictionary } from "@/i18n/get-dictionary";

Import map: aliased to relative './src/components/CrtTerminal' inside of [project]/Desktop/I-Product/skillhub

https://nextjs.org/docs/messages/module-not-found @ http://localhost:3000/_next/static/chunks/c2fc1_next_dist_03d21e83._.js:3127
[   81815ms] [ERROR] ./Desktop/I-Product/skillhub/src/app/[locale]/page.tsx:5:1
Module not found: Can't resolve '@/components/CrtTerminal'
  3 | import SkillGrid from "@/components/SkillGrid";
  4 | import RetroComputer from "@/components/RetroComputer";
> 5 | import CrtTerminal from "@/components/CrtTerminal";
    | ^^^^^^^^^^^^^^^^^^^^^^^^^^^^^^^^^^^^^^^^^^^^^^^^^^^
  6 | import { getAllSkills } from "@/lib/skills";
  7 | import { isValidLocale, type Locale } from "@/i18n/config";
  8 | import { getDictionary } from "@/i18n/get-dictionary";

Import map: aliased to relative './src/components/CrtTerminal' inside of [project]/Desktop/I-Product/skillhub

https://nextjs.org/docs/messages/module-not-found @ http://localhost:3000/_next/static/chunks/c2fc1_next_dist_03d21e83._.js:3127
[   81865ms] [ERROR] ./Desktop/I-Product/skillhub/src/app/[locale]/page.tsx:5:1
Module not found: Can't resolve '@/components/CrtTerminal'
  3 | import SkillGrid from "@/components/SkillGrid";
  4 | import RetroComputer from "@/components/RetroComputer";
> 5 | import CrtTerminal from "@/components/CrtTerminal";
    | ^^^^^^^^^^^^^^^^^^^^^^^^^^^^^^^^^^^^^^^^^^^^^^^^^^^
  6 | import { getAllSkills } from "@/lib/skills";
  7 | import { isValidLocale, type Locale } from "@/i18n/config";
  8 | import { getDictionary } from "@/i18n/get-dictionary";

Import map: aliased to relative './src/components/CrtTerminal' inside of [project]/Desktop/I-Product/skillhub

https://nextjs.org/docs/messages/module-not-found @ http://localhost:3000/_next/static/chunks/c2fc1_next_dist_03d21e83._.js:3127
[   81914ms] [ERROR] ./Desktop/I-Product/skillhub/src/app/[locale]/page.tsx:5:1
Module not found: Can't resolve '@/components/CrtTerminal'
  3 | import SkillGrid from "@/components/SkillGrid";
  4 | import RetroComputer from "@/components/RetroComputer";
> 5 | import CrtTerminal from "@/components/CrtTerminal";
    | ^^^^^^^^^^^^^^^^^^^^^^^^^^^^^^^^^^^^^^^^^^^^^^^^^^^
  6 | import { getAllSkills } from "@/lib/skills";
  7 | import { isValidLocale, type Locale } from "@/i18n/config";
  8 | import { getDictionary } from "@/i18n/get-dictionary";

Import map: aliased to relative './src/components/CrtTerminal' inside of [project]/Desktop/I-Product/skillhub

https://nextjs.org/docs/messages/module-not-found @ http://localhost:3000/_next/static/chunks/c2fc1_next_dist_03d21e83._.js:3127
[   81965ms] [ERROR] ./Desktop/I-Product/skillhub/src/app/[locale]/page.tsx:5:1
Module not found: Can't resolve '@/components/CrtTerminal'
  3 | import SkillGrid from "@/components/SkillGrid";
  4 | import RetroComputer from "@/components/RetroComputer";
> 5 | import CrtTerminal from "@/components/CrtTerminal";
    | ^^^^^^^^^^^^^^^^^^^^^^^^^^^^^^^^^^^^^^^^^^^^^^^^^^^
  6 | import { getAllSkills } from "@/lib/skills";
  7 | import { isValidLocale, type Locale } from "@/i18n/config";
  8 | import { getDictionary } from "@/i18n/get-dictionary";

Import map: aliased to relative './src/components/CrtTerminal' inside of [project]/Desktop/I-Product/skillhub

https://nextjs.org/docs/messages/module-not-found @ http://localhost:3000/_next/static/chunks/c2fc1_next_dist_03d21e83._.js:3127
[   82014ms] [ERROR] ./Desktop/I-Product/skillhub/src/app/[locale]/page.tsx:5:1
Module not found: Can't resolve '@/components/CrtTerminal'
  3 | import SkillGrid from "@/components/SkillGrid";
  4 | import RetroComputer from "@/components/RetroComputer";
> 5 | import CrtTerminal from "@/components/CrtTerminal";
    | ^^^^^^^^^^^^^^^^^^^^^^^^^^^^^^^^^^^^^^^^^^^^^^^^^^^
  6 | import { getAllSkills } from "@/lib/skills";
  7 | import { isValidLocale, type Locale } from "@/i18n/config";
  8 | import { getDictionary } from "@/i18n/get-dictionary";

Import map: aliased to relative './src/components/CrtTerminal' inside of [project]/Desktop/I-Product/skillhub

https://nextjs.org/docs/messages/module-not-found @ http://localhost:3000/_next/static/chunks/c2fc1_next_dist_03d21e83._.js:3127
[   82064ms] [ERROR] ./Desktop/I-Product/skillhub/src/app/[locale]/page.tsx:5:1
Module not found: Can't resolve '@/components/CrtTerminal'
  3 | import SkillGrid from "@/components/SkillGrid";
  4 | import RetroComputer from "@/components/RetroComputer";
> 5 | import CrtTerminal from "@/components/CrtTerminal";
    | ^^^^^^^^^^^^^^^^^^^^^^^^^^^^^^^^^^^^^^^^^^^^^^^^^^^
  6 | import { getAllSkills } from "@/lib/skills";
  7 | import { isValidLocale, type Locale } from "@/i18n/config";
  8 | import { getDictionary } from "@/i18n/get-dictionary";

Import map: aliased to relative './src/components/CrtTerminal' inside of [project]/Desktop/I-Product/skillhub

https://nextjs.org/docs/messages/module-not-found @ http://localhost:3000/_next/static/chunks/c2fc1_next_dist_03d21e83._.js:3127
[   82114ms] [ERROR] ./Desktop/I-Product/skillhub/src/app/[locale]/page.tsx:5:1
Module not found: Can't resolve '@/components/CrtTerminal'
  3 | import SkillGrid from "@/components/SkillGrid";
  4 | import RetroComputer from "@/components/RetroComputer";
> 5 | import CrtTerminal from "@/components/CrtTerminal";
    | ^^^^^^^^^^^^^^^^^^^^^^^^^^^^^^^^^^^^^^^^^^^^^^^^^^^
  6 | import { getAllSkills } from "@/lib/skills";
  7 | import { isValidLocale, type Locale } from "@/i18n/config";
  8 | import { getDictionary } from "@/i18n/get-dictionary";

Import map: aliased to relative './src/components/CrtTerminal' inside of [project]/Desktop/I-Product/skillhub

https://nextjs.org/docs/messages/module-not-found @ http://localhost:3000/_next/static/chunks/c2fc1_next_dist_03d21e83._.js:3127
[   82164ms] [ERROR] ./Desktop/I-Product/skillhub/src/app/[locale]/page.tsx:5:1
Module not found: Can't resolve '@/components/CrtTerminal'
  3 | import SkillGrid from "@/components/SkillGrid";
  4 | import RetroComputer from "@/components/RetroComputer";
> 5 | import CrtTerminal from "@/components/CrtTerminal";
    | ^^^^^^^^^^^^^^^^^^^^^^^^^^^^^^^^^^^^^^^^^^^^^^^^^^^
  6 | import { getAllSkills } from "@/lib/skills";
  7 | import { isValidLocale, type Locale } from "@/i18n/config";
  8 | import { getDictionary } from "@/i18n/get-dictionary";

Import map: aliased to relative './src/components/CrtTerminal' inside of [project]/Desktop/I-Product/skillhub

https://nextjs.org/docs/messages/module-not-found @ http://localhost:3000/_next/static/chunks/c2fc1_next_dist_03d21e83._.js:3127
[   82213ms] [ERROR] ./Desktop/I-Product/skillhub/src/app/[locale]/page.tsx:5:1
Module not found: Can't resolve '@/components/CrtTerminal'
  3 | import SkillGrid from "@/components/SkillGrid";
  4 | import RetroComputer from "@/components/RetroComputer";
> 5 | import CrtTerminal from "@/components/CrtTerminal";
    | ^^^^^^^^^^^^^^^^^^^^^^^^^^^^^^^^^^^^^^^^^^^^^^^^^^^
  6 | import { getAllSkills } from "@/lib/skills";
  7 | import { isValidLocale, type Locale } from "@/i18n/config";
  8 | import { getDictionary } from "@/i18n/get-dictionary";

Import map: aliased to relative './src/components/CrtTerminal' inside of [project]/Desktop/I-Product/skillhub

https://nextjs.org/docs/messages/module-not-found @ http://localhost:3000/_next/static/chunks/c2fc1_next_dist_03d21e83._.js:3127
[   82264ms] [ERROR] ./Desktop/I-Product/skillhub/src/app/[locale]/page.tsx:5:1
Module not found: Can't resolve '@/components/CrtTerminal'
  3 | import SkillGrid from "@/components/SkillGrid";
  4 | import RetroComputer from "@/components/RetroComputer";
> 5 | import CrtTerminal from "@/components/CrtTerminal";
    | ^^^^^^^^^^^^^^^^^^^^^^^^^^^^^^^^^^^^^^^^^^^^^^^^^^^
  6 | import { getAllSkills } from "@/lib/skills";
  7 | import { isValidLocale, type Locale } from "@/i18n/config";
  8 | import { getDictionary } from "@/i18n/get-dictionary";

Import map: aliased to relative './src/components/CrtTerminal' inside of [project]/Desktop/I-Product/skillhub

https://nextjs.org/docs/messages/module-not-found @ http://localhost:3000/_next/static/chunks/c2fc1_next_dist_03d21e83._.js:3127
[   82314ms] [ERROR] ./Desktop/I-Product/skillhub/src/app/[locale]/page.tsx:5:1
Module not found: Can't resolve '@/components/CrtTerminal'
  3 | import SkillGrid from "@/components/SkillGrid";
  4 | import RetroComputer from "@/components/RetroComputer";
> 5 | import CrtTerminal from "@/components/CrtTerminal";
    | ^^^^^^^^^^^^^^^^^^^^^^^^^^^^^^^^^^^^^^^^^^^^^^^^^^^
  6 | import { getAllSkills } from "@/lib/skills";
  7 | import { isValidLocale, type Locale } from "@/i18n/config";
  8 | import { getDictionary } from "@/i18n/get-dictionary";

Import map: aliased to relative './src/components/CrtTerminal' inside of [project]/Desktop/I-Product/skillhub

https://nextjs.org/docs/messages/module-not-found @ http://localhost:3000/_next/static/chunks/c2fc1_next_dist_03d21e83._.js:3127
[   82384ms] [ERROR] ./Desktop/I-Product/skillhub/src/app/[locale]/page.tsx:5:1
Module not found: Can't resolve '@/components/CrtTerminal'
  3 | import SkillGrid from "@/components/SkillGrid";
  4 | import RetroComputer from "@/components/RetroComputer";
> 5 | import CrtTerminal from "@/components/CrtTerminal";
    | ^^^^^^^^^^^^^^^^^^^^^^^^^^^^^^^^^^^^^^^^^^^^^^^^^^^
  6 | import { getAllSkills } from "@/lib/skills";
  7 | import { isValidLocale, type Locale } from "@/i18n/config";
  8 | import { getDictionary } from "@/i18n/get-dictionary";

Import map: aliased to relative './src/components/CrtTerminal' inside of [project]/Desktop/I-Product/skillhub

https://nextjs.org/docs/messages/module-not-found @ http://localhost:3000/_next/static/chunks/c2fc1_next_dist_03d21e83._.js:3127
[   82448ms] [ERROR] ./Desktop/I-Product/skillhub/src/app/[locale]/page.tsx:5:1
Module not found: Can't resolve '@/components/CrtTerminal'
  3 | import SkillGrid from "@/components/SkillGrid";
  4 | import RetroComputer from "@/components/RetroComputer";
> 5 | import CrtTerminal from "@/components/CrtTerminal";
    | ^^^^^^^^^^^^^^^^^^^^^^^^^^^^^^^^^^^^^^^^^^^^^^^^^^^
  6 | import { getAllSkills } from "@/lib/skills";
  7 | import { isValidLocale, type Locale } from "@/i18n/config";
  8 | import { getDictionary } from "@/i18n/get-dictionary";

Import map: aliased to relative './src/components/CrtTerminal' inside of [project]/Desktop/I-Product/skillhub

https://nextjs.org/docs/messages/module-not-found @ http://localhost:3000/_next/static/chunks/c2fc1_next_dist_03d21e83._.js:3127
[   82498ms] [ERROR] ./Desktop/I-Product/skillhub/src/app/[locale]/page.tsx:5:1
Module not found: Can't resolve '@/components/CrtTerminal'
  3 | import SkillGrid from "@/components/SkillGrid";
  4 | import RetroComputer from "@/components/RetroComputer";
> 5 | import CrtTerminal from "@/components/CrtTerminal";
    | ^^^^^^^^^^^^^^^^^^^^^^^^^^^^^^^^^^^^^^^^^^^^^^^^^^^
  6 | import { getAllSkills } from "@/lib/skills";
  7 | import { isValidLocale, type Locale } from "@/i18n/config";
  8 | import { getDictionary } from "@/i18n/get-dictionary";

Import map: aliased to relative './src/components/CrtTerminal' inside of [project]/Desktop/I-Product/skillhub

https://nextjs.org/docs/messages/module-not-found @ http://localhost:3000/_next/static/chunks/c2fc1_next_dist_03d21e83._.js:3127
[   82558ms] [ERROR] ./Desktop/I-Product/skillhub/src/app/[locale]/page.tsx:5:1
Module not found: Can't resolve '@/components/CrtTerminal'
  3 | import SkillGrid from "@/components/SkillGrid";
  4 | import RetroComputer from "@/components/RetroComputer";
> 5 | import CrtTerminal from "@/components/CrtTerminal";
    | ^^^^^^^^^^^^^^^^^^^^^^^^^^^^^^^^^^^^^^^^^^^^^^^^^^^
  6 | import { getAllSkills } from "@/lib/skills";
  7 | import { isValidLocale, type Locale } from "@/i18n/config";
  8 | import { getDictionary } from "@/i18n/get-dictionary";

Import map: aliased to relative './src/components/CrtTerminal' inside of [project]/Desktop/I-Product/skillhub

https://nextjs.org/docs/messages/module-not-found @ http://localhost:3000/_next/static/chunks/c2fc1_next_dist_03d21e83._.js:3127
[   82617ms] [ERROR] ./Desktop/I-Product/skillhub/src/app/[locale]/page.tsx:5:1
Module not found: Can't resolve '@/components/CrtTerminal'
  3 | import SkillGrid from "@/components/SkillGrid";
  4 | import RetroComputer from "@/components/RetroComputer";
> 5 | import CrtTerminal from "@/components/CrtTerminal";
    | ^^^^^^^^^^^^^^^^^^^^^^^^^^^^^^^^^^^^^^^^^^^^^^^^^^^
  6 | import { getAllSkills } from "@/lib/skills";
  7 | import { isValidLocale, type Locale } from "@/i18n/config";
  8 | import { getDictionary } from "@/i18n/get-dictionary";

Import map: aliased to relative './src/components/CrtTerminal' inside of [project]/Desktop/I-Product/skillhub

https://nextjs.org/docs/messages/module-not-found @ http://localhost:3000/_next/static/chunks/c2fc1_next_dist_03d21e83._.js:3127
[   82667ms] [ERROR] ./Desktop/I-Product/skillhub/src/app/[locale]/page.tsx:5:1
Module not found: Can't resolve '@/components/CrtTerminal'
  3 | import SkillGrid from "@/components/SkillGrid";
  4 | import RetroComputer from "@/components/RetroComputer";
> 5 | import CrtTerminal from "@/components/CrtTerminal";
    | ^^^^^^^^^^^^^^^^^^^^^^^^^^^^^^^^^^^^^^^^^^^^^^^^^^^
  6 | import { getAllSkills } from "@/lib/skills";
  7 | import { isValidLocale, type Locale } from "@/i18n/config";
  8 | import { getDictionary } from "@/i18n/get-dictionary";

Import map: aliased to relative './src/components/CrtTerminal' inside of [project]/Desktop/I-Product/skillhub

https://nextjs.org/docs/messages/module-not-found @ http://localhost:3000/_next/static/chunks/c2fc1_next_dist_03d21e83._.js:3127
[   82718ms] [ERROR] ./Desktop/I-Product/skillhub/src/app/[locale]/page.tsx:5:1
Module not found: Can't resolve '@/components/CrtTerminal'
  3 | import SkillGrid from "@/components/SkillGrid";
  4 | import RetroComputer from "@/components/RetroComputer";
> 5 | import CrtTerminal from "@/components/CrtTerminal";
    | ^^^^^^^^^^^^^^^^^^^^^^^^^^^^^^^^^^^^^^^^^^^^^^^^^^^
  6 | import { getAllSkills } from "@/lib/skills";
  7 | import { isValidLocale, type Locale } from "@/i18n/config";
  8 | import { getDictionary } from "@/i18n/get-dictionary";

Import map: aliased to relative './src/components/CrtTerminal' inside of [project]/Desktop/I-Product/skillhub

https://nextjs.org/docs/messages/module-not-found @ http://localhost:3000/_next/static/chunks/c2fc1_next_dist_03d21e83._.js:3127
[   82769ms] [ERROR] ./Desktop/I-Product/skillhub/src/app/[locale]/page.tsx:5:1
Module not found: Can't resolve '@/components/CrtTerminal'
  3 | import SkillGrid from "@/components/SkillGrid";
  4 | import RetroComputer from "@/components/RetroComputer";
> 5 | import CrtTerminal from "@/components/CrtTerminal";
    | ^^^^^^^^^^^^^^^^^^^^^^^^^^^^^^^^^^^^^^^^^^^^^^^^^^^
  6 | import { getAllSkills } from "@/lib/skills";
  7 | import { isValidLocale, type Locale } from "@/i18n/config";
  8 | import { getDictionary } from "@/i18n/get-dictionary";

Import map: aliased to relative './src/components/CrtTerminal' inside of [project]/Desktop/I-Product/skillhub

https://nextjs.org/docs/messages/module-not-found @ http://localhost:3000/_next/static/chunks/c2fc1_next_dist_03d21e83._.js:3127
[   82818ms] [ERROR] ./Desktop/I-Product/skillhub/src/app/[locale]/page.tsx:5:1
Module not found: Can't resolve '@/components/CrtTerminal'
  3 | import SkillGrid from "@/components/SkillGrid";
  4 | import RetroComputer from "@/components/RetroComputer";
> 5 | import CrtTerminal from "@/components/CrtTerminal";
    | ^^^^^^^^^^^^^^^^^^^^^^^^^^^^^^^^^^^^^^^^^^^^^^^^^^^
  6 | import { getAllSkills } from "@/lib/skills";
  7 | import { isValidLocale, type Locale } from "@/i18n/config";
  8 | import { getDictionary } from "@/i18n/get-dictionary";

Import map: aliased to relative './src/components/CrtTerminal' inside of [project]/Desktop/I-Product/skillhub

https://nextjs.org/docs/messages/module-not-found @ http://localhost:3000/_next/static/chunks/c2fc1_next_dist_03d21e83._.js:3127
[   82866ms] [ERROR] ./Desktop/I-Product/skillhub/src/app/[locale]/page.tsx:5:1
Module not found: Can't resolve '@/components/CrtTerminal'
  3 | import SkillGrid from "@/components/SkillGrid";
  4 | import RetroComputer from "@/components/RetroComputer";
> 5 | import CrtTerminal from "@/components/CrtTerminal";
    | ^^^^^^^^^^^^^^^^^^^^^^^^^^^^^^^^^^^^^^^^^^^^^^^^^^^
  6 | import { getAllSkills } from "@/lib/skills";
  7 | import { isValidLocale, type Locale } from "@/i18n/config";
  8 | import { getDictionary } from "@/i18n/get-dictionary";

Import map: aliased to relative './src/components/CrtTerminal' inside of [project]/Desktop/I-Product/skillhub

https://nextjs.org/docs/messages/module-not-found @ http://localhost:3000/_next/static/chunks/c2fc1_next_dist_03d21e83._.js:3127
[   82917ms] [ERROR] ./Desktop/I-Product/skillhub/src/app/[locale]/page.tsx:5:1
Module not found: Can't resolve '@/components/CrtTerminal'
  3 | import SkillGrid from "@/components/SkillGrid";
  4 | import RetroComputer from "@/components/RetroComputer";
> 5 | import CrtTerminal from "@/components/CrtTerminal";
    | ^^^^^^^^^^^^^^^^^^^^^^^^^^^^^^^^^^^^^^^^^^^^^^^^^^^
  6 | import { getAllSkills } from "@/lib/skills";
  7 | import { isValidLocale, type Locale } from "@/i18n/config";
  8 | import { getDictionary } from "@/i18n/get-dictionary";

Import map: aliased to relative './src/components/CrtTerminal' inside of [project]/Desktop/I-Product/skillhub

https://nextjs.org/docs/messages/module-not-found @ http://localhost:3000/_next/static/chunks/c2fc1_next_dist_03d21e83._.js:3127
[   82968ms] [ERROR] ./Desktop/I-Product/skillhub/src/app/[locale]/page.tsx:5:1
Module not found: Can't resolve '@/components/CrtTerminal'
  3 | import SkillGrid from "@/components/SkillGrid";
  4 | import RetroComputer from "@/components/RetroComputer";
> 5 | import CrtTerminal from "@/components/CrtTerminal";
    | ^^^^^^^^^^^^^^^^^^^^^^^^^^^^^^^^^^^^^^^^^^^^^^^^^^^
  6 | import { getAllSkills } from "@/lib/skills";
  7 | import { isValidLocale, type Locale } from "@/i18n/config";
  8 | import { getDictionary } from "@/i18n/get-dictionary";

Import map: aliased to relative './src/components/CrtTerminal' inside of [project]/Desktop/I-Product/skillhub

https://nextjs.org/docs/messages/module-not-found @ http://localhost:3000/_next/static/chunks/c2fc1_next_dist_03d21e83._.js:3127
[   83017ms] [ERROR] ./Desktop/I-Product/skillhub/src/app/[locale]/page.tsx:5:1
Module not found: Can't resolve '@/components/CrtTerminal'
  3 | import SkillGrid from "@/components/SkillGrid";
  4 | import RetroComputer from "@/components/RetroComputer";
> 5 | import CrtTerminal from "@/components/CrtTerminal";
    | ^^^^^^^^^^^^^^^^^^^^^^^^^^^^^^^^^^^^^^^^^^^^^^^^^^^
  6 | import { getAllSkills } from "@/lib/skills";
  7 | import { isValidLocale, type Locale } from "@/i18n/config";
  8 | import { getDictionary } from "@/i18n/get-dictionary";

Import map: aliased to relative './src/components/CrtTerminal' inside of [project]/Desktop/I-Product/skillhub

https://nextjs.org/docs/messages/module-not-found @ http://localhost:3000/_next/static/chunks/c2fc1_next_dist_03d21e83._.js:3127
[   83067ms] [ERROR] ./Desktop/I-Product/skillhub/src/app/[locale]/page.tsx:5:1
Module not found: Can't resolve '@/components/CrtTerminal'
  3 | import SkillGrid from "@/components/SkillGrid";
  4 | import RetroComputer from "@/components/RetroComputer";
> 5 | import CrtTerminal from "@/components/CrtTerminal";
    | ^^^^^^^^^^^^^^^^^^^^^^^^^^^^^^^^^^^^^^^^^^^^^^^^^^^
  6 | import { getAllSkills } from "@/lib/skills";
  7 | import { isValidLocale, type Locale } from "@/i18n/config";
  8 | import { getDictionary } from "@/i18n/get-dictionary";

Import map: aliased to relative './src/components/CrtTerminal' inside of [project]/Desktop/I-Product/skillhub

https://nextjs.org/docs/messages/module-not-found @ http://localhost:3000/_next/static/chunks/c2fc1_next_dist_03d21e83._.js:3127
[   83120ms] [ERROR] ./Desktop/I-Product/skillhub/src/app/[locale]/page.tsx:5:1
Module not found: Can't resolve '@/components/CrtTerminal'
  3 | import SkillGrid from "@/components/SkillGrid";
  4 | import RetroComputer from "@/components/RetroComputer";
> 5 | import CrtTerminal from "@/components/CrtTerminal";
    | ^^^^^^^^^^^^^^^^^^^^^^^^^^^^^^^^^^^^^^^^^^^^^^^^^^^
  6 | import { getAllSkills } from "@/lib/skills";
  7 | import { isValidLocale, type Locale } from "@/i18n/config";
  8 | import { getDictionary } from "@/i18n/get-dictionary";

Import map: aliased to relative './src/components/CrtTerminal' inside of [project]/Desktop/I-Product/skillhub

https://nextjs.org/docs/messages/module-not-found @ http://localhost:3000/_next/static/chunks/c2fc1_next_dist_03d21e83._.js:3127
[   83170ms] [ERROR] ./Desktop/I-Product/skillhub/src/app/[locale]/page.tsx:5:1
Module not found: Can't resolve '@/components/CrtTerminal'
  3 | import SkillGrid from "@/components/SkillGrid";
  4 | import RetroComputer from "@/components/RetroComputer";
> 5 | import CrtTerminal from "@/components/CrtTerminal";
    | ^^^^^^^^^^^^^^^^^^^^^^^^^^^^^^^^^^^^^^^^^^^^^^^^^^^
  6 | import { getAllSkills } from "@/lib/skills";
  7 | import { isValidLocale, type Locale } from "@/i18n/config";
  8 | import { getDictionary } from "@/i18n/get-dictionary";

Import map: aliased to relative './src/components/CrtTerminal' inside of [project]/Desktop/I-Product/skillhub

https://nextjs.org/docs/messages/module-not-found @ http://localhost:3000/_next/static/chunks/c2fc1_next_dist_03d21e83._.js:3127
[   83219ms] [ERROR] ./Desktop/I-Product/skillhub/src/app/[locale]/page.tsx:5:1
Module not found: Can't resolve '@/components/CrtTerminal'
  3 | import SkillGrid from "@/components/SkillGrid";
  4 | import RetroComputer from "@/components/RetroComputer";
> 5 | import CrtTerminal from "@/components/CrtTerminal";
    | ^^^^^^^^^^^^^^^^^^^^^^^^^^^^^^^^^^^^^^^^^^^^^^^^^^^
  6 | import { getAllSkills } from "@/lib/skills";
  7 | import { isValidLocale, type Locale } from "@/i18n/config";
  8 | import { getDictionary } from "@/i18n/get-dictionary";

Import map: aliased to relative './src/components/CrtTerminal' inside of [project]/Desktop/I-Product/skillhub

https://nextjs.org/docs/messages/module-not-found @ http://localhost:3000/_next/static/chunks/c2fc1_next_dist_03d21e83._.js:3127
[   83269ms] [ERROR] ./Desktop/I-Product/skillhub/src/app/[locale]/page.tsx:5:1
Module not found: Can't resolve '@/components/CrtTerminal'
  3 | import SkillGrid from "@/components/SkillGrid";
  4 | import RetroComputer from "@/components/RetroComputer";
> 5 | import CrtTerminal from "@/components/CrtTerminal";
    | ^^^^^^^^^^^^^^^^^^^^^^^^^^^^^^^^^^^^^^^^^^^^^^^^^^^
  6 | import { getAllSkills } from "@/lib/skills";
  7 | import { isValidLocale, type Locale } from "@/i18n/config";
  8 | import { getDictionary } from "@/i18n/get-dictionary";

Import map: aliased to relative './src/components/CrtTerminal' inside of [project]/Desktop/I-Product/skillhub

https://nextjs.org/docs/messages/module-not-found @ http://localhost:3000/_next/static/chunks/c2fc1_next_dist_03d21e83._.js:3127
[   83318ms] [ERROR] ./Desktop/I-Product/skillhub/src/app/[locale]/page.tsx:5:1
Module not found: Can't resolve '@/components/CrtTerminal'
  3 | import SkillGrid from "@/components/SkillGrid";
  4 | import RetroComputer from "@/components/RetroComputer";
> 5 | import CrtTerminal from "@/components/CrtTerminal";
    | ^^^^^^^^^^^^^^^^^^^^^^^^^^^^^^^^^^^^^^^^^^^^^^^^^^^
  6 | import { getAllSkills } from "@/lib/skills";
  7 | import { isValidLocale, type Locale } from "@/i18n/config";
  8 | import { getDictionary } from "@/i18n/get-dictionary";

Import map: aliased to relative './src/components/CrtTerminal' inside of [project]/Desktop/I-Product/skillhub

https://nextjs.org/docs/messages/module-not-found @ http://localhost:3000/_next/static/chunks/c2fc1_next_dist_03d21e83._.js:3127
[   83367ms] [ERROR] ./Desktop/I-Product/skillhub/src/app/[locale]/page.tsx:5:1
Module not found: Can't resolve '@/components/CrtTerminal'
  3 | import SkillGrid from "@/components/SkillGrid";
  4 | import RetroComputer from "@/components/RetroComputer";
> 5 | import CrtTerminal from "@/components/CrtTerminal";
    | ^^^^^^^^^^^^^^^^^^^^^^^^^^^^^^^^^^^^^^^^^^^^^^^^^^^
  6 | import { getAllSkills } from "@/lib/skills";
  7 | import { isValidLocale, type Locale } from "@/i18n/config";
  8 | import { getDictionary } from "@/i18n/get-dictionary";

Import map: aliased to relative './src/components/CrtTerminal' inside of [project]/Desktop/I-Product/skillhub

https://nextjs.org/docs/messages/module-not-found @ http://localhost:3000/_next/static/chunks/c2fc1_next_dist_03d21e83._.js:3127
[   83418ms] [ERROR] ./Desktop/I-Product/skillhub/src/app/[locale]/page.tsx:5:1
Module not found: Can't resolve '@/components/CrtTerminal'
  3 | import SkillGrid from "@/components/SkillGrid";
  4 | import RetroComputer from "@/components/RetroComputer";
> 5 | import CrtTerminal from "@/components/CrtTerminal";
    | ^^^^^^^^^^^^^^^^^^^^^^^^^^^^^^^^^^^^^^^^^^^^^^^^^^^
  6 | import { getAllSkills } from "@/lib/skills";
  7 | import { isValidLocale, type Locale } from "@/i18n/config";
  8 | import { getDictionary } from "@/i18n/get-dictionary";

Import map: aliased to relative './src/components/CrtTerminal' inside of [project]/Desktop/I-Product/skillhub

https://nextjs.org/docs/messages/module-not-found @ http://localhost:3000/_next/static/chunks/c2fc1_next_dist_03d21e83._.js:3127
[   83466ms] [ERROR] ./Desktop/I-Product/skillhub/src/app/[locale]/page.tsx:5:1
Module not found: Can't resolve '@/components/CrtTerminal'
  3 | import SkillGrid from "@/components/SkillGrid";
  4 | import RetroComputer from "@/components/RetroComputer";
> 5 | import CrtTerminal from "@/components/CrtTerminal";
    | ^^^^^^^^^^^^^^^^^^^^^^^^^^^^^^^^^^^^^^^^^^^^^^^^^^^
  6 | import { getAllSkills } from "@/lib/skills";
  7 | import { isValidLocale, type Locale } from "@/i18n/config";
  8 | import { getDictionary } from "@/i18n/get-dictionary";

Import map: aliased to relative './src/components/CrtTerminal' inside of [project]/Desktop/I-Product/skillhub

https://nextjs.org/docs/messages/module-not-found @ http://localhost:3000/_next/static/chunks/c2fc1_next_dist_03d21e83._.js:3127
[   83514ms] [ERROR] ./Desktop/I-Product/skillhub/src/app/[locale]/page.tsx:5:1
Module not found: Can't resolve '@/components/CrtTerminal'
  3 | import SkillGrid from "@/components/SkillGrid";
  4 | import RetroComputer from "@/components/RetroComputer";
> 5 | import CrtTerminal from "@/components/CrtTerminal";
    | ^^^^^^^^^^^^^^^^^^^^^^^^^^^^^^^^^^^^^^^^^^^^^^^^^^^
  6 | import { getAllSkills } from "@/lib/skills";
  7 | import { isValidLocale, type Locale } from "@/i18n/config";
  8 | import { getDictionary } from "@/i18n/get-dictionary";

Import map: aliased to relative './src/components/CrtTerminal' inside of [project]/Desktop/I-Product/skillhub

https://nextjs.org/docs/messages/module-not-found @ http://localhost:3000/_next/static/chunks/c2fc1_next_dist_03d21e83._.js:3127
[   83567ms] [ERROR] ./Desktop/I-Product/skillhub/src/app/[locale]/page.tsx:5:1
Module not found: Can't resolve '@/components/CrtTerminal'
  3 | import SkillGrid from "@/components/SkillGrid";
  4 | import RetroComputer from "@/components/RetroComputer";
> 5 | import CrtTerminal from "@/components/CrtTerminal";
    | ^^^^^^^^^^^^^^^^^^^^^^^^^^^^^^^^^^^^^^^^^^^^^^^^^^^
  6 | import { getAllSkills } from "@/lib/skills";
  7 | import { isValidLocale, type Locale } from "@/i18n/config";
  8 | import { getDictionary } from "@/i18n/get-dictionary";

Import map: aliased to relative './src/components/CrtTerminal' inside of [project]/Desktop/I-Product/skillhub

https://nextjs.org/docs/messages/module-not-found @ http://localhost:3000/_next/static/chunks/c2fc1_next_dist_03d21e83._.js:3127
[   83623ms] [ERROR] ./Desktop/I-Product/skillhub/src/app/[locale]/page.tsx:5:1
Module not found: Can't resolve '@/components/CrtTerminal'
  3 | import SkillGrid from "@/components/SkillGrid";
  4 | import RetroComputer from "@/components/RetroComputer";
> 5 | import CrtTerminal from "@/components/CrtTerminal";
    | ^^^^^^^^^^^^^^^^^^^^^^^^^^^^^^^^^^^^^^^^^^^^^^^^^^^
  6 | import { getAllSkills } from "@/lib/skills";
  7 | import { isValidLocale, type Locale } from "@/i18n/config";
  8 | import { getDictionary } from "@/i18n/get-dictionary";

Import map: aliased to relative './src/components/CrtTerminal' inside of [project]/Desktop/I-Product/skillhub

https://nextjs.org/docs/messages/module-not-found @ http://localhost:3000/_next/static/chunks/c2fc1_next_dist_03d21e83._.js:3127
[   83677ms] [ERROR] ./Desktop/I-Product/skillhub/src/app/[locale]/page.tsx:5:1
Module not found: Can't resolve '@/components/CrtTerminal'
  3 | import SkillGrid from "@/components/SkillGrid";
  4 | import RetroComputer from "@/components/RetroComputer";
> 5 | import CrtTerminal from "@/components/CrtTerminal";
    | ^^^^^^^^^^^^^^^^^^^^^^^^^^^^^^^^^^^^^^^^^^^^^^^^^^^
  6 | import { getAllSkills } from "@/lib/skills";
  7 | import { isValidLocale, type Locale } from "@/i18n/config";
  8 | import { getDictionary } from "@/i18n/get-dictionary";

Import map: aliased to relative './src/components/CrtTerminal' inside of [project]/Desktop/I-Product/skillhub

https://nextjs.org/docs/messages/module-not-found @ http://localhost:3000/_next/static/chunks/c2fc1_next_dist_03d21e83._.js:3127
[   83726ms] [ERROR] ./Desktop/I-Product/skillhub/src/app/[locale]/page.tsx:5:1
Module not found: Can't resolve '@/components/CrtTerminal'
  3 | import SkillGrid from "@/components/SkillGrid";
  4 | import RetroComputer from "@/components/RetroComputer";
> 5 | import CrtTerminal from "@/components/CrtTerminal";
    | ^^^^^^^^^^^^^^^^^^^^^^^^^^^^^^^^^^^^^^^^^^^^^^^^^^^
  6 | import { getAllSkills } from "@/lib/skills";
  7 | import { isValidLocale, type Locale } from "@/i18n/config";
  8 | import { getDictionary } from "@/i18n/get-dictionary";

Import map: aliased to relative './src/components/CrtTerminal' inside of [project]/Desktop/I-Product/skillhub

https://nextjs.org/docs/messages/module-not-found @ http://localhost:3000/_next/static/chunks/c2fc1_next_dist_03d21e83._.js:3127
[   83780ms] [ERROR] ./Desktop/I-Product/skillhub/src/app/[locale]/page.tsx:5:1
Module not found: Can't resolve '@/components/CrtTerminal'
  3 | import SkillGrid from "@/components/SkillGrid";
  4 | import RetroComputer from "@/components/RetroComputer";
> 5 | import CrtTerminal from "@/components/CrtTerminal";
    | ^^^^^^^^^^^^^^^^^^^^^^^^^^^^^^^^^^^^^^^^^^^^^^^^^^^
  6 | import { getAllSkills } from "@/lib/skills";
  7 | import { isValidLocale, type Locale } from "@/i18n/config";
  8 | import { getDictionary } from "@/i18n/get-dictionary";

Import map: aliased to relative './src/components/CrtTerminal' inside of [project]/Desktop/I-Product/skillhub

https://nextjs.org/docs/messages/module-not-found @ http://localhost:3000/_next/static/chunks/c2fc1_next_dist_03d21e83._.js:3127
[   83821ms] [ERROR] ./Desktop/I-Product/skillhub/src/app/[locale]/page.tsx:5:1
Module not found: Can't resolve '@/components/CrtTerminal'
  3 | import SkillGrid from "@/components/SkillGrid";
  4 | import RetroComputer from "@/components/RetroComputer";
> 5 | import CrtTerminal from "@/components/CrtTerminal";
    | ^^^^^^^^^^^^^^^^^^^^^^^^^^^^^^^^^^^^^^^^^^^^^^^^^^^
  6 | import { getAllSkills } from "@/lib/skills";
  7 | import { isValidLocale, type Locale } from "@/i18n/config";
  8 | import { getDictionary } from "@/i18n/get-dictionary";

Import map: aliased to relative './src/components/CrtTerminal' inside of [project]/Desktop/I-Product/skillhub

https://nextjs.org/docs/messages/module-not-found @ http://localhost:3000/_next/static/chunks/c2fc1_next_dist_03d21e83._.js:3127
[   83884ms] [ERROR] ./Desktop/I-Product/skillhub/src/app/[locale]/page.tsx:5:1
Module not found: Can't resolve '@/components/CrtTerminal'
  3 | import SkillGrid from "@/components/SkillGrid";
  4 | import RetroComputer from "@/components/RetroComputer";
> 5 | import CrtTerminal from "@/components/CrtTerminal";
    | ^^^^^^^^^^^^^^^^^^^^^^^^^^^^^^^^^^^^^^^^^^^^^^^^^^^
  6 | import { getAllSkills } from "@/lib/skills";
  7 | import { isValidLocale, type Locale } from "@/i18n/config";
  8 | import { getDictionary } from "@/i18n/get-dictionary";

Import map: aliased to relative './src/components/CrtTerminal' inside of [project]/Desktop/I-Product/skillhub

https://nextjs.org/docs/messages/module-not-found @ http://localhost:3000/_next/static/chunks/c2fc1_next_dist_03d21e83._.js:3127
[   83960ms] [ERROR] ./Desktop/I-Product/skillhub/src/app/[locale]/page.tsx:5:1
Module not found: Can't resolve '@/components/CrtTerminal'
  3 | import SkillGrid from "@/components/SkillGrid";
  4 | import RetroComputer from "@/components/RetroComputer";
> 5 | import CrtTerminal from "@/components/CrtTerminal";
    | ^^^^^^^^^^^^^^^^^^^^^^^^^^^^^^^^^^^^^^^^^^^^^^^^^^^
  6 | import { getAllSkills } from "@/lib/skills";
  7 | import { isValidLocale, type Locale } from "@/i18n/config";
  8 | import { getDictionary } from "@/i18n/get-dictionary";

Import map: aliased to relative './src/components/CrtTerminal' inside of [project]/Desktop/I-Product/skillhub

https://nextjs.org/docs/messages/module-not-found @ http://localhost:3000/_next/static/chunks/c2fc1_next_dist_03d21e83._.js:3127
[   84010ms] [ERROR] ./Desktop/I-Product/skillhub/src/app/[locale]/page.tsx:5:1
Module not found: Can't resolve '@/components/CrtTerminal'
  3 | import SkillGrid from "@/components/SkillGrid";
  4 | import RetroComputer from "@/components/RetroComputer";
> 5 | import CrtTerminal from "@/components/CrtTerminal";
    | ^^^^^^^^^^^^^^^^^^^^^^^^^^^^^^^^^^^^^^^^^^^^^^^^^^^
  6 | import { getAllSkills } from "@/lib/skills";
  7 | import { isValidLocale, type Locale } from "@/i18n/config";
  8 | import { getDictionary } from "@/i18n/get-dictionary";

Import map: aliased to relative './src/components/CrtTerminal' inside of [project]/Desktop/I-Product/skillhub

https://nextjs.org/docs/messages/module-not-found @ http://localhost:3000/_next/static/chunks/c2fc1_next_dist_03d21e83._.js:3127
[   84059ms] [ERROR] ./Desktop/I-Product/skillhub/src/app/[locale]/page.tsx:5:1
Module not found: Can't resolve '@/components/CrtTerminal'
  3 | import SkillGrid from "@/components/SkillGrid";
  4 | import RetroComputer from "@/components/RetroComputer";
> 5 | import CrtTerminal from "@/components/CrtTerminal";
    | ^^^^^^^^^^^^^^^^^^^^^^^^^^^^^^^^^^^^^^^^^^^^^^^^^^^
  6 | import { getAllSkills } from "@/lib/skills";
  7 | import { isValidLocale, type Locale } from "@/i18n/config";
  8 | import { getDictionary } from "@/i18n/get-dictionary";

Import map: aliased to relative './src/components/CrtTerminal' inside of [project]/Desktop/I-Product/skillhub

https://nextjs.org/docs/messages/module-not-found @ http://localhost:3000/_next/static/chunks/c2fc1_next_dist_03d21e83._.js:3127
[   84114ms] [ERROR] ./Desktop/I-Product/skillhub/src/app/[locale]/page.tsx:5:1
Module not found: Can't resolve '@/components/CrtTerminal'
  3 | import SkillGrid from "@/components/SkillGrid";
  4 | import RetroComputer from "@/components/RetroComputer";
> 5 | import CrtTerminal from "@/components/CrtTerminal";
    | ^^^^^^^^^^^^^^^^^^^^^^^^^^^^^^^^^^^^^^^^^^^^^^^^^^^
  6 | import { getAllSkills } from "@/lib/skills";
  7 | import { isValidLocale, type Locale } from "@/i18n/config";
  8 | import { getDictionary } from "@/i18n/get-dictionary";

Import map: aliased to relative './src/components/CrtTerminal' inside of [project]/Desktop/I-Product/skillhub

https://nextjs.org/docs/messages/module-not-found @ http://localhost:3000/_next/static/chunks/c2fc1_next_dist_03d21e83._.js:3127
[   84165ms] [ERROR] ./Desktop/I-Product/skillhub/src/app/[locale]/page.tsx:5:1
Module not found: Can't resolve '@/components/CrtTerminal'
  3 | import SkillGrid from "@/components/SkillGrid";
  4 | import RetroComputer from "@/components/RetroComputer";
> 5 | import CrtTerminal from "@/components/CrtTerminal";
    | ^^^^^^^^^^^^^^^^^^^^^^^^^^^^^^^^^^^^^^^^^^^^^^^^^^^
  6 | import { getAllSkills } from "@/lib/skills";
  7 | import { isValidLocale, type Locale } from "@/i18n/config";
  8 | import { getDictionary } from "@/i18n/get-dictionary";

Import map: aliased to relative './src/components/CrtTerminal' inside of [project]/Desktop/I-Product/skillhub

https://nextjs.org/docs/messages/module-not-found @ http://localhost:3000/_next/static/chunks/c2fc1_next_dist_03d21e83._.js:3127
[   84218ms] [ERROR] ./Desktop/I-Product/skillhub/src/app/[locale]/page.tsx:5:1
Module not found: Can't resolve '@/components/CrtTerminal'
  3 | import SkillGrid from "@/components/SkillGrid";
  4 | import RetroComputer from "@/components/RetroComputer";
> 5 | import CrtTerminal from "@/components/CrtTerminal";
    | ^^^^^^^^^^^^^^^^^^^^^^^^^^^^^^^^^^^^^^^^^^^^^^^^^^^
  6 | import { getAllSkills } from "@/lib/skills";
  7 | import { isValidLocale, type Locale } from "@/i18n/config";
  8 | import { getDictionary } from "@/i18n/get-dictionary";

Import map: aliased to relative './src/components/CrtTerminal' inside of [project]/Desktop/I-Product/skillhub

https://nextjs.org/docs/messages/module-not-found @ http://localhost:3000/_next/static/chunks/c2fc1_next_dist_03d21e83._.js:3127
[   84271ms] [ERROR] ./Desktop/I-Product/skillhub/src/app/[locale]/page.tsx:5:1
Module not found: Can't resolve '@/components/CrtTerminal'
  3 | import SkillGrid from "@/components/SkillGrid";
  4 | import RetroComputer from "@/components/RetroComputer";
> 5 | import CrtTerminal from "@/components/CrtTerminal";
    | ^^^^^^^^^^^^^^^^^^^^^^^^^^^^^^^^^^^^^^^^^^^^^^^^^^^
  6 | import { getAllSkills } from "@/lib/skills";
  7 | import { isValidLocale, type Locale } from "@/i18n/config";
  8 | import { getDictionary } from "@/i18n/get-dictionary";

Import map: aliased to relative './src/components/CrtTerminal' inside of [project]/Desktop/I-Product/skillhub

https://nextjs.org/docs/messages/module-not-found @ http://localhost:3000/_next/static/chunks/c2fc1_next_dist_03d21e83._.js:3127
[   84321ms] [ERROR] ./Desktop/I-Product/skillhub/src/app/[locale]/page.tsx:5:1
Module not found: Can't resolve '@/components/CrtTerminal'
  3 | import SkillGrid from "@/components/SkillGrid";
  4 | import RetroComputer from "@/components/RetroComputer";
> 5 | import CrtTerminal from "@/components/CrtTerminal";
    | ^^^^^^^^^^^^^^^^^^^^^^^^^^^^^^^^^^^^^^^^^^^^^^^^^^^
  6 | import { getAllSkills } from "@/lib/skills";
  7 | import { isValidLocale, type Locale } from "@/i18n/config";
  8 | import { getDictionary } from "@/i18n/get-dictionary";

Import map: aliased to relative './src/components/CrtTerminal' inside of [project]/Desktop/I-Product/skillhub

https://nextjs.org/docs/messages/module-not-found @ http://localhost:3000/_next/static/chunks/c2fc1_next_dist_03d21e83._.js:3127
[   84371ms] [ERROR] ./Desktop/I-Product/skillhub/src/app/[locale]/page.tsx:5:1
Module not found: Can't resolve '@/components/CrtTerminal'
  3 | import SkillGrid from "@/components/SkillGrid";
  4 | import RetroComputer from "@/components/RetroComputer";
> 5 | import CrtTerminal from "@/components/CrtTerminal";
    | ^^^^^^^^^^^^^^^^^^^^^^^^^^^^^^^^^^^^^^^^^^^^^^^^^^^
  6 | import { getAllSkills } from "@/lib/skills";
  7 | import { isValidLocale, type Locale } from "@/i18n/config";
  8 | import { getDictionary } from "@/i18n/get-dictionary";

Import map: aliased to relative './src/components/CrtTerminal' inside of [project]/Desktop/I-Product/skillhub

https://nextjs.org/docs/messages/module-not-found @ http://localhost:3000/_next/static/chunks/c2fc1_next_dist_03d21e83._.js:3127
[   84420ms] [ERROR] ./Desktop/I-Product/skillhub/src/app/[locale]/page.tsx:5:1
Module not found: Can't resolve '@/components/CrtTerminal'
  3 | import SkillGrid from "@/components/SkillGrid";
  4 | import RetroComputer from "@/components/RetroComputer";
> 5 | import CrtTerminal from "@/components/CrtTerminal";
    | ^^^^^^^^^^^^^^^^^^^^^^^^^^^^^^^^^^^^^^^^^^^^^^^^^^^
  6 | import { getAllSkills } from "@/lib/skills";
  7 | import { isValidLocale, type Locale } from "@/i18n/config";
  8 | import { getDictionary } from "@/i18n/get-dictionary";

Import map: aliased to relative './src/components/CrtTerminal' inside of [project]/Desktop/I-Product/skillhub

https://nextjs.org/docs/messages/module-not-found @ http://localhost:3000/_next/static/chunks/c2fc1_next_dist_03d21e83._.js:3127
[   84468ms] [ERROR] ./Desktop/I-Product/skillhub/src/app/[locale]/page.tsx:5:1
Module not found: Can't resolve '@/components/CrtTerminal'
  3 | import SkillGrid from "@/components/SkillGrid";
  4 | import RetroComputer from "@/components/RetroComputer";
> 5 | import CrtTerminal from "@/components/CrtTerminal";
    | ^^^^^^^^^^^^^^^^^^^^^^^^^^^^^^^^^^^^^^^^^^^^^^^^^^^
  6 | import { getAllSkills } from "@/lib/skills";
  7 | import { isValidLocale, type Locale } from "@/i18n/config";
  8 | import { getDictionary } from "@/i18n/get-dictionary";

Import map: aliased to relative './src/components/CrtTerminal' inside of [project]/Desktop/I-Product/skillhub

https://nextjs.org/docs/messages/module-not-found @ http://localhost:3000/_next/static/chunks/c2fc1_next_dist_03d21e83._.js:3127
[   84518ms] [ERROR] ./Desktop/I-Product/skillhub/src/app/[locale]/page.tsx:5:1
Module not found: Can't resolve '@/components/CrtTerminal'
  3 | import SkillGrid from "@/components/SkillGrid";
  4 | import RetroComputer from "@/components/RetroComputer";
> 5 | import CrtTerminal from "@/components/CrtTerminal";
    | ^^^^^^^^^^^^^^^^^^^^^^^^^^^^^^^^^^^^^^^^^^^^^^^^^^^
  6 | import { getAllSkills } from "@/lib/skills";
  7 | import { isValidLocale, type Locale } from "@/i18n/config";
  8 | import { getDictionary } from "@/i18n/get-dictionary";

Import map: aliased to relative './src/components/CrtTerminal' inside of [project]/Desktop/I-Product/skillhub

https://nextjs.org/docs/messages/module-not-found @ http://localhost:3000/_next/static/chunks/c2fc1_next_dist_03d21e83._.js:3127
[   84573ms] [ERROR] ./Desktop/I-Product/skillhub/src/app/[locale]/page.tsx:5:1
Module not found: Can't resolve '@/components/CrtTerminal'
  3 | import SkillGrid from "@/components/SkillGrid";
  4 | import RetroComputer from "@/components/RetroComputer";
> 5 | import CrtTerminal from "@/components/CrtTerminal";
    | ^^^^^^^^^^^^^^^^^^^^^^^^^^^^^^^^^^^^^^^^^^^^^^^^^^^
  6 | import { getAllSkills } from "@/lib/skills";
  7 | import { isValidLocale, type Locale } from "@/i18n/config";
  8 | import { getDictionary } from "@/i18n/get-dictionary";

Import map: aliased to relative './src/components/CrtTerminal' inside of [project]/Desktop/I-Product/skillhub

https://nextjs.org/docs/messages/module-not-found @ http://localhost:3000/_next/static/chunks/c2fc1_next_dist_03d21e83._.js:3127
[   84633ms] [ERROR] ./Desktop/I-Product/skillhub/src/app/[locale]/page.tsx:5:1
Module not found: Can't resolve '@/components/CrtTerminal'
  3 | import SkillGrid from "@/components/SkillGrid";
  4 | import RetroComputer from "@/components/RetroComputer";
> 5 | import CrtTerminal from "@/components/CrtTerminal";
    | ^^^^^^^^^^^^^^^^^^^^^^^^^^^^^^^^^^^^^^^^^^^^^^^^^^^
  6 | import { getAllSkills } from "@/lib/skills";
  7 | import { isValidLocale, type Locale } from "@/i18n/config";
  8 | import { getDictionary } from "@/i18n/get-dictionary";

Import map: aliased to relative './src/components/CrtTerminal' inside of [project]/Desktop/I-Product/skillhub

https://nextjs.org/docs/messages/module-not-found @ http://localhost:3000/_next/static/chunks/c2fc1_next_dist_03d21e83._.js:3127
[   84701ms] [ERROR] ./Desktop/I-Product/skillhub/src/app/[locale]/page.tsx:5:1
Module not found: Can't resolve '@/components/CrtTerminal'
  3 | import SkillGrid from "@/components/SkillGrid";
  4 | import RetroComputer from "@/components/RetroComputer";
> 5 | import CrtTerminal from "@/components/CrtTerminal";
    | ^^^^^^^^^^^^^^^^^^^^^^^^^^^^^^^^^^^^^^^^^^^^^^^^^^^
  6 | import { getAllSkills } from "@/lib/skills";
  7 | import { isValidLocale, type Locale } from "@/i18n/config";
  8 | import { getDictionary } from "@/i18n/get-dictionary";

Import map: aliased to relative './src/components/CrtTerminal' inside of [project]/Desktop/I-Product/skillhub

https://nextjs.org/docs/messages/module-not-found @ http://localhost:3000/_next/static/chunks/c2fc1_next_dist_03d21e83._.js:3127
[   84878ms] [WARNING] [HMR] Invalid message: {"isTrusted":true}
TypeError: Cannot convert undefined or null to object
    at Object.keys (<anonymous>)
    at extractModulesFromTurbopackMessage (http://localhost:3000/_next/static/chunks/c2fc1_next_dist_client_e8b6fe15._.js:11210:39)
    at TurbopackHmr.onTurbopackMessage (http://localhost:3000/_next/static/chunks/c2fc1_next_dist_client_e8b6fe15._.js:11157:32)
    at processMessage (http://localhost:3000/_next/static/chunks/c2fc1_next_dist_client_e8b6fe15._.js:11589:30)
    at WebSocket.handleMessage (http://localhost:3000/_next/static/chunks/c2fc1_next_dist_client_e8b6fe15._.js:10914:52) @ http://localhost:3000/_next/static/chunks/c2fc1_next_dist_03d21e83._.js:2297
